[Licensing::Module] Trying to connect to existing licensing client channel...
Built from '6000.5/staging' branch; Version is '6000.5.4f1 (d550df8bd089) revision 13979871'; Using compiler version '194234433'; Build Type 'Release'
[Licensing::IpcConnector] Successfully connected to: "LicenseClient-vany" at "2026-10-01T10:27:32.0016123Z"
OS: 'Windows 11  (10.0.26200) Professional' Language: 'ru' Physical Memory: 16108 MB
BatchMode: 1, IsHumanControllingUs: 0, StartBugReporterOnCrash: 0, Is64bit: 1
System  architecture: x64
Process architecture: x64
Date: 2026-10-01T10:27:32Z
[Licensing::Client] Code 10 while verifying Licensing Client signature (process Id: 7628, path: "D:/UNITY/UnityHub/Unity Hub/UnityLicensingClient_V1/Unity.Licensing.Client.exe")
[Licensing::Module] LicensingClient has failed validation; ignoring
[Licensing::Client] Handshaking with LicensingClient:
  Version:                 1.18.3+d7ffd15
  Session Id:              a823f321e0264ebf9b719d1eef22dcb5
  Correlation Id:          9e6508f7c797c9dae59ec0d61b91199b
  External correlation Id: 3540862257241502681
  Machine Id:              +LmYPC+2oN3U6DFsdUHdOP1mlqY=
[Licensing::Module] Successfully connected to LicensingClient on channel: "LicenseClient-vany" (connect: 0.00s, validation: 0.02s, handshake: 0.09s)
[Licensing::IpcConnector] Successfully connected to: "LicenseClient-vany-notifications" at "2026-10-01T10:27:32.1116189Z"
[Licensing::Module] Licensing Background thread has ended after 0.11s

COMMAND LINE ARGUMENTS:
D:\UNITY\Installs\6000.5.4f1\Editor\Unity.exe
-adb2
-batchMode
-noUpm
-name
AssetImportWorkerHW0
-projectPath
D:/UNITY/MyProjects/ari-tuner/AriTuner
-logFile
Logs/AssetImportWorkerHW0.log
-srvPort
5795
-parentPid
9288
-analyticsCloudUserId
anonymous
-analyticsLocalProjectId
f711fcf1dfdf59e438cd34b82550048a
-licensingIpc
LicenseClient-vany
-noDiagnosticSwitchPersistentStore
-job-worker-count
5
-background-job-worker-count
8
-asset-garbage-collectors
1
-force-d3d12
-name
AssetImport
Successfully changed project path to: D:/UNITY/MyProjects/ari-tuner/AriTuner
D:/UNITY/MyProjects/ari-tuner/AriTuner
[UnityMemory] Configuration Parameters - Can be set up in boot.config
    "memorysetup-temp-allocator-size-gi-baking-worker=262144"
    "memorysetup-temp-allocator-size-gi-baking-worker=262144"
    "memorysetup-temp-allocator-size-gi-baking-worker=262144"
    "memorysetup-temp-allocator-size-gi-baking-worker=262144"
    "memorysetup-temp-allocator-size-gi-baking-worker=262144"
    "memorysetup-temp-allocator-size-nav-mesh-worker=65536"
    "memorysetup-temp-allocator-size-audio-worker=65536"
    "memorysetup-temp-allocator-size-cloud-worker=32768"
    "memorysetup-temp-allocator-size-gfx=262144"
    "memorysetup-temp-allocator-size-preload-manager=33554432"
    "memorysetup-allocator-temp-initial-block-size-main=262144"
    "memorysetup-allocator-temp-initial-block-size-worker=262144"
    "memorysetup-temp-allocator-size-job-worker=262144"
    "memorysetup-temp-allocator-size-background-worker=32768"
    "memorysetup-bucket-allocator-granularity=16"
    "memorysetup-bucket-allocator-bucket-count=8"
    "memorysetup-bucket-allocator-block-size=33554432"
    "memorysetup-bucket-allocator-block-count=8"
    "memorysetup-main-allocator-block-size=16777216"
    "memorysetup-thread-allocator-block-size=16777216"
    "memorysetup-main-allocator-mimalloc-enabled=0"
    "memorysetup-gfx-main-allocator-block-size=16777216"
    "memorysetup-gfx-thread-allocator-block-size=16777216"
    "memorysetup-cache-allocator-block-size=4194304"
    "memorysetup-typetree-allocator-block-size=2097152"
    "memorysetup-profiler-bucket-allocator-granularity=16"
    "memorysetup-profiler-bucket-allocator-bucket-count=8"
    "memorysetup-profiler-bucket-allocator-block-size=33554432"
    "memorysetup-profiler-bucket-allocator-block-count=8"
    "memorysetup-profiler-allocator-block-size=16777216"
    "memorysetup-profiler-editor-allocator-block-size=1048576"
    "memorysetup-temp-allocator-size-main=16777216"
    "memorysetup-job-temp-allocator-block-size=2097152"
    "memorysetup-job-temp-allocator-block-size-background=1048576"
    "memorysetup-job-temp-allocator-reduction-small-platforms=262144"
Player connection [4724]  Target information:

Player connection [4724]  * "[IP] 172.22.131.175 [Port] 0 [Flags] 2 [Guid] 3358077007 [EditorId] 3358077007 [Version] 1048832 [Id] WindowsEditor(7,DESKTOP-IE2K1EE) [Debug] 1 [PackageName] WindowsEditor [ProjectName] Editor" 

Player connection [4724] Host joined multi-casting on [225.0.0.222:54997]...
Player connection [4724] Host joined alternative multi-casting on [225.0.0.222:34997]...
JobSystem: Creating JobQueue using job-worker-count value 5
Input System module state changed to: Initialized.
[Physics::Module] Initialized fallback backend.
[Physics::Module] Id: 0xdecafbad
Library Redirect Path: Library/
[Physics::Module] Selected backend.
[Physics::Module] Name: PhysX
[Physics::Module] Id: 0xf2b8ea05
[Physics::Module] SDK Version: 4.1.2
[Physics::Module] Integration Version: 1.0.0
[Physics::Module] Threading Mode: Multi-Threaded
Active build profile path: `Assets/Settings/Build Profiles/Android™.asset`
Got setting from build profile YAML, name `m_BuildSubtarget`, value `0`
[Licensing::Client] Successfully resolved entitlement details
[Licensing::Module] License group:
  Id: 10171394731915-UnityPersXXXX
  Product: Unity Personal
  Type: Assigned
  Expiration: Unlimited
Got setting from build profile YAML, name `m_BuildTarget`, value `13`
Got setting from build profile YAML, name `m_Subtarget`, value `0`
Refreshing native plugins compatible for Editor in 11.27 ms, found 5 plugins.
Initialize engine version: 6000.5.4f1 (d550df8bd089)
[Subsystems] Discovering subsystems at path D:/UNITY/Installs/6000.5.4f1/Editor/Data/Resources/UnitySubsystems
[Subsystems] Discovering subsystems at path D:/UNITY/MyProjects/ari-tuner/AriTuner/Assets
Forcing GfxDevice: Direct3D 12
GfxDevice: creating device client; kGfxThreadingModeNonThreaded
d3d12: failed to query info queue interface (0x80004002).
Direct3D:
    Version:         Direct3D 12 [level 12.1]
    Renderer:        Intel(R) UHD Graphics (ID=0xa7a8)
    Vendor:          Intel
    VRAM:            8054 MB
    App VRAM Budget: 7395 MB
    Driver:          31.0.101.4146
    Unified Memory Architecture
    Cache Coherent UMA
Got setting from build profile YAML, name `m_BuildSubtarget`, value `0`
Got setting from build profile YAML, name `m_BuildSubtarget`, value `0`
Got setting from build profile YAML, name `m_BuildSubtarget`, value `0`
Initialize mono
Mono path[0] = 'D:/UNITY/Installs/6000.5.4f1/Editor/Data/Managed'
Mono path[1] = 'D:/UNITY/Installs/6000.5.4f1/Editor/Data/BCLExtensions/runtime/netstandard2.1'
Mono path[2] = 'D:/UNITY/Installs/6000.5.4f1/Editor/Data/MonoBleedingEdge/lib/mono/unityjit-win32'
Mono config path = 'D:/UNITY/Installs/6000.5.4f1/Editor/Data/MonoBleedingEdge/etc'
Using monoOptions --debugger-agent=transport=dt_socket,embedding=1,server=y,suspend=n,address=127.0.0.1:56308
CodeReloadManager initialized
Got setting from build profile YAML, name `m_BuildSubtarget`, value `0`
Got setting from build profile YAML, name `m_BuildSubtarget`, value `0`
Begin MonoManager ReloadAssembly
Registering precompiled unity dll's ...
Register platform support module: D:/UNITY/Installs/6000.5.4f1/Editor/Data/PlaybackEngines/WindowsStandaloneSupport/UnityEditor.WindowsStandalone.Extensions.dll
[Licensing::Client] Successfully resolved entitlement details
Register platform support module: D:/UNITY/Installs/6000.5.4f1/Editor/Data/PlaybackEngines/MetroSupport/UnityEditor.UWP.Extensions.dll
Register platform support module: D:/UNITY/Installs/6000.5.4f1/Editor/Data/PlaybackEngines/AndroidPlayer/UnityEditor.Android.Extensions.dll
Registered in 0.005520 seconds.
Got setting from build profile YAML, name `m_BuildSubtarget`, value `0`
Got setting from build profile YAML, name `m_BuildSubtarget`, value `0`
Got setting from build profile YAML, name `m_BuildSubtarget`, value `0`
Got setting from build profile YAML, name `m_BuildSubtarget`, value `0`
Native extension for Android target not found
Native extension for UWP target not found
Native extension for WindowsStandalone target not found
Package Manager log level set to [2]
[Package Manager] Failed to launch server process. Reason: Unity was launched with the -noUpm command-line argument
[Package Manager] Unable to send message (not connected to server process).
[Package Manager] Cannot connect to Unity Package Manager local server
ScheduleIndexationOnStartup MainProcess:False IndexOnStartup:True
Mono: successfully reloaded assembly
- Finished resetting the current domain, in  0.463 seconds
Domain Reload Profiling: 1164ms
	BeginReloadAssembly (204ms)
	RebuildCommonClasses (11ms)
	RebuildNativeTypeToScriptingClass (18ms)
	initialDomainReloadingComplete (75ms)
	LoadAllAssembliesAndSetupDomain (390ms)
		LoadAssemblies (203ms)
		AnalyzeDomain (302ms)
			TypeCache.Refresh (301ms)
				TypeCache.ScanAssembly (285ms)
	FinalizeReload (466ms)
		SetupLoadedEditorAssemblies (0ms)
			InitializePlatformSupportModulesInManaged (10ms)
			BeforeProcessingInitializeOnLoad (117ms)
			ProcessInitializeOnLoadAttributes (112ms)
			ProcessInitializeOnLoadMethodAttributes (138ms)
Got setting from build profile YAML, name `m_BuildSubtarget`, value `0`
Got setting from build profile YAML, name `m_BuildSubtarget`, value `0`
Initializing Unity extensions:
[Licensing::Client] Successfully resolved entitlement details
Got setting from build profile YAML, name `m_BuildSubtarget`, value `0`
========================================================================
Worker process is ready to serve import requests
Import Worker Mode flag is 0x00
Got setting from build profile YAML, name `m_BuildSubtarget`, value `0`
Got setting from build profile YAML, name `m_BuildSubtarget`, value `0`
Got setting from build profile YAML, name `m_BuildSubtarget`, value `0`
Got setting from build profile YAML, name `m_BuildSubtarget`, value `0`
Got setting from build profile YAML, name `m_Development`, value `0`
Got setting from build profile YAML, name `m_BuildSubtarget`, value `0`
Got setting from build profile YAML, name `m_BuildSubtarget`, value `0`
Got setting from build profile YAML, name `m_BuildSubtarget`, value `0`
Begin MonoManager ReloadAssembly
Refreshing native plugins compatible for Editor in 7.10 ms, found 5 plugins.
Native extension for Android target not found
Native extension for UWP target not found
Native extension for WindowsStandalone target not found
[Package Manager] Failed to launch server process. Reason: Unity was launched with the -noUpm command-line argument
[Package Manager] Unable to send message (not connected to server process).
[Package Manager] Cannot connect to Unity Package Manager local server
Refreshing native plugins compatible for Editor in 9.45 ms, found 5 plugins.
[Package Manager] Failed to launch server process. Reason: Unity was launched with the -noUpm command-line argument
[Package Manager] Unable to send message (not connected to server process).
[Package Manager] Cannot connect to Unity Package Manager local server
ScheduleIndexationOnStartup MainProcess:False IndexOnStartup:True
Mono: successfully reloaded assembly
- Finished resetting the current domain, in  3.737 seconds
Domain Reload Profiling: 7563ms
	BeginReloadAssembly (720ms)
		DisableScriptedObjects (34ms)
		CreateAndSetChildDomain (122ms)
	RebuildCommonClasses (32ms)
	RebuildNativeTypeToScriptingClass (64ms)
	initialDomainReloadingComplete (191ms)
	LoadAllAssembliesAndSetupDomain (2817ms)
		LoadAssemblies (1631ms)
		AnalyzeDomain (1300ms)
			TypeCache.Refresh (848ms)
				TypeCache.ScanAssembly (773ms)
			BuildScriptInfoCaches (410ms)
			ResolveRequiredComponents (34ms)
	FinalizeReload (3739ms)
		SetupLoadedEditorAssemblies (0ms)
			InitializePlatformSupportModulesInManaged (44ms)
			BeforeProcessingInitializeOnLoad (342ms)
			ProcessInitializeOnLoadAttributes (1312ms)
			ProcessInitializeOnLoadMethodAttributes (1096ms)
			AfterProcessingInitializeOnLoad (6ms)
		AwakeInstancesAfterBackupRestoration (56ms)
AcceleratorClientConnectionCallback - disconnected - :0
Launched and connected shader compiler UnityShaderCompiler.exe after 0.01 seconds
Refreshing native plugins compatible for Editor in 9.30 ms, found 5 plugins.
Unloading 22 Unused Serialized files (Serialized files now loaded: 0)
Curl error 3: URL rejected: Malformed input to a URL function
Unloading 7160 unused Assets / (6.4 MB). Loaded Objects now: 8034.
Memory consumption went from 342.0 MB to 335.6 MB.
Total: 56.856100 ms (FindLiveObjects: 2.489500 ms CreateObjectMapping: 16.214400 ms MarkObjects: 24.524500 ms  DeleteObjects: 13.620900 ms)

========================================================================
Received Prepare
AcceleratorClientConnectionCallback - disconnected - :0
Refreshing native plugins compatible for Editor in 3.23 ms, found 5 plugins.
Unloading 22 Unused Serialized files (Serialized files now loaded: 0)
Unloading 22 unused Assets / (2.6 MB). Loaded Objects now: 8034.
Memory consumption went from 334.2 MB to 331.6 MB.
Total: 12.385400 ms (FindLiveObjects: 0.699000 ms CreateObjectMapping: 1.400400 ms MarkObjects: 9.732100 ms  DeleteObjects: 0.551500 ms)

Prepare: number of updated asset objects reloaded= 0
EnvironmentDependencyValues requested are different than current active one (requested -> active):
  graphicsApiMask: 2099200 -> 2361344
========================================================================
Received Import Request.
  Time of request: 2026-10-01T10:28:09.4315757Z
  Time since last request: 144732.40961870001047 seconds.
  importAddress: GUID: 575d9015d821c4d0181f251410b48ebf - Path: Packages/com.unity.device-simulator.devices/Tests/Editor/Assembly-CSharp-Editor-firstpass-testable.asmdef - Importer: ScriptedImporter/UnityEditor.QuickSearchModule:UnityEditor.Search:ASIAI0B
Importing 'GUID: 575d9015d821c4d0181f251410b48ebf - Path: Packages/com.unity.device-simulator.devices/Tests/Editor/Assembly-CSharp-Editor-firstpass-testable.asmdef - Importer: ScriptedImporter/UnityEditor.QuickSearchModule:UnityEditor.Search:ASIAI0B' with importer (ScriptedImporter : UnityEditor.QuickSearchModule:UnityEditor.Search:ASIAI0B)
Imported 'GUID: 575d9015d821c4d0181f251410b48ebf' -> (Import Result ID: '03ab5beb98c3c09e1e3cb807437e39dc') in 0.095 seconds [static and dynamic dependencies]. Details - ImportResultOutputID=421ce858b2f6fa4d0d6c3cf8afbaa6af DependenciesID=82712ad995ebd3375bf5bd7c2ece5912 StaticDependenciesID=14e48c4e936252b5d9dee27442bfd0f7 
Number of updated asset objects reloaded before import = 0
Number of asset objects unloaded after import = 1
========================================================================
Received Import Request.
  Time of request: 2026-10-01T10:28:09.5632111Z
  Time since last request: 0.0108658 seconds.
  importAddress: GUID: b4c6e9a258efe48e8b12a376f6183f33 - Path: Packages/com.unity.device-simulator.devices/Editor/Devices/Asus ROG Phone.device - Importer: ScriptedImporter/UnityEditor.QuickSearchModule:UnityEditor.Search:ASIAI0B
Importing 'GUID: b4c6e9a258efe48e8b12a376f6183f33 - Path: Packages/com.unity.device-simulator.devices/Editor/Devices/Asus ROG Phone.device - Importer: ScriptedImporter/UnityEditor.QuickSearchModule:UnityEditor.Search:ASIAI0B' with importer (ScriptedImporter : UnityEditor.QuickSearchModule:UnityEditor.Search:ASIAI0B)
Imported 'GUID: b4c6e9a258efe48e8b12a376f6183f33' -> (Import Result ID: '36c41ee516196c97b55ccbae5ec3327b') in 0.065 seconds [static and dynamic dependencies]. Details - ImportResultOutputID=5714899a87ad970f1dfad02bc088253a DependenciesID=fb0a71648aa4a1253c53e5677e47b213 StaticDependenciesID=d79aaff730d349ac1d911b6ec1b6da64 
Number of updated asset objects reloaded before import = 0
Number of asset objects unloaded after import = 1
========================================================================
Received Import Request.
  Time of request: 2026-10-01T10:28:09.6577154Z
  Time since last request: 0.0003953 seconds.
  importAddress: GUID: 4abd0fc05f3664f5b893989c5286bd95 - Path: Packages/com.unity.device-simulator.devices/Editor/Devices/DeviceOverlays/HTC One M9_Overlay.png - Importer: ScriptedImporter/UnityEditor.QuickSearchModule:UnityEditor.Search:ASIAI0B
Importing 'GUID: 4abd0fc05f3664f5b893989c5286bd95 - Path: Packages/com.unity.device-simulator.devices/Editor/Devices/DeviceOverlays/HTC One M9_Overlay.png - Importer: ScriptedImporter/UnityEditor.QuickSearchModule:UnityEditor.Search:ASIAI0B' with importer (ScriptedImporter : UnityEditor.QuickSearchModule:UnityEditor.Search:ASIAI0B)
Imported 'GUID: 4abd0fc05f3664f5b893989c5286bd95' -> (Import Result ID: '3af6cc94e6272386e2db8d1c3cc9525d') in 0.089 seconds [static and dynamic dependencies]. Details - ImportResultOutputID=89dea9fcfe38490b20599aa21373a8ee DependenciesID=606ed4d5c8d23382d723c1301868626d StaticDependenciesID=80ada08dcc8305e62f9d53015c1a02f0 
Number of updated asset objects reloaded before import = 0
Number of asset objects unloaded after import = 1
========================================================================
Received Import Request.
  Time of request: 2026-10-01T10:28:09.763926Z
  Time since last request: 0.0008062 seconds.
  importAddress: GUID: 845ec2b01ab7e43749e968054f574239 - Path: Packages/com.unity.device-simulator.devices/Editor/Devices/Xiaomi Redmi Note 3.device - Importer: ScriptedImporter/UnityEditor.QuickSearchModule:UnityEditor.Search:ASIAI0B
Importing 'GUID: 845ec2b01ab7e43749e968054f574239 - Path: Packages/com.unity.device-simulator.devices/Editor/Devices/Xiaomi Redmi Note 3.device - Importer: ScriptedImporter/UnityEditor.QuickSearchModule:UnityEditor.Search:ASIAI0B' with importer (ScriptedImporter : UnityEditor.QuickSearchModule:UnityEditor.Search:ASIAI0B)
Imported 'GUID: 845ec2b01ab7e43749e968054f574239' -> (Import Result ID: '50387d40d1dee4c4daa8fae78fef0914') in 0.008 seconds [static and dynamic dependencies]. Details - ImportResultOutputID=972287e730d29efc4711ef4a73cb16db DependenciesID=6dc835cc26db4b7d582bdc61b90fe0af StaticDependenciesID=92d3336c083e1a6e73b3728d57f7bf8f 
Number of updated asset objects reloaded before import = 0
Number of asset objects unloaded after import = 1
========================================================================
Received Import Request.
  Time of request: 2026-10-01T10:28:09.7879713Z
  Time since last request: 0.0005203 seconds.
  importAddress: GUID: aa6c85b2ce84c0fda20b3c795bd55cc7 - Path: Packages/com.unity.device-simulator.devices - Importer: ScriptedImporter/UnityEditor.QuickSearchModule:UnityEditor.Search:ASIAI0B
Importing 'GUID: aa6c85b2ce84c0fda20b3c795bd55cc7 - Path: Packages/com.unity.device-simulator.devices - Importer: ScriptedImporter/UnityEditor.QuickSearchModule:UnityEditor.Search:ASIAI0B' with importer (ScriptedImporter : UnityEditor.QuickSearchModule:UnityEditor.Search:ASIAI0B)
Imported 'GUID: aa6c85b2ce84c0fda20b3c795bd55cc7' -> (Import Result ID: 'c3a5e3a2d565b393431b0d934493f622') in 0.007 seconds [static and dynamic dependencies]. Details - ImportResultOutputID=56cbb417c5870848cf8edda442f5962a DependenciesID=0b82d2815a3972eb0abfd8e59e6f2abe StaticDependenciesID=eebaf9c30b03f35a35ce0692871eb7db 
Number of updated asset objects reloaded before import = 0
Number of asset objects unloaded after import = 1
========================================================================
Received Import Request.
  Time of request: 2026-10-01T10:28:09.8137813Z
  Time since last request: 0.0001745 seconds.
  importAddress: GUID: 8b7c5e75b9f474952a4a0abd63f67405 - Path: Packages/com.unity.device-simulator.devices/Editor/Devices/Apple iPhone 8.device - Importer: ScriptedImporter/UnityEditor.QuickSearchModule:UnityEditor.Search:ASIAI0B
Importing 'GUID: 8b7c5e75b9f474952a4a0abd63f67405 - Path: Packages/com.unity.device-simulator.devices/Editor/Devices/Apple iPhone 8.device - Importer: ScriptedImporter/UnityEditor.QuickSearchModule:UnityEditor.Search:ASIAI0B' with importer (ScriptedImporter : UnityEditor.QuickSearchModule:UnityEditor.Search:ASIAI0B)
Imported 'GUID: 8b7c5e75b9f474952a4a0abd63f67405' -> (Import Result ID: '31e8c82224ce33e8c3aa72c492d8c583') in 0.006 seconds [static and dynamic dependencies]. Details - ImportResultOutputID=f5b66893843bdf0c469def27dff587e8 DependenciesID=b0f7e32d8d46241f17cc5e374643d0a4 StaticDependenciesID=c621fe9b9d27c6afaf9b934b42d2ad6a 
Number of updated asset objects reloaded before import = 0
Number of asset objects unloaded after import = 1
========================================================================
Received Import Request.
  Time of request: 2026-10-01T10:28:09.8473775Z
  Time since last request: 0.0004439 seconds.
  importAddress: GUID: ec0e8ab2571de416b8d3d5e9ee87e8eb - Path: Packages/com.unity.device-simulator.devices/Editor/Devices/HTC One M9.device - Importer: ScriptedImporter/UnityEditor.QuickSearchModule:UnityEditor.Search:ASIAI0B
Importing 'GUID: ec0e8ab2571de416b8d3d5e9ee87e8eb - Path: Packages/com.unity.device-simulator.devices/Editor/Devices/HTC One M9.device - Importer: ScriptedImporter/UnityEditor.QuickSearchModule:UnityEditor.Search:ASIAI0B' with importer (ScriptedImporter : UnityEditor.QuickSearchModule:UnityEditor.Search:ASIAI0B)
Imported 'GUID: ec0e8ab2571de416b8d3d5e9ee87e8eb' -> (Import Result ID: 'ba6b4f3a70f6bf8983158b4518c3ce37') in 0.007 seconds [static and dynamic dependencies]. Details - ImportResultOutputID=c0f1139a5c266c630c2e318238a484d5 DependenciesID=2f8569c14b66e5c8b6f3e4945f82b470 StaticDependenciesID=fd357057ad2605e74e0eaa1c385516fe 
Number of updated asset objects reloaded before import = 0
Number of asset objects unloaded after import = 1
========================================================================
Received Import Request.
  Time of request: 2026-10-01T10:28:09.8726999Z
  Time since last request: 0.0004179 seconds.
  importAddress: GUID: cb9247490806e439fa4d25ea83a1d354 - Path: Packages/com.unity.device-simulator.devices/Editor/Devices/Xiaomi Mi A3.device - Importer: ScriptedImporter/UnityEditor.QuickSearchModule:UnityEditor.Search:ASIAI0B
Importing 'GUID: cb9247490806e439fa4d25ea83a1d354 - Path: Packages/com.unity.device-simulator.devices/Editor/Devices/Xiaomi Mi A3.device - Importer: ScriptedImporter/UnityEditor.QuickSearchModule:UnityEditor.Search:ASIAI0B' with importer (ScriptedImporter : UnityEditor.QuickSearchModule:UnityEditor.Search:ASIAI0B)
Imported 'GUID: cb9247490806e439fa4d25ea83a1d354' -> (Import Result ID: 'c29e80ffb1badeb367d39befecfa031d') in 0.006 seconds [static and dynamic dependencies]. Details - ImportResultOutputID=d400e59ca3efc2e1fa3bfdd38b8372ea DependenciesID=93611e6e7612913a43ea250c9bbc819e StaticDependenciesID=f7fae1f3dde3c5b8d456bbe0b1465ee8 
Number of updated asset objects reloaded before import = 0
Number of asset objects unloaded after import = 1
========================================================================
Received Import Request.
  Time of request: 2026-10-01T10:28:09.8963991Z
  Time since last request: 0.0004709 seconds.
  importAddress: GUID: 7910135adbaf34a05999e23b1d22c7c1 - Path: Packages/com.unity.device-simulator.devices/Editor/Devices/DeviceOverlays/Apple iPad Pro 12.9 (2018)_Overlay.png - Importer: ScriptedImporter/UnityEditor.QuickSearchModule:UnityEditor.Search:ASIAI0B
Importing 'GUID: 7910135adbaf34a05999e23b1d22c7c1 - Path: Packages/com.unity.device-simulator.devices/Editor/Devices/DeviceOverlays/Apple iPad Pro 12.9 (2018)_Overlay.png - Importer: ScriptedImporter/UnityEditor.QuickSearchModule:UnityEditor.Search:ASIAI0B' with importer (ScriptedImporter : UnityEditor.QuickSearchModule:UnityEditor.Search:ASIAI0B)
Imported 'GUID: 7910135adbaf34a05999e23b1d22c7c1' -> (Import Result ID: 'de07582010910d9917f95a0f4e8e29da') in 0.061 seconds [static and dynamic dependencies]. Details - ImportResultOutputID=3961fec17c5f2bc1b90f64d6165dda5c DependenciesID=80373eefb8ed2e04864c59e316b6d14c StaticDependenciesID=64832c67145f32231cb55e1cfc9a18c6 
Number of updated asset objects reloaded before import = 0
Number of asset objects unloaded after import = 1
========================================================================
Received Import Request.
  Time of request: 2026-10-01T10:28:09.9742513Z
  Time since last request: 0.0004414 seconds.
  importAddress: GUID: 2b9ebc7d3827146f0966639a625d19cd - Path: Packages/com.unity.device-simulator.devices/Editor/Devices/Samsung Galaxy Note9.device - Importer: ScriptedImporter/UnityEditor.QuickSearchModule:UnityEditor.Search:ASIAI0B
Importing 'GUID: 2b9ebc7d3827146f0966639a625d19cd - Path: Packages/com.unity.device-simulator.devices/Editor/Devices/Samsung Galaxy Note9.device - Importer: ScriptedImporter/UnityEditor.QuickSearchModule:UnityEditor.Search:ASIAI0B' with importer (ScriptedImporter : UnityEditor.QuickSearchModule:UnityEditor.Search:ASIAI0B)
Imported 'GUID: 2b9ebc7d3827146f0966639a625d19cd' -> (Import Result ID: 'dd8a04b6d785da5c105343dc1d5a0542') in 0.010 seconds [static and dynamic dependencies]. Details - ImportResultOutputID=828e2081f3729069fb189092083e5e68 DependenciesID=a3d2b4ba66540a484511631f801d2058 StaticDependenciesID=f2fea2906433d75ff6da4e1bdebba5ec 
Number of updated asset objects reloaded before import = 0
Number of asset objects unloaded after import = 1
========================================================================
Received Import Request.
  Time of request: 2026-10-01T10:28:10.0001891Z
  Time since last request: 0.0003272 seconds.
  importAddress: GUID: d10d8b4413df24461a5b490404649b85 - Path: Packages/com.unity.device-simulator.devices/Editor/Devices/DeviceOverlays/Samsung Galaxy J7 (2017)_Overlay.png - Importer: ScriptedImporter/UnityEditor.QuickSearchModule:UnityEditor.Search:ASIAI0B
Importing 'GUID: d10d8b4413df24461a5b490404649b85 - Path: Packages/com.unity.device-simulator.devices/Editor/Devices/DeviceOverlays/Samsung Galaxy J7 (2017)_Overlay.png - Importer: ScriptedImporter/UnityEditor.QuickSearchModule:UnityEditor.Search:ASIAI0B' with importer (ScriptedImporter : UnityEditor.QuickSearchModule:UnityEditor.Search:ASIAI0B)
Imported 'GUID: d10d8b4413df24461a5b490404649b85' -> (Import Result ID: 'ec5c3cbe4f95f514c9d2c886d746bab1') in 0.047 seconds [static and dynamic dependencies]. Details - ImportResultOutputID=0ecc85994d1c16949108cf4a4ae31ea5 DependenciesID=2d540de5028319115a005adbeb3f992f StaticDependenciesID=8f3bfbddb1182a747af353e6c5b39189 
Number of updated asset objects reloaded before import = 0
Number of asset objects unloaded after import = 1
========================================================================
Received Import Request.
  Time of request: 2026-10-01T10:28:10.0684111Z
  Time since last request: 0.0003432 seconds.
  importAddress: GUID: d9a02242c35394825bf5f5ee7e39813f - Path: Packages/com.unity.device-simulator.devices/Editor/Devices/Apple iPad (5th generation).device - Importer: ScriptedImporter/UnityEditor.QuickSearchModule:UnityEditor.Search:ASIAI0B
Importing 'GUID: d9a02242c35394825bf5f5ee7e39813f - Path: Packages/com.unity.device-simulator.devices/Editor/Devices/Apple iPad (5th generation).device - Importer: ScriptedImporter/UnityEditor.QuickSearchModule:UnityEditor.Search:ASIAI0B' with importer (ScriptedImporter : UnityEditor.QuickSearchModule:UnityEditor.Search:ASIAI0B)
Imported 'GUID: d9a02242c35394825bf5f5ee7e39813f' -> (Import Result ID: 'a0ed7c8cef8fed73e450f3a9a909e112') in 0.006 seconds [static and dynamic dependencies]. Details - ImportResultOutputID=e723b76fdfd22834de252884707ed7b8 DependenciesID=a08fb0685a314c66a9170dfd9b06cf82 StaticDependenciesID=54b59191907d86a36709dee2fc45c662 
Number of updated asset objects reloaded before import = 0
Number of asset objects unloaded after import = 1
========================================================================
Received Import Request.
  Time of request: 2026-10-01T10:28:10.0893632Z
  Time since last request: 0.0005953 seconds.
  importAddress: GUID: 5e6da2603174c40b280ce5494ceb536f - Path: Packages/com.unity.device-simulator.devices/Editor/Devices/Apple iPhone XS.device - Importer: ScriptedImporter/UnityEditor.QuickSearchModule:UnityEditor.Search:ASIAI0B
Importing 'GUID: 5e6da2603174c40b280ce5494ceb536f - Path: Packages/com.unity.device-simulator.devices/Editor/Devices/Apple iPhone XS.device - Importer: ScriptedImporter/UnityEditor.QuickSearchModule:UnityEditor.Search:ASIAI0B' with importer (ScriptedImporter : UnityEditor.QuickSearchModule:UnityEditor.Search:ASIAI0B)
Imported 'GUID: 5e6da2603174c40b280ce5494ceb536f' -> (Import Result ID: '3d09142729d85d46f0d65355c4c1ce15') in 0.005 seconds [static and dynamic dependencies]. Details - ImportResultOutputID=2c29b7797c0fe2aa63de89a6db721848 DependenciesID=bb7cb8153591d31a9e7b768a9a225ec0 StaticDependenciesID=db3187c8c44ec8c0a0d776167c8c8ba8 
Number of updated asset objects reloaded before import = 0
Number of asset objects unloaded after import = 1
========================================================================
Received Import Request.
  Time of request: 2026-10-01T10:28:10.1078422Z
  Time since last request: 0.0003066 seconds.
  importAddress: GUID: 8bddd8be582b14037ad9cf4a8e07ed9d - Path: Packages/com.unity.device-simulator.devices/Editor/Devices/DeviceOverlays/Apple iPhone 12_Overlay.png - Importer: ScriptedImporter/UnityEditor.QuickSearchModule:UnityEditor.Search:ASIAI0B
Importing 'GUID: 8bddd8be582b14037ad9cf4a8e07ed9d - Path: Packages/com.unity.device-simulator.devices/Editor/Devices/DeviceOverlays/Apple iPhone 12_Overlay.png - Importer: ScriptedImporter/UnityEditor.QuickSearchModule:UnityEditor.Search:ASIAI0B' with importer (ScriptedImporter : UnityEditor.QuickSearchModule:UnityEditor.Search:ASIAI0B)
Imported 'GUID: 8bddd8be582b14037ad9cf4a8e07ed9d' -> (Import Result ID: '25b8e491bd826406532cdfc6216b1447') in 0.039 seconds [static and dynamic dependencies]. Details - ImportResultOutputID=b4ccc6e84f627a1367872d6979e2bb53 DependenciesID=0e77eec205c20de7ff783df0b5cf8772 StaticDependenciesID=deae0887e1fcb1631922447ed7d7755e 
Number of updated asset objects reloaded before import = 0
Number of asset objects unloaded after import = 1
========================================================================
Received Import Request.
  Time of request: 2026-10-01T10:28:10.1637681Z
  Time since last request: 0.0006669 seconds.
  importAddress: GUID: 68de31656371b429fa82b5effba01ffc - Path: Packages/com.unity.device-simulator.devices/Editor/Devices/Samsung Galaxy Note10+ 5G.device - Importer: ScriptedImporter/UnityEditor.QuickSearchModule:UnityEditor.Search:ASIAI0B
Importing 'GUID: 68de31656371b429fa82b5effba01ffc - Path: Packages/com.unity.device-simulator.devices/Editor/Devices/Samsung Galaxy Note10+ 5G.device - Importer: ScriptedImporter/UnityEditor.QuickSearchModule:UnityEditor.Search:ASIAI0B' with importer (ScriptedImporter : UnityEditor.QuickSearchModule:UnityEditor.Search:ASIAI0B)
Imported 'GUID: 68de31656371b429fa82b5effba01ffc' -> (Import Result ID: '82222f9624a819d8429c9807736cc253') in 0.004 seconds [static and dynamic dependencies]. Details - ImportResultOutputID=84f707b479373fa4aa903ea9b98ef9dd DependenciesID=57e16fcd3d8383dafc965b27a46b4583 StaticDependenciesID=8e60cb6b3a9a59e178c750af8567d9ec 
Number of updated asset objects reloaded before import = 0
Number of asset objects unloaded after import = 1
========================================================================
Received Import Request.
  Time of request: 2026-10-01T10:28:10.183127Z
  Time since last request: 0.0003281 seconds.
  importAddress: GUID: 75cf077abf7aa48a79731d70f1aabd63 - Path: Packages/com.unity.device-simulator.devices/Editor/Devices/Samsung Galaxy Note10.device - Importer: ScriptedImporter/UnityEditor.QuickSearchModule:UnityEditor.Search:ASIAI0B
Importing 'GUID: 75cf077abf7aa48a79731d70f1aabd63 - Path: Packages/com.unity.device-simulator.devices/Editor/Devices/Samsung Galaxy Note10.device - Importer: ScriptedImporter/UnityEditor.QuickSearchModule:UnityEditor.Search:ASIAI0B' with importer (ScriptedImporter : UnityEditor.QuickSearchModule:UnityEditor.Search:ASIAI0B)
Imported 'GUID: 75cf077abf7aa48a79731d70f1aabd63' -> (Import Result ID: '808f5d9ec77803ba721090fb4f604a89') in 0.052 seconds [static and dynamic dependencies]. Details - ImportResultOutputID=bb69ba5801bc547b203b69a3462a7bc2 DependenciesID=e4b96ac37d4bd4b64ad9971842d2cccd StaticDependenciesID=6f85c153abb50ddd91c132db089b1f64 
Number of updated asset objects reloaded before import = 0
Number of asset objects unloaded after import = 1
========================================================================
Received Import Request.
  Time of request: 2026-10-01T10:28:10.2513598Z
  Time since last request: 0.0004343 seconds.
  importAddress: GUID: a5f31d40fec59460b94dcd1736c31329 - Path: Packages/com.unity.device-simulator.devices/Editor/Devices/DeviceOverlays - Importer: ScriptedImporter/UnityEditor.QuickSearchModule:UnityEditor.Search:ASIAI0B
Importing 'GUID: a5f31d40fec59460b94dcd1736c31329 - Path: Packages/com.unity.device-simulator.devices/Editor/Devices/DeviceOverlays - Importer: ScriptedImporter/UnityEditor.QuickSearchModule:UnityEditor.Search:ASIAI0B' with importer (ScriptedImporter : UnityEditor.QuickSearchModule:UnityEditor.Search:ASIAI0B)
Imported 'GUID: a5f31d40fec59460b94dcd1736c31329' -> (Import Result ID: 'e67106da0a7d043dfb07efaa7c4817b5') in 0.004 seconds [static and dynamic dependencies]. Details - ImportResultOutputID=e38e3777396a1c291d4d4ed5e09c247c DependenciesID=375fb8bfd15dc57138e2ebef317d1b05 StaticDependenciesID=892e4b14680adadb8d031e4566a86a0c 
Number of updated asset objects reloaded before import = 0
Number of asset objects unloaded after import = 1
========================================================================
Received Import Request.
  Time of request: 2026-10-01T10:28:10.2694681Z
  Time since last request: 0.0005283 seconds.
  importAddress: GUID: 3eca9b247201042d49ab48aa77c7771a - Path: Packages/com.unity.device-simulator.devices/Editor/Devices/Motorola Moto E.device - Importer: ScriptedImporter/UnityEditor.QuickSearchModule:UnityEditor.Search:ASIAI0B
Importing 'GUID: 3eca9b247201042d49ab48aa77c7771a - Path: Packages/com.unity.device-simulator.devices/Editor/Devices/Motorola Moto E.device - Importer: ScriptedImporter/UnityEditor.QuickSearchModule:UnityEditor.Search:ASIAI0B' with importer (ScriptedImporter : UnityEditor.QuickSearchModule:UnityEditor.Search:ASIAI0B)
Imported 'GUID: 3eca9b247201042d49ab48aa77c7771a' -> (Import Result ID: 'ca4b2c590e7595225fccd9c7791c68b4') in 0.006 seconds [static and dynamic dependencies]. Details - ImportResultOutputID=e1597aa2d43b32c5a96e789e039fa1bb DependenciesID=ae8f2c3a3e9cb2ab776c5fc5a0726cb0 StaticDependenciesID=248dcf95ad896cbdd034258a96df7704 
Number of updated asset objects reloaded before import = 0
Number of asset objects unloaded after import = 1
========================================================================
Received Import Request.
  Time of request: 2026-10-01T10:28:10.2897424Z
  Time since last request: 0.000944 seconds.
  importAddress: GUID: 77fd32b71c3604560b69dc45c4d11de6 - Path: Packages/com.unity.device-simulator.devices/Editor/Devices/DeviceOverlays/Lenovo Phab2 Pro_Overlay.png - Importer: ScriptedImporter/UnityEditor.QuickSearchModule:UnityEditor.Search:ASIAI0B
Importing 'GUID: 77fd32b71c3604560b69dc45c4d11de6 - Path: Packages/com.unity.device-simulator.devices/Editor/Devices/DeviceOverlays/Lenovo Phab2 Pro_Overlay.png - Importer: ScriptedImporter/UnityEditor.QuickSearchModule:UnityEditor.Search:ASIAI0B' with importer (ScriptedImporter : UnityEditor.QuickSearchModule:UnityEditor.Search:ASIAI0B)
Imported 'GUID: 77fd32b71c3604560b69dc45c4d11de6' -> (Import Result ID: 'aa82e1a2b6cfcf2f55fd840f1b096973') in 0.028 seconds [static and dynamic dependencies]. Details - ImportResultOutputID=bfc136a42de6211f7c71f502b62b341d DependenciesID=1dc80bb2a21d59f5b4c3d322f0fa996e StaticDependenciesID=90ed76876f84753f053357b252ed339d 
Number of updated asset objects reloaded before import = 0
Number of asset objects unloaded after import = 1
========================================================================
Received Import Request.
  Time of request: 2026-10-01T10:28:10.3314334Z
  Time since last request: 0.0005208 seconds.
  importAddress: GUID: a0b613a0c873845eb8237c9a8c9722b6 - Path: Packages/com.unity.device-simulator.devices/Editor/Devices/Apple iPhone 13 Pro Max.device - Importer: ScriptedImporter/UnityEditor.QuickSearchModule:UnityEditor.Search:ASIAI0B
Importing 'GUID: a0b613a0c873845eb8237c9a8c9722b6 - Path: Packages/com.unity.device-simulator.devices/Editor/Devices/Apple iPhone 13 Pro Max.device - Importer: ScriptedImporter/UnityEditor.QuickSearchModule:UnityEditor.Search:ASIAI0B' with importer (ScriptedImporter : UnityEditor.QuickSearchModule:UnityEditor.Search:ASIAI0B)
Imported 'GUID: a0b613a0c873845eb8237c9a8c9722b6' -> (Import Result ID: '90192eb9b0a888e4871c72e8ef56b672') in 0.006 seconds [static and dynamic dependencies]. Details - ImportResultOutputID=d5a211e37ec65ae413deb4d1fa48cf66 DependenciesID=05d4f6d12a3613364f05dd0d5ae845a2 StaticDependenciesID=f529b4671fbf5964aa66a94d172fa9b1 
Number of updated asset objects reloaded before import = 0
Number of asset objects unloaded after import = 1
========================================================================
Received Import Request.
  Time of request: 2026-10-01T10:28:10.3516102Z
  Time since last request: 0.0003958 seconds.
  importAddress: GUID: 439115d5646544c0cbcea9748f18ed6d - Path: Packages/com.unity.device-simulator.devices/Editor/Devices/DeviceOverlays/OnePlus 7 Pro_Overlay.png - Importer: ScriptedImporter/UnityEditor.QuickSearchModule:UnityEditor.Search:ASIAI0B
Importing 'GUID: 439115d5646544c0cbcea9748f18ed6d - Path: Packages/com.unity.device-simulator.devices/Editor/Devices/DeviceOverlays/OnePlus 7 Pro_Overlay.png - Importer: ScriptedImporter/UnityEditor.QuickSearchModule:UnityEditor.Search:ASIAI0B' with importer (ScriptedImporter : UnityEditor.QuickSearchModule:UnityEditor.Search:ASIAI0B)
Imported 'GUID: 439115d5646544c0cbcea9748f18ed6d' -> (Import Result ID: '56eee8db3b83bb2376641f092484a62f') in 0.031 seconds [static and dynamic dependencies]. Details - ImportResultOutputID=2e5ce621d49b2753633d00d771049c0d DependenciesID=a575f5c3cb3b528d311a74597b034aff StaticDependenciesID=02c34f6c93ce812fbb274f8e4157b9f1 
Number of updated asset objects reloaded before import = 0
Number of asset objects unloaded after import = 1
========================================================================
Received Import Request.
  Time of request: 2026-10-01T10:28:10.3950115Z
  Time since last request: 0.0005737 seconds.
  importAddress: GUID: ac101db1189424f87a08e295ba91a1be - Path: Packages/com.unity.device-simulator.devices/Editor/Devices/DeviceOverlays/Motorola Nexus 6_Overlay.png - Importer: ScriptedImporter/UnityEditor.QuickSearchModule:UnityEditor.Search:ASIAI0B
Importing 'GUID: ac101db1189424f87a08e295ba91a1be - Path: Packages/com.unity.device-simulator.devices/Editor/Devices/DeviceOverlays/Motorola Nexus 6_Overlay.png - Importer: ScriptedImporter/UnityEditor.QuickSearchModule:UnityEditor.Search:ASIAI0B' with importer (ScriptedImporter : UnityEditor.QuickSearchModule:UnityEditor.Search:ASIAI0B)
Imported 'GUID: ac101db1189424f87a08e295ba91a1be' -> (Import Result ID: '74caa8c4ea63e018817eb90da85a1791') in 0.032 seconds [static and dynamic dependencies]. Details - ImportResultOutputID=4b4cead26f4869c91cb784781349ae2a DependenciesID=b9b67ad8515a43eab2077c2c6cf10239 StaticDependenciesID=df07b12b45585dd84da34d6348c08440 
Number of updated asset objects reloaded before import = 0
Number of asset objects unloaded after import = 1
========================================================================
Received Import Request.
  Time of request: 2026-10-01T10:28:10.4410387Z
  Time since last request: 0.0004469 seconds.
  importAddress: GUID: 5ed9bad4af84f4af8979104a5bc724f9 - Path: Packages/com.unity.device-simulator.devices/Editor/Devices/Xiaomi Redmi 4.device - Importer: ScriptedImporter/UnityEditor.QuickSearchModule:UnityEditor.Search:ASIAI0B
Importing 'GUID: 5ed9bad4af84f4af8979104a5bc724f9 - Path: Packages/com.unity.device-simulator.devices/Editor/Devices/Xiaomi Redmi 4.device - Importer: ScriptedImporter/UnityEditor.QuickSearchModule:UnityEditor.Search:ASIAI0B' with importer (ScriptedImporter : UnityEditor.QuickSearchModule:UnityEditor.Search:ASIAI0B)
Imported 'GUID: 5ed9bad4af84f4af8979104a5bc724f9' -> (Import Result ID: '3dc4558cd3a65036cb3683401809acf0') in 0.006 seconds [static and dynamic dependencies]. Details - ImportResultOutputID=e387d08340ebb7e28c483cbb3bfc3c96 DependenciesID=967628b616acbf498c72fc452351b447 StaticDependenciesID=3085d29885bd6495359d494feae54a74 
Number of updated asset objects reloaded before import = 0
Number of asset objects unloaded after import = 1
========================================================================
Received Import Request.
  Time of request: 2026-10-01T10:28:10.4611845Z
  Time since last request: 0.0003814 seconds.
  importAddress: GUID: e2bcc90d9d1474be2a7c30b7d74f78e9 - Path: Packages/com.unity.device-simulator.devices/Editor/Devices/Apple iPhone X.device - Importer: ScriptedImporter/UnityEditor.QuickSearchModule:UnityEditor.Search:ASIAI0B
Importing 'GUID: e2bcc90d9d1474be2a7c30b7d74f78e9 - Path: Packages/com.unity.device-simulator.devices/Editor/Devices/Apple iPhone X.device - Importer: ScriptedImporter/UnityEditor.QuickSearchModule:UnityEditor.Search:ASIAI0B' with importer (ScriptedImporter : UnityEditor.QuickSearchModule:UnityEditor.Search:ASIAI0B)
Imported 'GUID: e2bcc90d9d1474be2a7c30b7d74f78e9' -> (Import Result ID: '8cd8c39eaad396f156e8037297c593ff') in 0.007 seconds [static and dynamic dependencies]. Details - ImportResultOutputID=a72f7283ee7f37f3947ac5e34e304774 DependenciesID=760a1eba4f5ad0299e33784fc13b1597 StaticDependenciesID=eca8a811516ce5fb3f964ac976a23efc 
Number of updated asset objects reloaded before import = 0
Number of asset objects unloaded after import = 1
========================================================================
Received Import Request.
  Time of request: 2026-10-01T10:28:10.487403Z
  Time since last request: 0.0004377 seconds.
  importAddress: GUID: 16140f808edc44038b0ead1800ddcca5 - Path: Packages/com.unity.device-simulator.devices/Editor/Devices/DeviceOverlays/Xiaomi Redmi 4_Overlay.png - Importer: ScriptedImporter/UnityEditor.QuickSearchModule:UnityEditor.Search:ASIAI0B
Importing 'GUID: 16140f808edc44038b0ead1800ddcca5 - Path: Packages/com.unity.device-simulator.devices/Editor/Devices/DeviceOverlays/Xiaomi Redmi 4_Overlay.png - Importer: ScriptedImporter/UnityEditor.QuickSearchModule:UnityEditor.Search:ASIAI0B' with importer (ScriptedImporter : UnityEditor.QuickSearchModule:UnityEditor.Search:ASIAI0B)
Imported 'GUID: 16140f808edc44038b0ead1800ddcca5' -> (Import Result ID: '2b231efaaddac67f7a91213aabdc2f4c') in 0.028 seconds [static and dynamic dependencies]. Details - ImportResultOutputID=e66f252dab24406bd7f14bc1a6751bdb DependenciesID=3032c388a70de9523d2e2ecdb0c84e88 StaticDependenciesID=161b69e8022e9d272b6285e4397144a6 
Number of updated asset objects reloaded before import = 0
Number of asset objects unloaded after import = 1
========================================================================
Received Import Request.
  Time of request: 2026-10-01T10:28:10.5319901Z
  Time since last request: 0.0012076 seconds.
  importAddress: GUID: c0a7775fb557e46e68a80ff76d7855e5 - Path: Packages/com.unity.device-simulator.devices/Editor/Devices/DeviceOverlays/Xiaomi Mi A3_Overlay.png - Importer: ScriptedImporter/UnityEditor.QuickSearchModule:UnityEditor.Search:ASIAI0B
Importing 'GUID: c0a7775fb557e46e68a80ff76d7855e5 - Path: Packages/com.unity.device-simulator.devices/Editor/Devices/DeviceOverlays/Xiaomi Mi A3_Overlay.png - Importer: ScriptedImporter/UnityEditor.QuickSearchModule:UnityEditor.Search:ASIAI0B' with importer (ScriptedImporter : UnityEditor.QuickSearchModule:UnityEditor.Search:ASIAI0B)
Imported 'GUID: c0a7775fb557e46e68a80ff76d7855e5' -> (Import Result ID: '6e299564b8cd826d3762f34d4d35eb90') in 0.025 seconds [static and dynamic dependencies]. Details - ImportResultOutputID=291806c233c61956fd09446c7797da56 DependenciesID=f7268b4eafb6dff9b3e637898e5182d7 StaticDependenciesID=edc5c9911367f8ccf5db27717d464132 
Number of updated asset objects reloaded before import = 0
Number of asset objects unloaded after import = 1
========================================================================
Received Import Request.
  Time of request: 2026-10-01T10:28:10.5717512Z
  Time since last request: 0.0004847 seconds.
  importAddress: GUID: 237817d22f25643f3abe7dc70ba985df - Path: Packages/com.unity.device-simulator.devices/Editor/Devices/DeviceOverlays/Samsung Galaxy S10e_Overlay.png - Importer: ScriptedImporter/UnityEditor.QuickSearchModule:UnityEditor.Search:ASIAI0B
Importing 'GUID: 237817d22f25643f3abe7dc70ba985df - Path: Packages/com.unity.device-simulator.devices/Editor/Devices/DeviceOverlays/Samsung Galaxy S10e_Overlay.png - Importer: ScriptedImporter/UnityEditor.QuickSearchModule:UnityEditor.Search:ASIAI0B' with importer (ScriptedImporter : UnityEditor.QuickSearchModule:UnityEditor.Search:ASIAI0B)
Imported 'GUID: 237817d22f25643f3abe7dc70ba985df' -> (Import Result ID: 'e6afae3def0e63b1f028e0d95a857351') in 0.033 seconds [static and dynamic dependencies]. Details - ImportResultOutputID=92ce03a190f9e5152198fa21baf1957e DependenciesID=f8a4692baf2b55dda0847f957171b5c2 StaticDependenciesID=2e81cdc56d809f3ba8a05b4b1806c1b8 
Number of updated asset objects reloaded before import = 0
Number of asset objects unloaded after import = 1
========================================================================
Received Import Request.
  Time of request: 2026-10-01T10:28:10.6226435Z
  Time since last request: 0.0006778 seconds.
  importAddress: GUID: 2f19d9c7d0c334985896f861a2cfe3ee - Path: Packages/com.unity.device-simulator.devices/Editor/Devices/Apple iPad Air.device - Importer: ScriptedImporter/UnityEditor.QuickSearchModule:UnityEditor.Search:ASIAI0B
Importing 'GUID: 2f19d9c7d0c334985896f861a2cfe3ee - Path: Packages/com.unity.device-simulator.devices/Editor/Devices/Apple iPad Air.device - Importer: ScriptedImporter/UnityEditor.QuickSearchModule:UnityEditor.Search:ASIAI0B' with importer (ScriptedImporter : UnityEditor.QuickSearchModule:UnityEditor.Search:ASIAI0B)
Imported 'GUID: 2f19d9c7d0c334985896f861a2cfe3ee' -> (Import Result ID: 'adf1e89ee8fce913f7bc46f5706a8b47') in 0.006 seconds [static and dynamic dependencies]. Details - ImportResultOutputID=fef9ff29aa760acb18b24c6e45b03b08 DependenciesID=55b65a9d6cb8feb6311a99b1816040d4 StaticDependenciesID=e76517c5e8ec4eb6bc369de33edaec48 
Number of updated asset objects reloaded before import = 0
Number of asset objects unloaded after import = 1
========================================================================
Received Import Request.
  Time of request: 2026-10-01T10:28:10.6445861Z
  Time since last request: 0.0004154 seconds.
  importAddress: GUID: 47dd93a4c0114496e8e965a0a0c77ba0 - Path: Packages/com.unity.device-simulator.devices/Editor/Devices/Samsung Galaxy S10e.device - Importer: ScriptedImporter/UnityEditor.QuickSearchModule:UnityEditor.Search:ASIAI0B
Importing 'GUID: 47dd93a4c0114496e8e965a0a0c77ba0 - Path: Packages/com.unity.device-simulator.devices/Editor/Devices/Samsung Galaxy S10e.device - Importer: ScriptedImporter/UnityEditor.QuickSearchModule:UnityEditor.Search:ASIAI0B' with importer (ScriptedImporter : UnityEditor.QuickSearchModule:UnityEditor.Search:ASIAI0B)
Imported 'GUID: 47dd93a4c0114496e8e965a0a0c77ba0' -> (Import Result ID: 'ee9d7ec112e5b843a5d2fa1a3fa07ce6') in 0.007 seconds [static and dynamic dependencies]. Details - ImportResultOutputID=80796ce91d188b22245882a23cec812f DependenciesID=c97420a34b37a7105eefe78b22a2bbd5 StaticDependenciesID=b97c9eecfba11202667e6f7643d0dc8f 
Number of updated asset objects reloaded before import = 0
Number of asset objects unloaded after import = 1
========================================================================
Received Import Request.
  Time of request: 2026-10-01T10:28:10.6688407Z
  Time since last request: 0.0005339 seconds.
  importAddress: GUID: 8ace28ceeb82649039ec5156497e6d2d - Path: Packages/com.unity.device-simulator.devices/Editor - Importer: ScriptedImporter/UnityEditor.QuickSearchModule:UnityEditor.Search:ASIAI0B
Importing 'GUID: 8ace28ceeb82649039ec5156497e6d2d - Path: Packages/com.unity.device-simulator.devices/Editor - Importer: ScriptedImporter/UnityEditor.QuickSearchModule:UnityEditor.Search:ASIAI0B' with importer (ScriptedImporter : UnityEditor.QuickSearchModule:UnityEditor.Search:ASIAI0B)
Imported 'GUID: 8ace28ceeb82649039ec5156497e6d2d' -> (Import Result ID: 'c2f9b7674df154254aeed274af445f99') in 0.004 seconds [static and dynamic dependencies]. Details - ImportResultOutputID=d076be1c8d616e3ad662a426879be619 DependenciesID=33afe652648907d4d38fb356dcfed83f StaticDependenciesID=0a7f761010423e3a1d634bc8237df1af 
Number of updated asset objects reloaded before import = 0
Number of asset objects unloaded after import = 1
========================================================================
Received Import Request.
  Time of request: 2026-10-01T10:28:10.6882822Z
  Time since last request: 0.0004278 seconds.
  importAddress: GUID: 9d8bbb72a05954b938239cd5227327db - Path: Packages/com.unity.device-simulator.devices/Editor/Devices/Samsung Galaxy S5 Neo.device - Importer: ScriptedImporter/UnityEditor.QuickSearchModule:UnityEditor.Search:ASIAI0B
Importing 'GUID: 9d8bbb72a05954b938239cd5227327db - Path: Packages/com.unity.device-simulator.devices/Editor/Devices/Samsung Galaxy S5 Neo.device - Importer: ScriptedImporter/UnityEditor.QuickSearchModule:UnityEditor.Search:ASIAI0B' with importer (ScriptedImporter : UnityEditor.QuickSearchModule:UnityEditor.Search:ASIAI0B)
Imported 'GUID: 9d8bbb72a05954b938239cd5227327db' -> (Import Result ID: '6531f6de254b9d01f10c8c2c771ca661') in 0.005 seconds [static and dynamic dependencies]. Details - ImportResultOutputID=dd371b2317f57b83950b6a55073bc931 DependenciesID=3a5da22b09ed7cae2e48a42d08a5408b StaticDependenciesID=4a3a8653d3441ee1f8fdbd5b57b2e904 
Number of updated asset objects reloaded before import = 0
Number of asset objects unloaded after import = 1
========================================================================
Received Import Request.
  Time of request: 2026-10-01T10:28:10.7072937Z
  Time since last request: 0.0004159 seconds.
  importAddress: GUID: e056f5e5aa3124556916eb52f87d54d2 - Path: Packages/com.unity.device-simulator.devices/Editor/Devices/Samsung Galaxy S5 Mini.device - Importer: ScriptedImporter/UnityEditor.QuickSearchModule:UnityEditor.Search:ASIAI0B
Importing 'GUID: e056f5e5aa3124556916eb52f87d54d2 - Path: Packages/com.unity.device-simulator.devices/Editor/Devices/Samsung Galaxy S5 Mini.device - Importer: ScriptedImporter/UnityEditor.QuickSearchModule:UnityEditor.Search:ASIAI0B' with importer (ScriptedImporter : UnityEditor.QuickSearchModule:UnityEditor.Search:ASIAI0B)
Imported 'GUID: e056f5e5aa3124556916eb52f87d54d2' -> (Import Result ID: '26f354ee544623df9894d3c7099823df') in 0.005 seconds [static and dynamic dependencies]. Details - ImportResultOutputID=832f2b11fe177ade705b5c7ca201660b DependenciesID=df7c6b597348a29691fa2db038b6d4da StaticDependenciesID=8642400ec07caeff0ad8c70ed97c1233 
Number of updated asset objects reloaded before import = 0
Number of asset objects unloaded after import = 1
========================================================================
Received Import Request.
  Time of request: 2026-10-01T10:28:10.7248226Z
  Time since last request: 0.0004446 seconds.
  importAddress: GUID: f301925006559439fbeaacbb25478b5d - Path: Packages/com.unity.device-simulator.devices/Editor/Devices/Apple iPhone 7 Plus.device - Importer: ScriptedImporter/UnityEditor.QuickSearchModule:UnityEditor.Search:ASIAI0B
Importing 'GUID: f301925006559439fbeaacbb25478b5d - Path: Packages/com.unity.device-simulator.devices/Editor/Devices/Apple iPhone 7 Plus.device - Importer: ScriptedImporter/UnityEditor.QuickSearchModule:UnityEditor.Search:ASIAI0B' with importer (ScriptedImporter : UnityEditor.QuickSearchModule:UnityEditor.Search:ASIAI0B)
Imported 'GUID: f301925006559439fbeaacbb25478b5d' -> (Import Result ID: 'ff9e23d4aa390e8c3dd89a16d7209a5c') in 0.006 seconds [static and dynamic dependencies]. Details - ImportResultOutputID=16d16ef0cc25efd3a83ab12867ea4da5 DependenciesID=576021126dc5dcba9e3ecc42ab9fad25 StaticDependenciesID=ee3faf2d73898b9f76a44c07a549e034 
Number of updated asset objects reloaded before import = 0
Number of asset objects unloaded after import = 1
========================================================================
Received Import Request.
  Time of request: 2026-10-01T10:28:10.7468389Z
  Time since last request: 0.0004421 seconds.
  importAddress: GUID: 900fbd78a87e249dab2517b59f2c8a7f - Path: Packages/com.unity.device-simulator.devices/Editor/Devices/DeviceOverlays/Samsung Galaxy Z Flip3 5G_Overlay.png - Importer: ScriptedImporter/UnityEditor.QuickSearchModule:UnityEditor.Search:ASIAI0B
Importing 'GUID: 900fbd78a87e249dab2517b59f2c8a7f - Path: Packages/com.unity.device-simulator.devices/Editor/Devices/DeviceOverlays/Samsung Galaxy Z Flip3 5G_Overlay.png - Importer: ScriptedImporter/UnityEditor.QuickSearchModule:UnityEditor.Search:ASIAI0B' with importer (ScriptedImporter : UnityEditor.QuickSearchModule:UnityEditor.Search:ASIAI0B)
Imported 'GUID: 900fbd78a87e249dab2517b59f2c8a7f' -> (Import Result ID: 'e393c969b92665836dd0a30b3108e812') in 0.033 seconds [static and dynamic dependencies]. Details - ImportResultOutputID=917f93f57cc969366a0c9b45d0358ad7 DependenciesID=b565e9647e8d04ec60e7e2570df388a7 StaticDependenciesID=6123db70d6c11fe13072c46ddcfc369e 
Number of updated asset objects reloaded before import = 0
Number of asset objects unloaded after import = 1
========================================================================
Received Import Request.
  Time of request: 2026-10-01T10:28:10.794751Z
  Time since last request: 0.0009563 seconds.
  importAddress: GUID: f729e482cf55d401492d9c743e8ba5b6 - Path: Packages/com.unity.device-simulator.devices/Editor/Devices/DeviceOverlays/Apple iPhone 11_Overlay.png - Importer: ScriptedImporter/UnityEditor.QuickSearchModule:UnityEditor.Search:ASIAI0B
Importing 'GUID: f729e482cf55d401492d9c743e8ba5b6 - Path: Packages/com.unity.device-simulator.devices/Editor/Devices/DeviceOverlays/Apple iPhone 11_Overlay.png - Importer: ScriptedImporter/UnityEditor.QuickSearchModule:UnityEditor.Search:ASIAI0B' with importer (ScriptedImporter : UnityEditor.QuickSearchModule:UnityEditor.Search:ASIAI0B)
Imported 'GUID: f729e482cf55d401492d9c743e8ba5b6' -> (Import Result ID: '0f3cd37412d9b2457f24ea3563eb7a17') in 0.029 seconds [static and dynamic dependencies]. Details - ImportResultOutputID=aa826ce5bffa8ea9358df2faa2eafb54 DependenciesID=c9d5e200a58bd1a8fec895472b23659a StaticDependenciesID=0f03d82106521790386d51fd8661691a 
Number of updated asset objects reloaded before import = 0
Number of asset objects unloaded after import = 1
========================================================================
Received Import Request.
  Time of request: 2026-10-01T10:28:10.8361883Z
  Time since last request: 0.000426 seconds.
  importAddress: GUID: 667563d97deee41148da5a41c03b7cc1 - Path: Packages/com.unity.device-simulator.devices/README.md - Importer: ScriptedImporter/UnityEditor.QuickSearchModule:UnityEditor.Search:ASIAI0B
Importing 'GUID: 667563d97deee41148da5a41c03b7cc1 - Path: Packages/com.unity.device-simulator.devices/README.md - Importer: ScriptedImporter/UnityEditor.QuickSearchModule:UnityEditor.Search:ASIAI0B' with importer (ScriptedImporter : UnityEditor.QuickSearchModule:UnityEditor.Search:ASIAI0B)
Imported 'GUID: 667563d97deee41148da5a41c03b7cc1' -> (Import Result ID: 'f7be24a937b31e75fd964c2f030f7819') in 0.016 seconds [static and dynamic dependencies]. Details - ImportResultOutputID=5e350067bc4014111c996bc2f8e9e775 DependenciesID=165817587d1d57393a700fb992a44e03 StaticDependenciesID=bbb0650b12c41972d4fced8f71f8d983 
Number of updated asset objects reloaded before import = 0
Number of asset objects unloaded after import = 1
========================================================================
Received Import Request.
  Time of request: 2026-10-01T10:28:10.8682237Z
  Time since last request: 0.0005743 seconds.
  importAddress: GUID: fd0fabf15c64048f78995ea8e03f7666 - Path: Packages/com.unity.device-simulator.devices/Editor/Devices/Apple iPad Pro 11.device - Importer: ScriptedImporter/UnityEditor.QuickSearchModule:UnityEditor.Search:ASIAI0B
Importing 'GUID: fd0fabf15c64048f78995ea8e03f7666 - Path: Packages/com.unity.device-simulator.devices/Editor/Devices/Apple iPad Pro 11.device - Importer: ScriptedImporter/UnityEditor.QuickSearchModule:UnityEditor.Search:ASIAI0B' with importer (ScriptedImporter : UnityEditor.QuickSearchModule:UnityEditor.Search:ASIAI0B)
Imported 'GUID: fd0fabf15c64048f78995ea8e03f7666' -> (Import Result ID: 'e66a81c303927f5d5e530c740e12806b') in 0.006 seconds [static and dynamic dependencies]. Details - ImportResultOutputID=9c9d85a74e1f85a36ff1135dc05f236c DependenciesID=1575fd034c5542fc7195e74d7b3a7714 StaticDependenciesID=5249a12757668b5ee041f51bc886bd68 
Number of updated asset objects reloaded before import = 0
Number of asset objects unloaded after import = 1
========================================================================
Received Import Request.
  Time of request: 2026-10-01T10:28:10.8899109Z
  Time since last request: 0.0003925 seconds.
  importAddress: GUID: 4307980e684d54cb8b053f4e5a337ea4 - Path: Packages/com.unity.device-simulator.devices/Editor/Devices/DeviceOverlays/Google Pixel 3_Overlay.png - Importer: ScriptedImporter/UnityEditor.QuickSearchModule:UnityEditor.Search:ASIAI0B
Importing 'GUID: 4307980e684d54cb8b053f4e5a337ea4 - Path: Packages/com.unity.device-simulator.devices/Editor/Devices/DeviceOverlays/Google Pixel 3_Overlay.png - Importer: ScriptedImporter/UnityEditor.QuickSearchModule:UnityEditor.Search:ASIAI0B' with importer (ScriptedImporter : UnityEditor.QuickSearchModule:UnityEditor.Search:ASIAI0B)
Imported 'GUID: 4307980e684d54cb8b053f4e5a337ea4' -> (Import Result ID: 'e8b7ebedf1341513f54f83ae7606affb') in 0.033 seconds [static and dynamic dependencies]. Details - ImportResultOutputID=13ed0ede2e72aa58a7b3ee7f6b681c5b DependenciesID=1ae3607fde88aa70c11052a3f42c7ec2 StaticDependenciesID=edaa5f8228e64675fd558af407771e6e 
Number of updated asset objects reloaded before import = 0
Number of asset objects unloaded after import = 1
========================================================================
Received Import Request.
  Time of request: 2026-10-01T10:28:10.9370266Z
  Time since last request: 0.000804 seconds.
  importAddress: GUID: 463ff3d2bc79a4e348e461c61cc041a3 - Path: Packages/com.unity.device-simulator.devices/Editor/Devices/DeviceOverlays/Apple iPad Air (4th generation)_Overlay.png - Importer: ScriptedImporter/UnityEditor.QuickSearchModule:UnityEditor.Search:ASIAI0B
Importing 'GUID: 463ff3d2bc79a4e348e461c61cc041a3 - Path: Packages/com.unity.device-simulator.devices/Editor/Devices/DeviceOverlays/Apple iPad Air (4th generation)_Overlay.png - Importer: ScriptedImporter/UnityEditor.QuickSearchModule:UnityEditor.Search:ASIAI0B' with importer (ScriptedImporter : UnityEditor.QuickSearchModule:UnityEditor.Search:ASIAI0B)
Imported 'GUID: 463ff3d2bc79a4e348e461c61cc041a3' -> (Import Result ID: '2e67e57d96c71d0782c61d2ab7994be1') in 0.033 seconds [static and dynamic dependencies]. Details - ImportResultOutputID=4a7f2fc96640e179620a53942182f3c0 DependenciesID=0e9cd684a71f3deb0e9fffbc1bc18955 StaticDependenciesID=ed816cf27647414a83230a3c958b7268 
Number of updated asset objects reloaded before import = 0
Number of asset objects unloaded after import = 1
========================================================================
Received Import Request.
  Time of request: 2026-10-01T10:28:10.9846534Z
  Time since last request: 0.0003774 seconds.
  importAddress: GUID: 575a42456a8e44931b0229e58a21fa73 - Path: Packages/com.unity.device-simulator.devices/Editor/Devices/Google Pixel 5.device - Importer: ScriptedImporter/UnityEditor.QuickSearchModule:UnityEditor.Search:ASIAI0B
Importing 'GUID: 575a42456a8e44931b0229e58a21fa73 - Path: Packages/com.unity.device-simulator.devices/Editor/Devices/Google Pixel 5.device - Importer: ScriptedImporter/UnityEditor.QuickSearchModule:UnityEditor.Search:ASIAI0B' with importer (ScriptedImporter : UnityEditor.QuickSearchModule:UnityEditor.Search:ASIAI0B)
Imported 'GUID: 575a42456a8e44931b0229e58a21fa73' -> (Import Result ID: '4fbd67e5ee39b25889d3b63ea516bd08') in 0.009 seconds [static and dynamic dependencies]. Details - ImportResultOutputID=3e81cdf9436341a6e9763dcb4c6b94f7 DependenciesID=ce5f617aa24bad2234b347310cb850aa StaticDependenciesID=9f152c878b86320a7d17c202b0e74dec 
Number of updated asset objects reloaded before import = 0
Number of asset objects unloaded after import = 1
========================================================================
Received Import Request.
  Time of request: 2026-10-01T10:28:11.0133669Z
  Time since last request: 0.0006265 seconds.
  importAddress: GUID: 756e15ad71749438f9f2baf2ef6c7589 - Path: Packages/com.unity.device-simulator.devices/Editor/Devices/Google Pixel 4.device - Importer: ScriptedImporter/UnityEditor.QuickSearchModule:UnityEditor.Search:ASIAI0B
Importing 'GUID: 756e15ad71749438f9f2baf2ef6c7589 - Path: Packages/com.unity.device-simulator.devices/Editor/Devices/Google Pixel 4.device - Importer: ScriptedImporter/UnityEditor.QuickSearchModule:UnityEditor.Search:ASIAI0B' with importer (ScriptedImporter : UnityEditor.QuickSearchModule:UnityEditor.Search:ASIAI0B)
Imported 'GUID: 756e15ad71749438f9f2baf2ef6c7589' -> (Import Result ID: 'c78b2dae2b6dfb94a798f47e12cf4773') in 0.006 seconds [static and dynamic dependencies]. Details - ImportResultOutputID=0d911aa1fc219fb04731dd7acaf856c3 DependenciesID=3e615c6607691365c67ca24680e45c4f StaticDependenciesID=a4f68262c455181398c55907b5e14647 
Number of updated asset objects reloaded before import = 0
Number of asset objects unloaded after import = 1
========================================================================
Received Import Request.
  Time of request: 2026-10-01T10:28:11.0354342Z
  Time since last request: 0.0001366 seconds.
  importAddress: GUID: 6f8f807e009734facb61ce7188e503c9 - Path: Packages/com.unity.device-simulator.devices/Editor/Devices/Apple iPhone XR.device - Importer: ScriptedImporter/UnityEditor.QuickSearchModule:UnityEditor.Search:ASIAI0B
Importing 'GUID: 6f8f807e009734facb61ce7188e503c9 - Path: Packages/com.unity.device-simulator.devices/Editor/Devices/Apple iPhone XR.device - Importer: ScriptedImporter/UnityEditor.QuickSearchModule:UnityEditor.Search:ASIAI0B' with importer (ScriptedImporter : UnityEditor.QuickSearchModule:UnityEditor.Search:ASIAI0B)
Imported 'GUID: 6f8f807e009734facb61ce7188e503c9' -> (Import Result ID: '59249180ed3ea2b59171e8187e27b958') in 0.007 seconds [static and dynamic dependencies]. Details - ImportResultOutputID=3f5e72c88bea5606a79f9ce9ac49e1ce DependenciesID=81523d98eb79fb3779ad50a836874c96 StaticDependenciesID=9e3a20d2d813604a801114613fb4e6b2 
Number of updated asset objects reloaded before import = 0
Number of asset objects unloaded after import = 1
========================================================================
Received Import Request.
  Time of request: 2026-10-01T10:28:11.0565859Z
  Time since last request: 0.0004106 seconds.
  importAddress: GUID: 5369381cbf82c41f4a75751cfcc53f60 - Path: Packages/com.unity.device-simulator.devices/Editor/Devices/OnePlus 6T.device - Importer: ScriptedImporter/UnityEditor.QuickSearchModule:UnityEditor.Search:ASIAI0B
Importing 'GUID: 5369381cbf82c41f4a75751cfcc53f60 - Path: Packages/com.unity.device-simulator.devices/Editor/Devices/OnePlus 6T.device - Importer: ScriptedImporter/UnityEditor.QuickSearchModule:UnityEditor.Search:ASIAI0B' with importer (ScriptedImporter : UnityEditor.QuickSearchModule:UnityEditor.Search:ASIAI0B)
Imported 'GUID: 5369381cbf82c41f4a75751cfcc53f60' -> (Import Result ID: 'da725192b047f350088e25881eb00bcb') in 0.006 seconds [static and dynamic dependencies]. Details - ImportResultOutputID=9ee75e63c0f41053e025585e79bde77d DependenciesID=5863d496876342b42d5cf3d16eadc783 StaticDependenciesID=45aff8fd30e533234bfdd48fde9dd115 
Number of updated asset objects reloaded before import = 0
Number of asset objects unloaded after import = 1
========================================================================
Received Import Request.
  Time of request: 2026-10-01T10:28:11.0761539Z
  Time since last request: 0.0004622 seconds.
  importAddress: GUID: 0acb33f0317944416add7e96db980ade - Path: Packages/com.unity.device-simulator.devices/Editor/Devices/Xiaomi MI Note Pro.device - Importer: ScriptedImporter/UnityEditor.QuickSearchModule:UnityEditor.Search:ASIAI0B
Importing 'GUID: 0acb33f0317944416add7e96db980ade - Path: Packages/com.unity.device-simulator.devices/Editor/Devices/Xiaomi MI Note Pro.device - Importer: ScriptedImporter/UnityEditor.QuickSearchModule:UnityEditor.Search:ASIAI0B' with importer (ScriptedImporter : UnityEditor.QuickSearchModule:UnityEditor.Search:ASIAI0B)
Imported 'GUID: 0acb33f0317944416add7e96db980ade' -> (Import Result ID: '8d237e3b393026991d25562295ce4363') in 0.005 seconds [static and dynamic dependencies]. Details - ImportResultOutputID=e1c6779e495c9b599a9458c0e780f095 DependenciesID=a4211a1fd2f34b8af6dec360621c5396 StaticDependenciesID=c6fe3a9d4f16f81dd4e1755d61c8eabc 
Number of updated asset objects reloaded before import = 0
Number of asset objects unloaded after import = 1
========================================================================
Received Import Request.
  Time of request: 2026-10-01T10:28:11.0969386Z
  Time since last request: 0.0004273 seconds.
  importAddress: GUID: f611191be2a1e4a908a122842ae9d6e7 - Path: Packages/com.unity.device-simulator.devices/Editor/Devices/DeviceOverlays/LGE LG G3_Overlay.png - Importer: ScriptedImporter/UnityEditor.QuickSearchModule:UnityEditor.Search:ASIAI0B
Importing 'GUID: f611191be2a1e4a908a122842ae9d6e7 - Path: Packages/com.unity.device-simulator.devices/Editor/Devices/DeviceOverlays/LGE LG G3_Overlay.png - Importer: ScriptedImporter/UnityEditor.QuickSearchModule:UnityEditor.Search:ASIAI0B' with importer (ScriptedImporter : UnityEditor.QuickSearchModule:UnityEditor.Search:ASIAI0B)
Imported 'GUID: f611191be2a1e4a908a122842ae9d6e7' -> (Import Result ID: '18bd3bd598a9ab062a8e2d87db9b9f4d') in 0.036 seconds [static and dynamic dependencies]. Details - ImportResultOutputID=5277e3f276299c15b52b59c76f7a50bf DependenciesID=7948492fa2c9abafbdaf0eed6340497c StaticDependenciesID=f0a30b55f9158dd8b3de684343ca1372 
Number of updated asset objects reloaded before import = 0
Number of asset objects unloaded after import = 1
========================================================================
Received Import Request.
  Time of request: 2026-10-01T10:28:11.1459277Z
  Time since last request: 0.0003736 seconds.
  importAddress: GUID: fa2962799245e4ed881fffd10e466929 - Path: Packages/com.unity.device-simulator.devices/Editor/Devices/Razer Phone.device - Importer: ScriptedImporter/UnityEditor.QuickSearchModule:UnityEditor.Search:ASIAI0B
Importing 'GUID: fa2962799245e4ed881fffd10e466929 - Path: Packages/com.unity.device-simulator.devices/Editor/Devices/Razer Phone.device - Importer: ScriptedImporter/UnityEditor.QuickSearchModule:UnityEditor.Search:ASIAI0B' with importer (ScriptedImporter : UnityEditor.QuickSearchModule:UnityEditor.Search:ASIAI0B)
Imported 'GUID: fa2962799245e4ed881fffd10e466929' -> (Import Result ID: '67cea5e254095b8269fed87c7b2d6493') in 0.005 seconds [static and dynamic dependencies]. Details - ImportResultOutputID=c7e0eb428d364de41ef05053715a6ce5 DependenciesID=ebbe3fce5f003bc01ddcbbc33bd20d5f StaticDependenciesID=0a1ae8aabbc1bab2dbd219196f2c9e46 
Number of updated asset objects reloaded before import = 0
Number of asset objects unloaded after import = 1
========================================================================
Received Import Request.
  Time of request: 2026-10-01T10:28:11.1641389Z
  Time since last request: 0.0009998 seconds.
  importAddress: GUID: 860b50340fb964578a35e082d8ee69c1 - Path: Packages/com.unity.device-simulator.devices/Editor/Devices/Huawei P9.device - Importer: ScriptedImporter/UnityEditor.QuickSearchModule:UnityEditor.Search:ASIAI0B
Importing 'GUID: 860b50340fb964578a35e082d8ee69c1 - Path: Packages/com.unity.device-simulator.devices/Editor/Devices/Huawei P9.device - Importer: ScriptedImporter/UnityEditor.QuickSearchModule:UnityEditor.Search:ASIAI0B' with importer (ScriptedImporter : UnityEditor.QuickSearchModule:UnityEditor.Search:ASIAI0B)
Imported 'GUID: 860b50340fb964578a35e082d8ee69c1' -> (Import Result ID: 'dae3209caf1740d82d8445fc2bb9e97e') in 0.006 seconds [static and dynamic dependencies]. Details - ImportResultOutputID=c2a9ee915806c3a9aad75360a3431a4a DependenciesID=7ee949617313aa3587693ce174c1dedc StaticDependenciesID=7e0599ff7fc0cfbe799cafc703d6f9c6 
Number of updated asset objects reloaded before import = 0
Number of asset objects unloaded after import = 1
========================================================================
Received Import Request.
  Time of request: 2026-10-01T10:28:11.1838566Z
  Time since last request: 0.0003424 seconds.
  importAddress: GUID: 05b8109e1c6e541968ebf73e04486d4e - Path: Packages/com.unity.device-simulator.devices/Editor/Devices/DeviceOverlays/Samsung Galaxy S5 Mini_Overlay.png - Importer: ScriptedImporter/UnityEditor.QuickSearchModule:UnityEditor.Search:ASIAI0B
Importing 'GUID: 05b8109e1c6e541968ebf73e04486d4e - Path: Packages/com.unity.device-simulator.devices/Editor/Devices/DeviceOverlays/Samsung Galaxy S5 Mini_Overlay.png - Importer: ScriptedImporter/UnityEditor.QuickSearchModule:UnityEditor.Search:ASIAI0B' with importer (ScriptedImporter : UnityEditor.QuickSearchModule:UnityEditor.Search:ASIAI0B)
Imported 'GUID: 05b8109e1c6e541968ebf73e04486d4e' -> (Import Result ID: 'b10d3132eb85844ad2d46eeb94ae4bdf') in 0.024 seconds [static and dynamic dependencies]. Details - ImportResultOutputID=54449cfb3371822ccd0fda0f7d3030f8 DependenciesID=42ad17f260bb9bfe21e3b6fe7ce5ada5 StaticDependenciesID=d508027fef4619ca6e355b4f6bac1264 
Number of updated asset objects reloaded before import = 0
Number of asset objects unloaded after import = 1
========================================================================
Received Import Request.
  Time of request: 2026-10-01T10:28:11.2212696Z
  Time since last request: 0.0003463 seconds.
  importAddress: GUID: b61515cf983914d71871724613db4af4 - Path: Packages/com.unity.device-simulator.devices/Editor/Devices/Apple iPad Mini 4.device - Importer: ScriptedImporter/UnityEditor.QuickSearchModule:UnityEditor.Search:ASIAI0B
Importing 'GUID: b61515cf983914d71871724613db4af4 - Path: Packages/com.unity.device-simulator.devices/Editor/Devices/Apple iPad Mini 4.device - Importer: ScriptedImporter/UnityEditor.QuickSearchModule:UnityEditor.Search:ASIAI0B' with importer (ScriptedImporter : UnityEditor.QuickSearchModule:UnityEditor.Search:ASIAI0B)
Imported 'GUID: b61515cf983914d71871724613db4af4' -> (Import Result ID: 'c4c20e6a1a63de1762256c7fb7eba52e') in 0.007 seconds [static and dynamic dependencies]. Details - ImportResultOutputID=a379ed7e64857fd62d7523c33a814afe DependenciesID=2c7699e04186a9f150c9c7b2a4e57f6f StaticDependenciesID=fc7f410c884351bde839dd057541dd25 
Number of updated asset objects reloaded before import = 0
Number of asset objects unloaded after import = 1
========================================================================
Received Import Request.
  Time of request: 2026-10-01T10:28:11.2412304Z
  Time since last request: 0.0004273 seconds.
  importAddress: GUID: 2a8eeb6fb112646aeaa50659c246f796 - Path: Packages/com.unity.device-simulator.devices/Editor/Devices/DeviceOverlays/Samsung Galaxy Note10_Overlay.png - Importer: ScriptedImporter/UnityEditor.QuickSearchModule:UnityEditor.Search:ASIAI0B
Importing 'GUID: 2a8eeb6fb112646aeaa50659c246f796 - Path: Packages/com.unity.device-simulator.devices/Editor/Devices/DeviceOverlays/Samsung Galaxy Note10_Overlay.png - Importer: ScriptedImporter/UnityEditor.QuickSearchModule:UnityEditor.Search:ASIAI0B' with importer (ScriptedImporter : UnityEditor.QuickSearchModule:UnityEditor.Search:ASIAI0B)
Imported 'GUID: 2a8eeb6fb112646aeaa50659c246f796' -> (Import Result ID: '1a22e503c739ea33f9a2c1c69472d22a') in 0.027 seconds [static and dynamic dependencies]. Details - ImportResultOutputID=2be65bd40f58c90b1e0f0e5ff8487c78 DependenciesID=0610ca1a44e94016274b7cc28657d33f StaticDependenciesID=8e1d4d25c0031fbc3684d9083790b1cf 
Number of updated asset objects reloaded before import = 0
Number of asset objects unloaded after import = 1
========================================================================
Received Import Request.
  Time of request: 2026-10-01T10:28:11.2847979Z
  Time since last request: 0.0004023 seconds.
  importAddress: GUID: 6a06bf94b0946452db0390b612c4a335 - Path: Packages/com.unity.device-simulator.devices/Editor/Devices/DeviceOverlays/Apple iPod Touch 7th Gen_Overlay.png - Importer: ScriptedImporter/UnityEditor.QuickSearchModule:UnityEditor.Search:ASIAI0B
Importing 'GUID: 6a06bf94b0946452db0390b612c4a335 - Path: Packages/com.unity.device-simulator.devices/Editor/Devices/DeviceOverlays/Apple iPod Touch 7th Gen_Overlay.png - Importer: ScriptedImporter/UnityEditor.QuickSearchModule:UnityEditor.Search:ASIAI0B' with importer (ScriptedImporter : UnityEditor.QuickSearchModule:UnityEditor.Search:ASIAI0B)
Imported 'GUID: 6a06bf94b0946452db0390b612c4a335' -> (Import Result ID: '2ad343795c9e1d07dcac0b707e5d6470') in 0.024 seconds [static and dynamic dependencies]. Details - ImportResultOutputID=1b340d44f98df8e278d5f23b2a090187 DependenciesID=5a9878211afd28921b7eb95f871fc4a9 StaticDependenciesID=8a1a4359fb558e5ebe1ac6c028147f91 
Number of updated asset objects reloaded before import = 0
Number of asset objects unloaded after import = 1
========================================================================
Received Import Request.
  Time of request: 2026-10-01T10:28:11.3227295Z
  Time since last request: 0.0003361 seconds.
  importAddress: GUID: 9f624c5b20803434f9ff9d87eb938b43 - Path: Packages/com.unity.device-simulator.devices/Editor/Devices/Apple iPhone 13 Pro.device - Importer: ScriptedImporter/UnityEditor.QuickSearchModule:UnityEditor.Search:ASIAI0B
Importing 'GUID: 9f624c5b20803434f9ff9d87eb938b43 - Path: Packages/com.unity.device-simulator.devices/Editor/Devices/Apple iPhone 13 Pro.device - Importer: ScriptedImporter/UnityEditor.QuickSearchModule:UnityEditor.Search:ASIAI0B' with importer (ScriptedImporter : UnityEditor.QuickSearchModule:UnityEditor.Search:ASIAI0B)
Imported 'GUID: 9f624c5b20803434f9ff9d87eb938b43' -> (Import Result ID: '4672bb80812fcd8edf62264d10572062') in 0.005 seconds [static and dynamic dependencies]. Details - ImportResultOutputID=84c56df5ce6d82e26fec0cec85c126ee DependenciesID=8b8b6627f8225c8191bbf02e51353005 StaticDependenciesID=876a986e6f075b405fe7b4beb42f04ee 
Number of updated asset objects reloaded before import = 0
Number of asset objects unloaded after import = 1
========================================================================
Received Import Request.
  Time of request: 2026-10-01T10:28:11.3405294Z
  Time since last request: 0.0004707 seconds.
  importAddress: GUID: 5167c51e956fe4868a7e623d5e29c482 - Path: Packages/com.unity.device-simulator.devices/Editor/Devices/DeviceOverlays/Motorola Moto G7 Power_Overlay.png - Importer: ScriptedImporter/UnityEditor.QuickSearchModule:UnityEditor.Search:ASIAI0B
Importing 'GUID: 5167c51e956fe4868a7e623d5e29c482 - Path: Packages/com.unity.device-simulator.devices/Editor/Devices/DeviceOverlays/Motorola Moto G7 Power_Overlay.png - Importer: ScriptedImporter/UnityEditor.QuickSearchModule:UnityEditor.Search:ASIAI0B' with importer (ScriptedImporter : UnityEditor.QuickSearchModule:UnityEditor.Search:ASIAI0B)
Imported 'GUID: 5167c51e956fe4868a7e623d5e29c482' -> (Import Result ID: 'd934bb756d24edfbd5dd77faeb15cac0') in 0.031 seconds [static and dynamic dependencies]. Details - ImportResultOutputID=8194578cf3928e71fb870ba1527319ec DependenciesID=416f78ec1a109deafd07cfd99a03831b StaticDependenciesID=853627ec19f676a49c9446a562374788 
Number of updated asset objects reloaded before import = 0
Number of asset objects unloaded after import = 1
========================================================================
Received Import Request.
  Time of request: 2026-10-01T10:28:11.3865978Z
  Time since last request: 0.0004245 seconds.
  importAddress: GUID: a8c4fdf00f3d44b0fb01b6ddc53b739a - Path: Packages/com.unity.device-simulator.devices/Editor/Devices/Apple iPhone 12.device - Importer: ScriptedImporter/UnityEditor.QuickSearchModule:UnityEditor.Search:ASIAI0B
Importing 'GUID: a8c4fdf00f3d44b0fb01b6ddc53b739a - Path: Packages/com.unity.device-simulator.devices/Editor/Devices/Apple iPhone 12.device - Importer: ScriptedImporter/UnityEditor.QuickSearchModule:UnityEditor.Search:ASIAI0B' with importer (ScriptedImporter : UnityEditor.QuickSearchModule:UnityEditor.Search:ASIAI0B)
Imported 'GUID: a8c4fdf00f3d44b0fb01b6ddc53b739a' -> (Import Result ID: 'b49b72784cefafaf60913b29f5597d5a') in 0.006 seconds [static and dynamic dependencies]. Details - ImportResultOutputID=9e4c7ae5b620216a2cb46e74530c6243 DependenciesID=df3e3d91de70682d0941e0bdbeb065c4 StaticDependenciesID=d0ec30e6e93efbbfb3ce4ae273db31db 
Number of updated asset objects reloaded before import = 0
Number of asset objects unloaded after import = 1
========================================================================
Received Import Request.
  Time of request: 2026-10-01T10:28:11.405905Z
  Time since last request: 0.0005234 seconds.
  importAddress: GUID: c374edee01269464fbd2fd5ea6833ab5 - Path: Packages/com.unity.device-simulator.devices/Editor/Devices/Samsung Galaxy S8.device - Importer: ScriptedImporter/UnityEditor.QuickSearchModule:UnityEditor.Search:ASIAI0B
Importing 'GUID: c374edee01269464fbd2fd5ea6833ab5 - Path: Packages/com.unity.device-simulator.devices/Editor/Devices/Samsung Galaxy S8.device - Importer: ScriptedImporter/UnityEditor.QuickSearchModule:UnityEditor.Search:ASIAI0B' with importer (ScriptedImporter : UnityEditor.QuickSearchModule:UnityEditor.Search:ASIAI0B)
Imported 'GUID: c374edee01269464fbd2fd5ea6833ab5' -> (Import Result ID: 'c9fb18666d3fc432ea28f0560ea609db') in 0.006 seconds [static and dynamic dependencies]. Details - ImportResultOutputID=9fbf6d18a6b928f799ed0868ae7dc5e3 DependenciesID=7ea2605cbb3fda18feaad29da4693275 StaticDependenciesID=a523587e88fdbaf775f719075eb0f6b8 
Number of updated asset objects reloaded before import = 0
Number of asset objects unloaded after import = 1
========================================================================
Received Import Request.
  Time of request: 2026-10-01T10:28:11.4283173Z
  Time since last request: 0.0004175 seconds.
  importAddress: GUID: 2aa52dd05ab704b4f9abdad2ec567547 - Path: Packages/com.unity.device-simulator.devices/Editor/Devices/Apple iPhone XS Max.device - Importer: ScriptedImporter/UnityEditor.QuickSearchModule:UnityEditor.Search:ASIAI0B
Importing 'GUID: 2aa52dd05ab704b4f9abdad2ec567547 - Path: Packages/com.unity.device-simulator.devices/Editor/Devices/Apple iPhone XS Max.device - Importer: ScriptedImporter/UnityEditor.QuickSearchModule:UnityEditor.Search:ASIAI0B' with importer (ScriptedImporter : UnityEditor.QuickSearchModule:UnityEditor.Search:ASIAI0B)
Imported 'GUID: 2aa52dd05ab704b4f9abdad2ec567547' -> (Import Result ID: 'c15a51403e11fdcf7bbc20cf10a4bd0c') in 0.006 seconds [static and dynamic dependencies]. Details - ImportResultOutputID=8f0d1adfa63777b79b25f6a7516a77fa DependenciesID=8ea10d05c6ba4aa082a2d634eb3c7d58 StaticDependenciesID=d7c18ca144a7822cf58b72c2c6bc04f5 
Number of updated asset objects reloaded before import = 0
Number of asset objects unloaded after import = 1
========================================================================
Received Import Request.
  Time of request: 2026-10-01T10:28:11.4474636Z
  Time since last request: 0.0004065 seconds.
  importAddress: GUID: 2e6d4acfbe1c846b9ad8e09efb79888a - Path: Packages/com.unity.device-simulator.devices/Editor/Devices/DeviceOverlays/Samsung Galaxy S10 5G_Overlay.png - Importer: ScriptedImporter/UnityEditor.QuickSearchModule:UnityEditor.Search:ASIAI0B
Importing 'GUID: 2e6d4acfbe1c846b9ad8e09efb79888a - Path: Packages/com.unity.device-simulator.devices/Editor/Devices/DeviceOverlays/Samsung Galaxy S10 5G_Overlay.png - Importer: ScriptedImporter/UnityEditor.QuickSearchModule:UnityEditor.Search:ASIAI0B' with importer (ScriptedImporter : UnityEditor.QuickSearchModule:UnityEditor.Search:ASIAI0B)
Imported 'GUID: 2e6d4acfbe1c846b9ad8e09efb79888a' -> (Import Result ID: '2d9d80c63a11e3b91a65abac5f3f3dfa') in 0.029 seconds [static and dynamic dependencies]. Details - ImportResultOutputID=73c887f2b897a60881636a047a8b0897 DependenciesID=24991e4d1d1988a2586328d829fcdea0 StaticDependenciesID=2c5a884881b7c18e08d982bf8f2bba77 
Number of updated asset objects reloaded before import = 0
Number of asset objects unloaded after import = 1
========================================================================
Received Import Request.
  Time of request: 2026-10-01T10:28:11.4898621Z
  Time since last request: 0.0003376 seconds.
  importAddress: GUID: ec6aef778a2714878b7df6ae260c1dba - Path: Packages/com.unity.device-simulator.devices/Editor/Devices/DeviceOverlays/Google Pixel 2 XL_Overlay.png - Importer: ScriptedImporter/UnityEditor.QuickSearchModule:UnityEditor.Search:ASIAI0B
Importing 'GUID: ec6aef778a2714878b7df6ae260c1dba - Path: Packages/com.unity.device-simulator.devices/Editor/Devices/DeviceOverlays/Google Pixel 2 XL_Overlay.png - Importer: ScriptedImporter/UnityEditor.QuickSearchModule:UnityEditor.Search:ASIAI0B' with importer (ScriptedImporter : UnityEditor.QuickSearchModule:UnityEditor.Search:ASIAI0B)
Imported 'GUID: ec6aef778a2714878b7df6ae260c1dba' -> (Import Result ID: '3fb7063c252085540b9dddf15b50c8b3') in 0.028 seconds [static and dynamic dependencies]. Details - ImportResultOutputID=e9320fc29a6bf2cabaedc4c2752d3698 DependenciesID=5ce0275909b9f69df9cf25e4eb07b0e1 StaticDependenciesID=c051eabfdb9fd9f54924689667ae604e 
Number of updated asset objects reloaded before import = 0
Number of asset objects unloaded after import = 1
========================================================================
Received Import Request.
  Time of request: 2026-10-01T10:28:11.5311466Z
  Time since last request: 0.0004349 seconds.
  importAddress: GUID: d365ae622f9924e358337fabcd327894 - Path: Packages/com.unity.device-simulator.devices/Editor/Devices/DeviceOverlays/Samsung Galaxy S5 Neo_Overlay.png - Importer: ScriptedImporter/UnityEditor.QuickSearchModule:UnityEditor.Search:ASIAI0B
Importing 'GUID: d365ae622f9924e358337fabcd327894 - Path: Packages/com.unity.device-simulator.devices/Editor/Devices/DeviceOverlays/Samsung Galaxy S5 Neo_Overlay.png - Importer: ScriptedImporter/UnityEditor.QuickSearchModule:UnityEditor.Search:ASIAI0B' with importer (ScriptedImporter : UnityEditor.QuickSearchModule:UnityEditor.Search:ASIAI0B)
Imported 'GUID: d365ae622f9924e358337fabcd327894' -> (Import Result ID: 'cdc3ff374c047975781fe87678e665c0') in 0.033 seconds [static and dynamic dependencies]. Details - ImportResultOutputID=9f4cf4ce1cde2f8748c25cc5b9780242 DependenciesID=4878d18abc756a69d9c27e8f27269c20 StaticDependenciesID=bb8db996c3db41ba4fb123a1d1414181 
Number of updated asset objects reloaded before import = 0
Number of asset objects unloaded after import = 1
========================================================================
Received Import Request.
  Time of request: 2026-10-01T10:28:11.5766164Z
  Time since last request: 0.000397 seconds.
  importAddress: GUID: 26b781a7104234797a392a5d5c98c6f6 - Path: Packages/com.unity.device-simulator.devices/Editor/Devices/LGE LG G3.device - Importer: ScriptedImporter/UnityEditor.QuickSearchModule:UnityEditor.Search:ASIAI0B
Importing 'GUID: 26b781a7104234797a392a5d5c98c6f6 - Path: Packages/com.unity.device-simulator.devices/Editor/Devices/LGE LG G3.device - Importer: ScriptedImporter/UnityEditor.QuickSearchModule:UnityEditor.Search:ASIAI0B' with importer (ScriptedImporter : UnityEditor.QuickSearchModule:UnityEditor.Search:ASIAI0B)
Imported 'GUID: 26b781a7104234797a392a5d5c98c6f6' -> (Import Result ID: 'e3f79b06fdd72b94a83391cabd07f668') in 0.006 seconds [static and dynamic dependencies]. Details - ImportResultOutputID=d8ddb174507ca453baff58db6d3e03e0 DependenciesID=52f261b79492d311b86bab75bbae17c4 StaticDependenciesID=b023c504c75ab52a55ef4e23e14399d3 
Number of updated asset objects reloaded before import = 0
Number of asset objects unloaded after import = 1
========================================================================
Received Import Request.
  Time of request: 2026-10-01T10:28:11.5982778Z
  Time since last request: 0.0003765 seconds.
  importAddress: GUID: 102e46de009e849cdba7cdbee965fb23 - Path: Packages/com.unity.device-simulator.devices/Editor/Devices/Motorola Nexus 6.device - Importer: ScriptedImporter/UnityEditor.QuickSearchModule:UnityEditor.Search:ASIAI0B
Importing 'GUID: 102e46de009e849cdba7cdbee965fb23 - Path: Packages/com.unity.device-simulator.devices/Editor/Devices/Motorola Nexus 6.device - Importer: ScriptedImporter/UnityEditor.QuickSearchModule:UnityEditor.Search:ASIAI0B' with importer (ScriptedImporter : UnityEditor.QuickSearchModule:UnityEditor.Search:ASIAI0B)
Imported 'GUID: 102e46de009e849cdba7cdbee965fb23' -> (Import Result ID: '5fed8d143dc3e9f2283c99e03e5ca333') in 0.006 seconds [static and dynamic dependencies]. Details - ImportResultOutputID=ba4fdd9a9e506748de8b2b53d67c12e7 DependenciesID=d67eb07445f3e786c34225f9fd904eda StaticDependenciesID=1dfd30c48afaa93fc78665597591c55d 
Number of updated asset objects reloaded before import = 0
Number of asset objects unloaded after import = 1
========================================================================
Received Import Request.
  Time of request: 2026-10-01T10:28:11.6183711Z
  Time since last request: 0.0003582 seconds.
  importAddress: GUID: d661a92e251a047559ebc4a35c8645f3 - Path: Packages/com.unity.device-simulator.devices/Editor/Devices/DeviceOverlays/Apple iPhone 8 Plus_Overlay.png - Importer: ScriptedImporter/UnityEditor.QuickSearchModule:UnityEditor.Search:ASIAI0B
Importing 'GUID: d661a92e251a047559ebc4a35c8645f3 - Path: Packages/com.unity.device-simulator.devices/Editor/Devices/DeviceOverlays/Apple iPhone 8 Plus_Overlay.png - Importer: ScriptedImporter/UnityEditor.QuickSearchModule:UnityEditor.Search:ASIAI0B' with importer (ScriptedImporter : UnityEditor.QuickSearchModule:UnityEditor.Search:ASIAI0B)
Imported 'GUID: d661a92e251a047559ebc4a35c8645f3' -> (Import Result ID: '053bb674d60050c887562a7d2565bfed') in 0.028 seconds [static and dynamic dependencies]. Details - ImportResultOutputID=5f4afa84b493a94b9afc15263de2dff9 DependenciesID=63eed5f0325c697acff4ebe0ec6d1307 StaticDependenciesID=b7ec785a57e48a289a87f731020b593e 
Number of updated asset objects reloaded before import = 0
Number of asset objects unloaded after import = 1
========================================================================
Received Import Request.
  Time of request: 2026-10-01T10:28:11.6607496Z
  Time since last request: 0.0003656 seconds.
  importAddress: GUID: e490aee0ddd0b45ea8c796a3e1f49454 - Path: Packages/com.unity.device-simulator.devices/Editor/Devices/Apple iPhone 7.device - Importer: ScriptedImporter/UnityEditor.QuickSearchModule:UnityEditor.Search:ASIAI0B
Importing 'GUID: e490aee0ddd0b45ea8c796a3e1f49454 - Path: Packages/com.unity.device-simulator.devices/Editor/Devices/Apple iPhone 7.device - Importer: ScriptedImporter/UnityEditor.QuickSearchModule:UnityEditor.Search:ASIAI0B' with importer (ScriptedImporter : UnityEditor.QuickSearchModule:UnityEditor.Search:ASIAI0B)
Imported 'GUID: e490aee0ddd0b45ea8c796a3e1f49454' -> (Import Result ID: '45dbd1aaaa7c5c31c902e5028e042ef9') in 0.005 seconds [static and dynamic dependencies]. Details - ImportResultOutputID=10e2aac8c7d1c2e07ab30ddf32d2e65d DependenciesID=31a33c86752c5cfacdd4c60060529c94 StaticDependenciesID=b0692d024c86788aa2961d5bd15a27c6 
Number of updated asset objects reloaded before import = 0
Number of asset objects unloaded after import = 1
========================================================================
Received Import Request.
  Time of request: 2026-10-01T10:28:11.6799932Z
  Time since last request: 0.0003736 seconds.
  importAddress: GUID: ac82d78de27024e699d2e94fc8c6959b - Path: Packages/com.unity.device-simulator.devices/Editor/Devices/Apple iPad (7th gen).device - Importer: ScriptedImporter/UnityEditor.QuickSearchModule:UnityEditor.Search:ASIAI0B
Importing 'GUID: ac82d78de27024e699d2e94fc8c6959b - Path: Packages/com.unity.device-simulator.devices/Editor/Devices/Apple iPad (7th gen).device - Importer: ScriptedImporter/UnityEditor.QuickSearchModule:UnityEditor.Search:ASIAI0B' with importer (ScriptedImporter : UnityEditor.QuickSearchModule:UnityEditor.Search:ASIAI0B)
Imported 'GUID: ac82d78de27024e699d2e94fc8c6959b' -> (Import Result ID: '1d795cdda575140acc803eaf0defab35') in 0.006 seconds [static and dynamic dependencies]. Details - ImportResultOutputID=5474d3699fa913fa6e810e1aace5be7d DependenciesID=111cc36f02471d054e5ff7539a0911f0 StaticDependenciesID=c3a3d14f1a644cc15e9a9b25b827adbc 
Number of updated asset objects reloaded before import = 0
Number of asset objects unloaded after import = 1
========================================================================
Received Import Request.
  Time of request: 2026-10-01T10:28:11.7178916Z
  Time since last request: 0.0194802 seconds.
  importAddress: GUID: d495b6cb264314234bdafe3fa5420138 - Path: Packages/com.unity.device-simulator.devices/Editor/Devices/DeviceOverlays/Xiaomi Redmi Note 3_Overlay.png - Importer: ScriptedImporter/UnityEditor.QuickSearchModule:UnityEditor.Search:ASIAI0B
Importing 'GUID: d495b6cb264314234bdafe3fa5420138 - Path: Packages/com.unity.device-simulator.devices/Editor/Devices/DeviceOverlays/Xiaomi Redmi Note 3_Overlay.png - Importer: ScriptedImporter/UnityEditor.QuickSearchModule:UnityEditor.Search:ASIAI0B' with importer (ScriptedImporter : UnityEditor.QuickSearchModule:UnityEditor.Search:ASIAI0B)
Imported 'GUID: d495b6cb264314234bdafe3fa5420138' -> (Import Result ID: '3be97d844176d328760fa02cb8f5243c') in 0.031 seconds [static and dynamic dependencies]. Details - ImportResultOutputID=952e22b38e1771429e8e9ae804a7d06d DependenciesID=254779c5e23d85c8e1b89183a8eebb7b StaticDependenciesID=9161c53f4f27d6997e1db95d38204a21 
Number of updated asset objects reloaded before import = 0
Number of asset objects unloaded after import = 1
========================================================================
Received Import Request.
  Time of request: 2026-10-01T10:28:11.7644807Z
  Time since last request: 0.0005183 seconds.
  importAddress: GUID: 784a3880f872f4766afdc433bb60490f - Path: Packages/com.unity.device-simulator.devices/Editor/Devices/Samsung Galaxy S9.device - Importer: ScriptedImporter/UnityEditor.QuickSearchModule:UnityEditor.Search:ASIAI0B
Importing 'GUID: 784a3880f872f4766afdc433bb60490f - Path: Packages/com.unity.device-simulator.devices/Editor/Devices/Samsung Galaxy S9.device - Importer: ScriptedImporter/UnityEditor.QuickSearchModule:UnityEditor.Search:ASIAI0B' with importer (ScriptedImporter : UnityEditor.QuickSearchModule:UnityEditor.Search:ASIAI0B)
Imported 'GUID: 784a3880f872f4766afdc433bb60490f' -> (Import Result ID: '7e41a7ea2672013bc57aa8ecb71655b6') in 0.005 seconds [static and dynamic dependencies]. Details - ImportResultOutputID=c17f29d142df334a4cab017462624be8 DependenciesID=d8bd584be25790f579b2d39a2bc9b96e StaticDependenciesID=b68b0cdef05470231daeb41190b5f1f5 
Number of updated asset objects reloaded before import = 0
Number of asset objects unloaded after import = 1
========================================================================
Received Import Request.
  Time of request: 2026-10-01T10:28:11.7841599Z
  Time since last request: 0.0004331 seconds.
  importAddress: GUID: afbd419155bb54e7ea6ed1c1dcfb1918 - Path: Packages/com.unity.device-simulator.devices/Editor/Devices/DeviceOverlays/Apple iPad (7th gen)_Overlay.png - Importer: ScriptedImporter/UnityEditor.QuickSearchModule:UnityEditor.Search:ASIAI0B
Importing 'GUID: afbd419155bb54e7ea6ed1c1dcfb1918 - Path: Packages/com.unity.device-simulator.devices/Editor/Devices/DeviceOverlays/Apple iPad (7th gen)_Overlay.png - Importer: ScriptedImporter/UnityEditor.QuickSearchModule:UnityEditor.Search:ASIAI0B' with importer (ScriptedImporter : UnityEditor.QuickSearchModule:UnityEditor.Search:ASIAI0B)
Imported 'GUID: afbd419155bb54e7ea6ed1c1dcfb1918' -> (Import Result ID: '7d14f1ad6a907a96fb300df8d891c534') in 0.020 seconds [static and dynamic dependencies]. Details - ImportResultOutputID=97640b34b084a65e5a7bcfd08dd4f105 DependenciesID=7ef8c0ae7d7de226bf7b5d17ecdf36c7 StaticDependenciesID=5106fb0404d177bfcdfd0059ab1cdeec 
Number of updated asset objects reloaded before import = 0
Number of asset objects unloaded after import = 1
========================================================================
Received Import Request.
  Time of request: 2026-10-01T10:28:11.8188251Z
  Time since last request: 0.0004838 seconds.
  importAddress: GUID: 71dc6b22beaef4baaae84f0564fe465c - Path: Packages/com.unity.device-simulator.devices/Editor/Devices/DeviceOverlays/Xiaomi Redmi Note7_Overlay.png - Importer: ScriptedImporter/UnityEditor.QuickSearchModule:UnityEditor.Search:ASIAI0B
Importing 'GUID: 71dc6b22beaef4baaae84f0564fe465c - Path: Packages/com.unity.device-simulator.devices/Editor/Devices/DeviceOverlays/Xiaomi Redmi Note7_Overlay.png - Importer: ScriptedImporter/UnityEditor.QuickSearchModule:UnityEditor.Search:ASIAI0B' with importer (ScriptedImporter : UnityEditor.QuickSearchModule:UnityEditor.Search:ASIAI0B)
Imported 'GUID: 71dc6b22beaef4baaae84f0564fe465c' -> (Import Result ID: '01b5a25ac4e31df565b16de18b645bd9') in 0.025 seconds [static and dynamic dependencies]. Details - ImportResultOutputID=c0d4b08262fc0e35fcf64834abdc3ab0 DependenciesID=8f6d66fa38dd5d0bee34f774d39e930a StaticDependenciesID=db70e1042731ee4c9eeec43e2fd059b8 
Number of updated asset objects reloaded before import = 0
Number of asset objects unloaded after import = 1
========================================================================
Received Import Request.
  Time of request: 2026-10-01T10:28:11.8574677Z
  Time since last request: 0.0003915 seconds.
  importAddress: GUID: ab756eb8bcab14e2a92d426b2da13c06 - Path: Packages/com.unity.device-simulator.devices/Editor/Devices/Apple Ipod Touch 6th Gen.device - Importer: ScriptedImporter/UnityEditor.QuickSearchModule:UnityEditor.Search:ASIAI0B
Importing 'GUID: ab756eb8bcab14e2a92d426b2da13c06 - Path: Packages/com.unity.device-simulator.devices/Editor/Devices/Apple Ipod Touch 6th Gen.device - Importer: ScriptedImporter/UnityEditor.QuickSearchModule:UnityEditor.Search:ASIAI0B' with importer (ScriptedImporter : UnityEditor.QuickSearchModule:UnityEditor.Search:ASIAI0B)
Imported 'GUID: ab756eb8bcab14e2a92d426b2da13c06' -> (Import Result ID: '8535503b7d0cdb6bda0f901bbf08a92b') in 0.005 seconds [static and dynamic dependencies]. Details - ImportResultOutputID=19a325ba2e5cd8e10b2ce9243640dbe5 DependenciesID=e6244f73c42c1354a9f642f11a74af78 StaticDependenciesID=0ba058915fb8fb63ad80add53c8ddab8 
Number of updated asset objects reloaded before import = 0
Number of asset objects unloaded after import = 1
========================================================================
Received Import Request.
  Time of request: 2026-10-01T10:28:11.8781724Z
  Time since last request: 0.0004004 seconds.
  importAddress: GUID: 06124a325d53342a098428ea6f366bff - Path: Packages/com.unity.device-simulator.devices/Editor/Devices/DeviceOverlays/Samsung Galaxy Note20 Ultra 5G_Overlay.png - Importer: ScriptedImporter/UnityEditor.QuickSearchModule:UnityEditor.Search:ASIAI0B
Importing 'GUID: 06124a325d53342a098428ea6f366bff - Path: Packages/com.unity.device-simulator.devices/Editor/Devices/DeviceOverlays/Samsung Galaxy Note20 Ultra 5G_Overlay.png - Importer: ScriptedImporter/UnityEditor.QuickSearchModule:UnityEditor.Search:ASIAI0B' with importer (ScriptedImporter : UnityEditor.QuickSearchModule:UnityEditor.Search:ASIAI0B)
Imported 'GUID: 06124a325d53342a098428ea6f366bff' -> (Import Result ID: '512de369316540324089e7cafae453dd') in 0.028 seconds [static and dynamic dependencies]. Details - ImportResultOutputID=ae4b9d250c624a35747c5c5927c7be96 DependenciesID=6dee021a1d8f72e79d808e220a9c8b2e StaticDependenciesID=cedf327dfd76e4344621fb8d31840051 
Number of updated asset objects reloaded before import = 0
Number of asset objects unloaded after import = 1
========================================================================
Received Import Request.
  Time of request: 2026-10-01T10:28:11.9210546Z
  Time since last request: 0.000655 seconds.
  importAddress: GUID: 062565fd37ad7435085a295032a7a3b9 - Path: Packages/com.unity.device-simulator.devices/Editor/Devices/DeviceOverlays/Samsung Galaxy S8_Overlay.png - Importer: ScriptedImporter/UnityEditor.QuickSearchModule:UnityEditor.Search:ASIAI0B
Importing 'GUID: 062565fd37ad7435085a295032a7a3b9 - Path: Packages/com.unity.device-simulator.devices/Editor/Devices/DeviceOverlays/Samsung Galaxy S8_Overlay.png - Importer: ScriptedImporter/UnityEditor.QuickSearchModule:UnityEditor.Search:ASIAI0B' with importer (ScriptedImporter : UnityEditor.QuickSearchModule:UnityEditor.Search:ASIAI0B)
Imported 'GUID: 062565fd37ad7435085a295032a7a3b9' -> (Import Result ID: 'a4ecabb39f0409b66f6e4cc3d810bf6f') in 0.024 seconds [static and dynamic dependencies]. Details - ImportResultOutputID=725ad2376daa01eeb25b54cdfa75c17d DependenciesID=417652f3779d27cd6d009a730bb9a041 StaticDependenciesID=9f2d29fecbbdabc604d0bec687242236 
Number of updated asset objects reloaded before import = 0
Number of asset objects unloaded after import = 1
========================================================================
Received Import Request.
  Time of request: 2026-10-01T10:28:11.9587402Z
  Time since last request: 0.0004463 seconds.
  importAddress: GUID: e8060c79cb3f0452eb88f19ba52b06ba - Path: Packages/com.unity.device-simulator.devices/Editor/Devices/DeviceOverlays/Xiaomi Redmi 6 Pro_Overlay.png - Importer: ScriptedImporter/UnityEditor.QuickSearchModule:UnityEditor.Search:ASIAI0B
Importing 'GUID: e8060c79cb3f0452eb88f19ba52b06ba - Path: Packages/com.unity.device-simulator.devices/Editor/Devices/DeviceOverlays/Xiaomi Redmi 6 Pro_Overlay.png - Importer: ScriptedImporter/UnityEditor.QuickSearchModule:UnityEditor.Search:ASIAI0B' with importer (ScriptedImporter : UnityEditor.QuickSearchModule:UnityEditor.Search:ASIAI0B)
Imported 'GUID: e8060c79cb3f0452eb88f19ba52b06ba' -> (Import Result ID: 'd8932718170b34996605c2c96b707413') in 0.026 seconds [static and dynamic dependencies]. Details - ImportResultOutputID=ba8aa7945ca7bd1d75d19503bf5ade12 DependenciesID=4e49214b4064cd9fe043baf9abd45c1a StaticDependenciesID=f221d368a6f2540a3f34d1a69c2e5621 
Number of updated asset objects reloaded before import = 0
Number of asset objects unloaded after import = 1
========================================================================
Received Import Request.
  Time of request: 2026-10-01T10:28:11.9987193Z
  Time since last request: 0.0003972 seconds.
  importAddress: GUID: a236d171a9e864f6da8591311392184f - Path: Packages/com.unity.device-simulator.devices/Editor/Devices/LG Nexus 5.device - Importer: ScriptedImporter/UnityEditor.QuickSearchModule:UnityEditor.Search:ASIAI0B
Importing 'GUID: a236d171a9e864f6da8591311392184f - Path: Packages/com.unity.device-simulator.devices/Editor/Devices/LG Nexus 5.device - Importer: ScriptedImporter/UnityEditor.QuickSearchModule:UnityEditor.Search:ASIAI0B' with importer (ScriptedImporter : UnityEditor.QuickSearchModule:UnityEditor.Search:ASIAI0B)
Imported 'GUID: a236d171a9e864f6da8591311392184f' -> (Import Result ID: '3a43dcb560da93ae19e9ff488edf7a78') in 0.005 seconds [static and dynamic dependencies]. Details - ImportResultOutputID=dc7ea816353b1bdd86902b5a5cd8f24f DependenciesID=283c3060b78e7230c558043e347e4819 StaticDependenciesID=6ca07aaea94747399faaf3e27a5292fd 
Number of updated asset objects reloaded before import = 0
Number of asset objects unloaded after import = 1
========================================================================
Received Import Request.
  Time of request: 2026-10-01T10:28:12.0186749Z
  Time since last request: 0.0004629 seconds.
  importAddress: GUID: 66e7142b2e49048f984f9778a80d54a3 - Path: Packages/com.unity.device-simulator.devices/Editor/Devices/Google Nexus 4.device - Importer: ScriptedImporter/UnityEditor.QuickSearchModule:UnityEditor.Search:ASIAI0B
Importing 'GUID: 66e7142b2e49048f984f9778a80d54a3 - Path: Packages/com.unity.device-simulator.devices/Editor/Devices/Google Nexus 4.device - Importer: ScriptedImporter/UnityEditor.QuickSearchModule:UnityEditor.Search:ASIAI0B' with importer (ScriptedImporter : UnityEditor.QuickSearchModule:UnityEditor.Search:ASIAI0B)
Imported 'GUID: 66e7142b2e49048f984f9778a80d54a3' -> (Import Result ID: '07188456fe69b0da0cb95365d7a655a5') in 0.006 seconds [static and dynamic dependencies]. Details - ImportResultOutputID=d57b7a510233f44cc8bab80f68f3c42a DependenciesID=0340ccb2f740fd2ea3b9f3ded1c64753 StaticDependenciesID=85f80e25f9ece80ea60529258d35caa4 
Number of updated asset objects reloaded before import = 0
Number of asset objects unloaded after import = 1
========================================================================
Received Import Request.
  Time of request: 2026-10-01T10:28:12.0412989Z
  Time since last request: 0.0004781 seconds.
  importAddress: GUID: 370af3aa0887e4281af45044448b57e0 - Path: Packages/com.unity.device-simulator.devices/Editor/Devices/DeviceOverlays/Xiaomi MI MaX_Overlay.png - Importer: ScriptedImporter/UnityEditor.QuickSearchModule:UnityEditor.Search:ASIAI0B
Importing 'GUID: 370af3aa0887e4281af45044448b57e0 - Path: Packages/com.unity.device-simulator.devices/Editor/Devices/DeviceOverlays/Xiaomi MI MaX_Overlay.png - Importer: ScriptedImporter/UnityEditor.QuickSearchModule:UnityEditor.Search:ASIAI0B' with importer (ScriptedImporter : UnityEditor.QuickSearchModule:UnityEditor.Search:ASIAI0B)
Imported 'GUID: 370af3aa0887e4281af45044448b57e0' -> (Import Result ID: '5da785e776ec766adf57af35df89038d') in 0.032 seconds [static and dynamic dependencies]. Details - ImportResultOutputID=8c791ee4ce5c15440c676e4d0c2dc196 DependenciesID=d78b518ec0cb133180f29467cc40c790 StaticDependenciesID=7add8d65bd09ce344a07ddb359200ca9 
Number of updated asset objects reloaded before import = 0
Number of asset objects unloaded after import = 1
========================================================================
Received Import Request.
  Time of request: 2026-10-01T10:28:12.0886345Z
  Time since last request: 0.0004951 seconds.
  importAddress: GUID: 5132d5b4707df409c8d6979b4f8b0f00 - Path: Packages/com.unity.device-simulator.devices/Editor/Devices/DeviceOverlays/Apple iPhone 8_Overlay.png - Importer: ScriptedImporter/UnityEditor.QuickSearchModule:UnityEditor.Search:ASIAI0B
Importing 'GUID: 5132d5b4707df409c8d6979b4f8b0f00 - Path: Packages/com.unity.device-simulator.devices/Editor/Devices/DeviceOverlays/Apple iPhone 8_Overlay.png - Importer: ScriptedImporter/UnityEditor.QuickSearchModule:UnityEditor.Search:ASIAI0B' with importer (ScriptedImporter : UnityEditor.QuickSearchModule:UnityEditor.Search:ASIAI0B)
Imported 'GUID: 5132d5b4707df409c8d6979b4f8b0f00' -> (Import Result ID: 'c2238679cc3d1540d5e9e73619238450') in 0.030 seconds [static and dynamic dependencies]. Details - ImportResultOutputID=38d1628c6265d70214a3adf2e5f9ba8f DependenciesID=201f857f65f64738ce2ae7832f725f8e StaticDependenciesID=2a688059ebe523b3ec310e1b8ffe4bd8 
Number of updated asset objects reloaded before import = 0
Number of asset objects unloaded after import = 1
========================================================================
Received Import Request.
  Time of request: 2026-10-01T10:28:12.130883Z
  Time since last request: 0.0005318 seconds.
  importAddress: GUID: 4267810b6229f4c369e545fdf0aa2381 - Path: Packages/com.unity.device-simulator.devices/Editor/Devices/DeviceOverlays/Samsung Galaxy S9_Overlay.png - Importer: ScriptedImporter/UnityEditor.QuickSearchModule:UnityEditor.Search:ASIAI0B
Importing 'GUID: 4267810b6229f4c369e545fdf0aa2381 - Path: Packages/com.unity.device-simulator.devices/Editor/Devices/DeviceOverlays/Samsung Galaxy S9_Overlay.png - Importer: ScriptedImporter/UnityEditor.QuickSearchModule:UnityEditor.Search:ASIAI0B' with importer (ScriptedImporter : UnityEditor.QuickSearchModule:UnityEditor.Search:ASIAI0B)
Imported 'GUID: 4267810b6229f4c369e545fdf0aa2381' -> (Import Result ID: 'cacf58cb686f113d43f234f26aaa7764') in 0.023 seconds [static and dynamic dependencies]. Details - ImportResultOutputID=06da0ab9aac650b34bc44b5089e4cbfa DependenciesID=1fab3e2e18205f96daa2a422ae84f3eb StaticDependenciesID=5775badaef3c38d2221e26e1c200bee1 
Number of updated asset objects reloaded before import = 0
Number of asset objects unloaded after import = 1
========================================================================
Received Import Request.
  Time of request: 2026-10-01T10:28:12.1688679Z
  Time since last request: 0.0004432 seconds.
  importAddress: GUID: d9677cc8e7be04a06a3d895c41a485f4 - Path: Packages/com.unity.device-simulator.devices/Editor/Devices/Google Pixel 2 XL.device - Importer: ScriptedImporter/UnityEditor.QuickSearchModule:UnityEditor.Search:ASIAI0B
Importing 'GUID: d9677cc8e7be04a06a3d895c41a485f4 - Path: Packages/com.unity.device-simulator.devices/Editor/Devices/Google Pixel 2 XL.device - Importer: ScriptedImporter/UnityEditor.QuickSearchModule:UnityEditor.Search:ASIAI0B' with importer (ScriptedImporter : UnityEditor.QuickSearchModule:UnityEditor.Search:ASIAI0B)
Imported 'GUID: d9677cc8e7be04a06a3d895c41a485f4' -> (Import Result ID: '7d393378f6a93cfce1b64fe71c9b6e01') in 0.006 seconds [static and dynamic dependencies]. Details - ImportResultOutputID=f4edadf1f482d234f594f5b79c75a258 DependenciesID=12aeda8ed97e34ed10e46cdbee4dc457 StaticDependenciesID=df0dfd042f9090cf1afd8c17abdd2a7d 
Number of updated asset objects reloaded before import = 0
Number of asset objects unloaded after import = 1
========================================================================
Received Import Request.
  Time of request: 2026-10-01T10:28:12.188368Z
  Time since last request: 0.0004544 seconds.
  importAddress: GUID: 8f88177548d354508b1d381aeb4f40a9 - Path: Packages/com.unity.device-simulator.devices/Editor/Devices/Huawei P40 Pro.device - Importer: ScriptedImporter/UnityEditor.QuickSearchModule:UnityEditor.Search:ASIAI0B
Importing 'GUID: 8f88177548d354508b1d381aeb4f40a9 - Path: Packages/com.unity.device-simulator.devices/Editor/Devices/Huawei P40 Pro.device - Importer: ScriptedImporter/UnityEditor.QuickSearchModule:UnityEditor.Search:ASIAI0B' with importer (ScriptedImporter : UnityEditor.QuickSearchModule:UnityEditor.Search:ASIAI0B)
Imported 'GUID: 8f88177548d354508b1d381aeb4f40a9' -> (Import Result ID: 'fdf5dc5797abfa0d0bf5fa5075dbe192') in 0.006 seconds [static and dynamic dependencies]. Details - ImportResultOutputID=8386dd5ae594235388183e0f484b1c50 DependenciesID=21d278a0fab2bb2a7f08b47a5ea23021 StaticDependenciesID=ba98644f30b3a50f4001b51b239a2002 
Number of updated asset objects reloaded before import = 0
Number of asset objects unloaded after import = 1
========================================================================
Received Import Request.
  Time of request: 2026-10-01T10:28:12.2084093Z
  Time since last request: 0.0005097 seconds.
  importAddress: GUID: 1840ef1df8f4546a78fccfe48bc9209c - Path: Packages/com.unity.device-simulator.devices/Editor/Devices/Motorola Moto G7 Power.device - Importer: ScriptedImporter/UnityEditor.QuickSearchModule:UnityEditor.Search:ASIAI0B
Importing 'GUID: 1840ef1df8f4546a78fccfe48bc9209c - Path: Packages/com.unity.device-simulator.devices/Editor/Devices/Motorola Moto G7 Power.device - Importer: ScriptedImporter/UnityEditor.QuickSearchModule:UnityEditor.Search:ASIAI0B' with importer (ScriptedImporter : UnityEditor.QuickSearchModule:UnityEditor.Search:ASIAI0B)
Imported 'GUID: 1840ef1df8f4546a78fccfe48bc9209c' -> (Import Result ID: 'b0725920dc92e325baa193ae585bf785') in 0.006 seconds [static and dynamic dependencies]. Details - ImportResultOutputID=df251477c03e3843a25dce0bee2d751d DependenciesID=582b5b17a5365b6a4bbf7f98ed2b93b8 StaticDependenciesID=be3050df7f433b34ef7a3071b11b2873 
Number of updated asset objects reloaded before import = 0
Number of asset objects unloaded after import = 1
========================================================================
Received Import Request.
  Time of request: 2026-10-01T10:28:12.2293439Z
  Time since last request: 0.0004704 seconds.
  importAddress: GUID: 9a5bea3fcfd6f443d9e833b5e3aef737 - Path: Packages/com.unity.device-simulator.devices/Editor/Devices/DeviceOverlays/LG Nexus 5_Overlay.png - Importer: ScriptedImporter/UnityEditor.QuickSearchModule:UnityEditor.Search:ASIAI0B
Importing 'GUID: 9a5bea3fcfd6f443d9e833b5e3aef737 - Path: Packages/com.unity.device-simulator.devices/Editor/Devices/DeviceOverlays/LG Nexus 5_Overlay.png - Importer: ScriptedImporter/UnityEditor.QuickSearchModule:UnityEditor.Search:ASIAI0B' with importer (ScriptedImporter : UnityEditor.QuickSearchModule:UnityEditor.Search:ASIAI0B)
Imported 'GUID: 9a5bea3fcfd6f443d9e833b5e3aef737' -> (Import Result ID: '629e357530dd2614e8670f4bd3245388') in 0.025 seconds [static and dynamic dependencies]. Details - ImportResultOutputID=2518260314fbe7f51dbfb1aa3c76b611 DependenciesID=70436209186a8e2d87ef93464d221edb StaticDependenciesID=9edaddd29cc0e9ff8dec86997e3d6f9d 
Number of updated asset objects reloaded before import = 0
Number of asset objects unloaded after import = 1
========================================================================
Received Import Request.
  Time of request: 2026-10-01T10:28:12.2677707Z
  Time since last request: 0.0004924 seconds.
  importAddress: GUID: 6b59e80595ad7c0428a5b187644556a2 - Path: Assets/Scripts/NoteIdentifier.cs - Importer: ScriptedImporter/UnityEditor.QuickSearchModule:UnityEditor.Search:ASIAI0B
Importing 'GUID: 6b59e80595ad7c0428a5b187644556a2 - Path: Assets/Scripts/NoteIdentifier.cs - Importer: ScriptedImporter/UnityEditor.QuickSearchModule:UnityEditor.Search:ASIAI0B' with importer (ScriptedImporter : UnityEditor.QuickSearchModule:UnityEditor.Search:ASIAI0B)
Imported 'GUID: 6b59e80595ad7c0428a5b187644556a2' -> (Import Result ID: '1ee9a6c46a2936abdcc6ea40206c6d46') in 0.012 seconds [static and dynamic dependencies]. Details - ImportResultOutputID=38940634184a7441222be7cdbab4df84 DependenciesID=c8302d131ebe7e98e6e707a8440c0ae4 StaticDependenciesID=8dbefb0b29ad4834363a5ccfbd064c30 
Number of updated asset objects reloaded before import = 0
Number of asset objects unloaded after import = 0
========================================================================
Received Import Request.
  Time of request: 2026-10-01T10:28:12.2930676Z
  Time since last request: 0.0005736 seconds.
  importAddress: GUID: 4a3d1e023e27b4fea97084ab69aa0c4d - Path: Packages/com.unity.device-simulator.devices/Editor/Devices/DeviceOverlays/Apple iPhone 12 mini_Overlay.png - Importer: ScriptedImporter/UnityEditor.QuickSearchModule:UnityEditor.Search:ASIAI0B
Importing 'GUID: 4a3d1e023e27b4fea97084ab69aa0c4d - Path: Packages/com.unity.device-simulator.devices/Editor/Devices/DeviceOverlays/Apple iPhone 12 mini_Overlay.png - Importer: ScriptedImporter/UnityEditor.QuickSearchModule:UnityEditor.Search:ASIAI0B' with importer (ScriptedImporter : UnityEditor.QuickSearchModule:UnityEditor.Search:ASIAI0B)
Imported 'GUID: 4a3d1e023e27b4fea97084ab69aa0c4d' -> (Import Result ID: 'ea222a80ff35d0dbc074cb58cfd48314') in 0.030 seconds [static and dynamic dependencies]. Details - ImportResultOutputID=f6f2e96c15c02c95ef65192ec41c99b1 DependenciesID=d053eea9fd01731d0cea959c98a5ae66 StaticDependenciesID=a1f52e2653878b99558e22f33c2d2ffa 
Number of updated asset objects reloaded before import = 0
Number of asset objects unloaded after import = 1
========================================================================
Received Import Request.
  Time of request: 2026-10-01T10:28:12.336245Z
  Time since last request: 0.0003901 seconds.
  importAddress: GUID: 504b5f9f886c0492b8f76bf60ec9fcd6 - Path: Packages/com.unity.device-simulator.devices/Editor/Devices/Google Pixel 2.device - Importer: ScriptedImporter/UnityEditor.QuickSearchModule:UnityEditor.Search:ASIAI0B
Importing 'GUID: 504b5f9f886c0492b8f76bf60ec9fcd6 - Path: Packages/com.unity.device-simulator.devices/Editor/Devices/Google Pixel 2.device - Importer: ScriptedImporter/UnityEditor.QuickSearchModule:UnityEditor.Search:ASIAI0B' with importer (ScriptedImporter : UnityEditor.QuickSearchModule:UnityEditor.Search:ASIAI0B)
Imported 'GUID: 504b5f9f886c0492b8f76bf60ec9fcd6' -> (Import Result ID: '198f1030bf9eeab4cc97a542a3724c7b') in 0.005 seconds [static and dynamic dependencies]. Details - ImportResultOutputID=fbb643c88db02d4bacd94a829e43be92 DependenciesID=00d2615aa9add9a998df819d7f67a0c9 StaticDependenciesID=f3d0eff3b8f92cb8a6a61b70f3126c5f 
Number of updated asset objects reloaded before import = 0
Number of asset objects unloaded after import = 1
========================================================================
Received Import Request.
  Time of request: 2026-10-01T10:28:12.3555284Z
  Time since last request: 0.0003529 seconds.
  importAddress: GUID: a57a167982b6a40f2ab0d54901339b26 - Path: Packages/com.unity.device-simulator.devices/Editor/Devices/Soony Xperia XZ Premium.device - Importer: ScriptedImporter/UnityEditor.QuickSearchModule:UnityEditor.Search:ASIAI0B
Importing 'GUID: a57a167982b6a40f2ab0d54901339b26 - Path: Packages/com.unity.device-simulator.devices/Editor/Devices/Soony Xperia XZ Premium.device - Importer: ScriptedImporter/UnityEditor.QuickSearchModule:UnityEditor.Search:ASIAI0B' with importer (ScriptedImporter : UnityEditor.QuickSearchModule:UnityEditor.Search:ASIAI0B)
Imported 'GUID: a57a167982b6a40f2ab0d54901339b26' -> (Import Result ID: '516176f9afbad66ba64f1d1598bb112b') in 0.005 seconds [static and dynamic dependencies]. Details - ImportResultOutputID=bf5c43839039c264edc446c94ef53a11 DependenciesID=eb8475972860ea4b276df4be1182a810 StaticDependenciesID=7c05b8e3055c308e97aa567815dad623 
Number of updated asset objects reloaded before import = 0
Number of asset objects unloaded after import = 1
========================================================================
Received Import Request.
  Time of request: 2026-10-01T10:28:12.375862Z
  Time since last request: 0.0004161 seconds.
  importAddress: GUID: 45de6290d84c24619b879ab74fbd0887 - Path: Packages/com.unity.device-simulator.devices/Editor/Devices/DeviceOverlays/Xiaomi MI Note Pro_Overlay.png - Importer: ScriptedImporter/UnityEditor.QuickSearchModule:UnityEditor.Search:ASIAI0B
Importing 'GUID: 45de6290d84c24619b879ab74fbd0887 - Path: Packages/com.unity.device-simulator.devices/Editor/Devices/DeviceOverlays/Xiaomi MI Note Pro_Overlay.png - Importer: ScriptedImporter/UnityEditor.QuickSearchModule:UnityEditor.Search:ASIAI0B' with importer (ScriptedImporter : UnityEditor.QuickSearchModule:UnityEditor.Search:ASIAI0B)
Imported 'GUID: 45de6290d84c24619b879ab74fbd0887' -> (Import Result ID: 'b2f3e1b7c3806f1eb76f4a1e376567f5') in 0.028 seconds [static and dynamic dependencies]. Details - ImportResultOutputID=27d68c410a141f1c650eb0c3bcea7236 DependenciesID=5712e2727855fd94c5b644c228287aa5 StaticDependenciesID=c052311bc08348e732b5ae170a7d87f1 
Number of updated asset objects reloaded before import = 0
Number of asset objects unloaded after import = 1
========================================================================
Received Import Request.
  Time of request: 2026-10-01T10:28:12.4180348Z
  Time since last request: 0.0004453 seconds.
  importAddress: GUID: 18127c7029d614b9d8e2d6977450efba - Path: Packages/com.unity.device-simulator.devices/Editor/Devices/Apple iPhone 12 mini.device - Importer: ScriptedImporter/UnityEditor.QuickSearchModule:UnityEditor.Search:ASIAI0B
Importing 'GUID: 18127c7029d614b9d8e2d6977450efba - Path: Packages/com.unity.device-simulator.devices/Editor/Devices/Apple iPhone 12 mini.device - Importer: ScriptedImporter/UnityEditor.QuickSearchModule:UnityEditor.Search:ASIAI0B' with importer (ScriptedImporter : UnityEditor.QuickSearchModule:UnityEditor.Search:ASIAI0B)
Imported 'GUID: 18127c7029d614b9d8e2d6977450efba' -> (Import Result ID: '137ba0601a71b78de9bf66f3e7c54c70') in 0.005 seconds [static and dynamic dependencies]. Details - ImportResultOutputID=16c19c6d507b04a1c1c74283b4e738bd DependenciesID=3a00ca812b3057c9baa8a24018e208c3 StaticDependenciesID=19b321df8e6edffcfaf10caab9a12cb0 
Number of updated asset objects reloaded before import = 0
Number of asset objects unloaded after import = 1
========================================================================
Received Import Request.
  Time of request: 2026-10-01T10:28:12.4399088Z
  Time since last request: 0.0004048 seconds.
  importAddress: GUID: b6242b5acc21d4a25a94658b55453a29 - Path: Packages/com.unity.device-simulator.devices/Editor/Devices/DeviceOverlays/Huawei P40 Pro_Overlay.png - Importer: ScriptedImporter/UnityEditor.QuickSearchModule:UnityEditor.Search:ASIAI0B
Importing 'GUID: b6242b5acc21d4a25a94658b55453a29 - Path: Packages/com.unity.device-simulator.devices/Editor/Devices/DeviceOverlays/Huawei P40 Pro_Overlay.png - Importer: ScriptedImporter/UnityEditor.QuickSearchModule:UnityEditor.Search:ASIAI0B' with importer (ScriptedImporter : UnityEditor.QuickSearchModule:UnityEditor.Search:ASIAI0B)
Imported 'GUID: b6242b5acc21d4a25a94658b55453a29' -> (Import Result ID: 'e2de4c6a2fd2817485068961afb588a9') in 0.029 seconds [static and dynamic dependencies]. Details - ImportResultOutputID=2c4a82ab89d61c6ffacd7a43981bec46 DependenciesID=c6334f0a273e9c23f003ae567cb6e31b StaticDependenciesID=0f2f009bdeb07a346576296acd4cda64 
Number of updated asset objects reloaded before import = 0
Number of asset objects unloaded after import = 1
========================================================================
Received Import Request.
  Time of request: 2026-10-01T10:28:12.4839904Z
  Time since last request: 0.0005161 seconds.
  importAddress: GUID: 88782874619ec4e0f876b6e2031e3257 - Path: Packages/com.unity.device-simulator.devices/Editor/Devices/Samsung Galaxy S10 5G.device - Importer: ScriptedImporter/UnityEditor.QuickSearchModule:UnityEditor.Search:ASIAI0B
Importing 'GUID: 88782874619ec4e0f876b6e2031e3257 - Path: Packages/com.unity.device-simulator.devices/Editor/Devices/Samsung Galaxy S10 5G.device - Importer: ScriptedImporter/UnityEditor.QuickSearchModule:UnityEditor.Search:ASIAI0B' with importer (ScriptedImporter : UnityEditor.QuickSearchModule:UnityEditor.Search:ASIAI0B)
Imported 'GUID: 88782874619ec4e0f876b6e2031e3257' -> (Import Result ID: '956e65089f99254983ee0bb93f0be298') in 0.005 seconds [static and dynamic dependencies]. Details - ImportResultOutputID=943e3de40801a133e47a1394c421a764 DependenciesID=a6db6083487ab2db391d5a8d72611600 StaticDependenciesID=185bd4ef5641beb03bbd624692ef1c40 
Number of updated asset objects reloaded before import = 0
Number of asset objects unloaded after import = 1
========================================================================
Received Import Request.
  Time of request: 2026-10-01T10:28:12.5055079Z
  Time since last request: 0.0003627 seconds.
  importAddress: GUID: ffcd6835a91184f0ebb7872620786860 - Path: Packages/com.unity.device-simulator.devices/Editor/Devices/DeviceOverlays/Google Pixel X_Overlay.png - Importer: ScriptedImporter/UnityEditor.QuickSearchModule:UnityEditor.Search:ASIAI0B
Importing 'GUID: ffcd6835a91184f0ebb7872620786860 - Path: Packages/com.unity.device-simulator.devices/Editor/Devices/DeviceOverlays/Google Pixel X_Overlay.png - Importer: ScriptedImporter/UnityEditor.QuickSearchModule:UnityEditor.Search:ASIAI0B' with importer (ScriptedImporter : UnityEditor.QuickSearchModule:UnityEditor.Search:ASIAI0B)
Imported 'GUID: ffcd6835a91184f0ebb7872620786860' -> (Import Result ID: 'f3ea782a8ff244a50f1249d34e7e3a08') in 0.034 seconds [static and dynamic dependencies]. Details - ImportResultOutputID=743aeaeadde327c1070ab97565655806 DependenciesID=65477c0775e39aa13802ce6fecc46517 StaticDependenciesID=39d5669f506131ebc2c30c93b84f30b3 
Number of updated asset objects reloaded before import = 0
Number of asset objects unloaded after import = 1
========================================================================
Received Import Request.
  Time of request: 2026-10-01T10:28:12.5556525Z
  Time since last request: 0.0005041 seconds.
  importAddress: GUID: 08b5092e235e64acfa79716da5238225 - Path: Packages/com.unity.device-simulator.devices/Editor/Devices/Samsung Galaxy Z Flip3 5G.device - Importer: ScriptedImporter/UnityEditor.QuickSearchModule:UnityEditor.Search:ASIAI0B
Importing 'GUID: 08b5092e235e64acfa79716da5238225 - Path: Packages/com.unity.device-simulator.devices/Editor/Devices/Samsung Galaxy Z Flip3 5G.device - Importer: ScriptedImporter/UnityEditor.QuickSearchModule:UnityEditor.Search:ASIAI0B' with importer (ScriptedImporter : UnityEditor.QuickSearchModule:UnityEditor.Search:ASIAI0B)
Imported 'GUID: 08b5092e235e64acfa79716da5238225' -> (Import Result ID: '0e3a492c906342e65c6617299fcbf15c') in 0.006 seconds [static and dynamic dependencies]. Details - ImportResultOutputID=c9f9e951bd877a3d7e6a9db640779e98 DependenciesID=82037247ebf8477054e670414145740b StaticDependenciesID=272cb0356368ec08c03e3694c3923400 
Number of updated asset objects reloaded before import = 0
Number of asset objects unloaded after import = 1
========================================================================
Received Import Request.
  Time of request: 2026-10-01T10:28:12.5771205Z
  Time since last request: 0.0003403 seconds.
  importAddress: GUID: cf367131f73c84efe89bdbfffb701055 - Path: Packages/com.unity.device-simulator.devices/Editor/Devices/Apple iPod Touch 7th Gen.device - Importer: ScriptedImporter/UnityEditor.QuickSearchModule:UnityEditor.Search:ASIAI0B
Importing 'GUID: cf367131f73c84efe89bdbfffb701055 - Path: Packages/com.unity.device-simulator.devices/Editor/Devices/Apple iPod Touch 7th Gen.device - Importer: ScriptedImporter/UnityEditor.QuickSearchModule:UnityEditor.Search:ASIAI0B' with importer (ScriptedImporter : UnityEditor.QuickSearchModule:UnityEditor.Search:ASIAI0B)
Imported 'GUID: cf367131f73c84efe89bdbfffb701055' -> (Import Result ID: '7a6c7f3a649af7be9f4d9cad3d846981') in 0.005 seconds [static and dynamic dependencies]. Details - ImportResultOutputID=6051e20fa67ece193e618d9cda7d6bc4 DependenciesID=014430a31d1de4dd1cddba51e6bdcf86 StaticDependenciesID=e8b39659ebd873333487a88d70b4a512 
Number of updated asset objects reloaded before import = 0
Number of asset objects unloaded after import = 1
========================================================================
Received Import Request.
  Time of request: 2026-10-01T10:28:12.5964331Z
  Time since last request: 0.0004431 seconds.
  importAddress: GUID: 704003a70ca0c4685a4d65b7dc6185e5 - Path: Packages/com.unity.device-simulator.devices/Editor/Devices/vivo NEX 3 5G.device - Importer: ScriptedImporter/UnityEditor.QuickSearchModule:UnityEditor.Search:ASIAI0B
Importing 'GUID: 704003a70ca0c4685a4d65b7dc6185e5 - Path: Packages/com.unity.device-simulator.devices/Editor/Devices/vivo NEX 3 5G.device - Importer: ScriptedImporter/UnityEditor.QuickSearchModule:UnityEditor.Search:ASIAI0B' with importer (ScriptedImporter : UnityEditor.QuickSearchModule:UnityEditor.Search:ASIAI0B)
Imported 'GUID: 704003a70ca0c4685a4d65b7dc6185e5' -> (Import Result ID: '6aa4c864fa696e848fd0333a83038077') in 0.005 seconds [static and dynamic dependencies]. Details - ImportResultOutputID=d26ee7978d181ed7d4966656bb218e06 DependenciesID=32b7a1314c8caf53b37d0007b2b1377a StaticDependenciesID=40a3da7c159a4cbe500837fe05f94a33 
Number of updated asset objects reloaded before import = 0
Number of asset objects unloaded after import = 1
========================================================================
Received Import Request.
  Time of request: 2026-10-01T10:28:12.6156495Z
  Time since last request: 0.0003519 seconds.
  importAddress: GUID: 6e235d9abb4864f78b12260c5d2e2feb - Path: Packages/com.unity.device-simulator.devices/Editor/Devices/DeviceOverlays/Google Pixel 5_Overlay.png - Importer: ScriptedImporter/UnityEditor.QuickSearchModule:UnityEditor.Search:ASIAI0B
Importing 'GUID: 6e235d9abb4864f78b12260c5d2e2feb - Path: Packages/com.unity.device-simulator.devices/Editor/Devices/DeviceOverlays/Google Pixel 5_Overlay.png - Importer: ScriptedImporter/UnityEditor.QuickSearchModule:UnityEditor.Search:ASIAI0B' with importer (ScriptedImporter : UnityEditor.QuickSearchModule:UnityEditor.Search:ASIAI0B)
Imported 'GUID: 6e235d9abb4864f78b12260c5d2e2feb' -> (Import Result ID: '1f310e3cee133bf4ed9d06c221e19a6f') in 0.027 seconds [static and dynamic dependencies]. Details - ImportResultOutputID=599113cbc16fc542e5f7e8a8b9a2d541 DependenciesID=6beff9b257b3a88a839278d07e2c6d59 StaticDependenciesID=f219443d13cdbeec0d7f7c2fbe042346 
Number of updated asset objects reloaded before import = 0
Number of asset objects unloaded after import = 1
========================================================================
Received Import Request.
  Time of request: 2026-10-01T10:28:12.6575961Z
  Time since last request: 0.0003432 seconds.
  importAddress: GUID: 7d0ac44d297334b048465e3456763deb - Path: Packages/com.unity.device-simulator.devices/Editor/Devices/Soony Xperia Z2 Tablet.device - Importer: ScriptedImporter/UnityEditor.QuickSearchModule:UnityEditor.Search:ASIAI0B
Importing 'GUID: 7d0ac44d297334b048465e3456763deb - Path: Packages/com.unity.device-simulator.devices/Editor/Devices/Soony Xperia Z2 Tablet.device - Importer: ScriptedImporter/UnityEditor.QuickSearchModule:UnityEditor.Search:ASIAI0B' with importer (ScriptedImporter : UnityEditor.QuickSearchModule:UnityEditor.Search:ASIAI0B)
Imported 'GUID: 7d0ac44d297334b048465e3456763deb' -> (Import Result ID: 'c94ec57c4466b4692677105821b224ed') in 0.005 seconds [static and dynamic dependencies]. Details - ImportResultOutputID=bd67ccf51e6f101e3fb38250e1996d92 DependenciesID=713eb65c1dbc8dcb0fbdfde3f5a0b181 StaticDependenciesID=eefba1917f1368f9c7ea673ef6f78c31 
Number of updated asset objects reloaded before import = 0
Number of asset objects unloaded after import = 1
========================================================================
Received Import Request.
  Time of request: 2026-10-01T10:28:12.6770034Z
  Time since last request: 0.0003749 seconds.
  importAddress: GUID: d36243d95705d4b5984fc99ebdb32264 - Path: Packages/com.unity.device-simulator.devices/Editor/Devices/Google Pixel X.device - Importer: ScriptedImporter/UnityEditor.QuickSearchModule:UnityEditor.Search:ASIAI0B
Importing 'GUID: d36243d95705d4b5984fc99ebdb32264 - Path: Packages/com.unity.device-simulator.devices/Editor/Devices/Google Pixel X.device - Importer: ScriptedImporter/UnityEditor.QuickSearchModule:UnityEditor.Search:ASIAI0B' with importer (ScriptedImporter : UnityEditor.QuickSearchModule:UnityEditor.Search:ASIAI0B)
Imported 'GUID: d36243d95705d4b5984fc99ebdb32264' -> (Import Result ID: '9b90543ce327bf3d0487bd71ed7b100b') in 0.005 seconds [static and dynamic dependencies]. Details - ImportResultOutputID=3371e4a9c2dc733684061b72ce6cb3d2 DependenciesID=b0605d0543a02629013c25e5b1df5054 StaticDependenciesID=c1625e38706dba522531e55e9205e757 
Number of updated asset objects reloaded before import = 0
Number of asset objects unloaded after import = 1
========================================================================
Received Import Request.
  Time of request: 2026-10-01T10:28:12.696028Z
  Time since last request: 0.0004055 seconds.
  importAddress: GUID: 279a3fb1138ba452d89de8a1dee3d2c2 - Path: Packages/com.unity.device-simulator.devices/Editor/Devices/Apple iPhone SE (2nd generation).device - Importer: ScriptedImporter/UnityEditor.QuickSearchModule:UnityEditor.Search:ASIAI0B
Importing 'GUID: 279a3fb1138ba452d89de8a1dee3d2c2 - Path: Packages/com.unity.device-simulator.devices/Editor/Devices/Apple iPhone SE (2nd generation).device - Importer: ScriptedImporter/UnityEditor.QuickSearchModule:UnityEditor.Search:ASIAI0B' with importer (ScriptedImporter : UnityEditor.QuickSearchModule:UnityEditor.Search:ASIAI0B)
Imported 'GUID: 279a3fb1138ba452d89de8a1dee3d2c2' -> (Import Result ID: 'b427e6f7de11e02fbb7fc0d54d060d79') in 0.005 seconds [static and dynamic dependencies]. Details - ImportResultOutputID=0030bf5318a4ac7a718952f1e539672d DependenciesID=cda5a4fa7553657280d444d35f4363df StaticDependenciesID=6d2cf781efded85773b641c84f1e490a 
Number of updated asset objects reloaded before import = 0
Number of asset objects unloaded after import = 1
========================================================================
Received Import Request.
  Time of request: 2026-10-01T10:28:12.7144218Z
  Time since last request: 0.0004777 seconds.
  importAddress: GUID: 5efc8c1a987fc4617abbdf52867d5df5 - Path: Packages/com.unity.device-simulator.devices/Editor/Devices/DeviceOverlays/Apple iPhone XS_Overlay.png - Importer: ScriptedImporter/UnityEditor.QuickSearchModule:UnityEditor.Search:ASIAI0B
Importing 'GUID: 5efc8c1a987fc4617abbdf52867d5df5 - Path: Packages/com.unity.device-simulator.devices/Editor/Devices/DeviceOverlays/Apple iPhone XS_Overlay.png - Importer: ScriptedImporter/UnityEditor.QuickSearchModule:UnityEditor.Search:ASIAI0B' with importer (ScriptedImporter : UnityEditor.QuickSearchModule:UnityEditor.Search:ASIAI0B)
Imported 'GUID: 5efc8c1a987fc4617abbdf52867d5df5' -> (Import Result ID: 'e6c30566e46bc83b578082a3a2597cf2') in 0.023 seconds [static and dynamic dependencies]. Details - ImportResultOutputID=32f53c9e3003d96fbd8604a51752609c DependenciesID=53ff4af00c80a956d07f944a09f1f223 StaticDependenciesID=df8296e790d044c2415be984073ba101 
Number of updated asset objects reloaded before import = 0
Number of asset objects unloaded after import = 1
========================================================================
Received Import Request.
  Time of request: 2026-10-01T10:28:12.7522652Z
  Time since last request: 0.0004443 seconds.
  importAddress: GUID: 94a47d51ac5f341c8baba06aa96e4c4a - Path: Packages/com.unity.device-simulator.devices/Editor/Devices/Xiaomi MI Max.device - Importer: ScriptedImporter/UnityEditor.QuickSearchModule:UnityEditor.Search:ASIAI0B
Importing 'GUID: 94a47d51ac5f341c8baba06aa96e4c4a - Path: Packages/com.unity.device-simulator.devices/Editor/Devices/Xiaomi MI Max.device - Importer: ScriptedImporter/UnityEditor.QuickSearchModule:UnityEditor.Search:ASIAI0B' with importer (ScriptedImporter : UnityEditor.QuickSearchModule:UnityEditor.Search:ASIAI0B)
Imported 'GUID: 94a47d51ac5f341c8baba06aa96e4c4a' -> (Import Result ID: '76aa9a39881150b5e46b9cf11156744e') in 0.004 seconds [static and dynamic dependencies]. Details - ImportResultOutputID=cc748a857007e8b524021f3f0b2a5778 DependenciesID=6936cdd56171d1177dd0f25c9593dbee StaticDependenciesID=df869aa7dadb8f29bd06132a8d2995ba 
Number of updated asset objects reloaded before import = 0
Number of asset objects unloaded after import = 1
========================================================================
Received Import Request.
  Time of request: 2026-10-01T10:28:12.7707694Z
  Time since last request: 0.0004037 seconds.
  importAddress: GUID: 70a812495be834150921b9e5f0524cc3 - Path: Packages/com.unity.device-simulator.devices/Editor/Devices/DeviceOverlays/LG G4_Overlay.png - Importer: ScriptedImporter/UnityEditor.QuickSearchModule:UnityEditor.Search:ASIAI0B
Importing 'GUID: 70a812495be834150921b9e5f0524cc3 - Path: Packages/com.unity.device-simulator.devices/Editor/Devices/DeviceOverlays/LG G4_Overlay.png - Importer: ScriptedImporter/UnityEditor.QuickSearchModule:UnityEditor.Search:ASIAI0B' with importer (ScriptedImporter : UnityEditor.QuickSearchModule:UnityEditor.Search:ASIAI0B)
Imported 'GUID: 70a812495be834150921b9e5f0524cc3' -> (Import Result ID: '04957d6541267767b17fb7defa24ecff') in 0.024 seconds [static and dynamic dependencies]. Details - ImportResultOutputID=018a69f8912e597b3739d43ec93129fa DependenciesID=17f7d7889ecc0986685c75c96377d573 StaticDependenciesID=c44d71884256d732ed2a60d7761a715f 
Number of updated asset objects reloaded before import = 0
Number of asset objects unloaded after import = 1
========================================================================
Received Import Request.
  Time of request: 2026-10-01T10:28:12.8086673Z
  Time since last request: 0.000466 seconds.
  importAddress: GUID: 83e2847d08c1c407490013838a3637bc - Path: Packages/com.unity.device-simulator.devices/Editor/Devices/Google Pixel 3.device - Importer: ScriptedImporter/UnityEditor.QuickSearchModule:UnityEditor.Search:ASIAI0B
Importing 'GUID: 83e2847d08c1c407490013838a3637bc - Path: Packages/com.unity.device-simulator.devices/Editor/Devices/Google Pixel 3.device - Importer: ScriptedImporter/UnityEditor.QuickSearchModule:UnityEditor.Search:ASIAI0B' with importer (ScriptedImporter : UnityEditor.QuickSearchModule:UnityEditor.Search:ASIAI0B)
Imported 'GUID: 83e2847d08c1c407490013838a3637bc' -> (Import Result ID: 'd63f4e84331c1f305b202892d5546047') in 0.005 seconds [static and dynamic dependencies]. Details - ImportResultOutputID=4b816fdf65e2a1b9d771577974849823 DependenciesID=71a95c18d8b9691c4def1451e87af04e StaticDependenciesID=b57488ab770646a485834f0bf0d794bf 
Number of updated asset objects reloaded before import = 0
Number of asset objects unloaded after import = 1
========================================================================
Received Import Request.
  Time of request: 2026-10-01T10:28:12.8269405Z
  Time since last request: 0.0005247 seconds.
  importAddress: GUID: a650681dacef746be99ec30beb0acee7 - Path: Packages/com.unity.device-simulator.devices/Editor/Devices/Apple iPad Pro 12.9 (2018).device - Importer: ScriptedImporter/UnityEditor.QuickSearchModule:UnityEditor.Search:ASIAI0B
Importing 'GUID: a650681dacef746be99ec30beb0acee7 - Path: Packages/com.unity.device-simulator.devices/Editor/Devices/Apple iPad Pro 12.9 (2018).device - Importer: ScriptedImporter/UnityEditor.QuickSearchModule:UnityEditor.Search:ASIAI0B' with importer (ScriptedImporter : UnityEditor.QuickSearchModule:UnityEditor.Search:ASIAI0B)
Imported 'GUID: a650681dacef746be99ec30beb0acee7' -> (Import Result ID: '10bffa3441ab178e6be98bcce544ccf1') in 0.005 seconds [static and dynamic dependencies]. Details - ImportResultOutputID=458e088055de4f01136d6d0b28cb615b DependenciesID=a409c1616336bb78fb47f8ba9c8e68db StaticDependenciesID=98f4b42b4e9ccb4ece3b1e01652b1fb2 
Number of updated asset objects reloaded before import = 0
Number of asset objects unloaded after import = 1
========================================================================
Received Import Request.
  Time of request: 2026-10-01T10:28:12.8464122Z
  Time since last request: 0.0004034 seconds.
  importAddress: GUID: 5f4f011d5a8e64913a54a00266580404 - Path: Packages/com.unity.device-simulator.devices/Editor/Devices/DeviceOverlays/vivo NEX 3 5G_Overlay.png - Importer: ScriptedImporter/UnityEditor.QuickSearchModule:UnityEditor.Search:ASIAI0B
Importing 'GUID: 5f4f011d5a8e64913a54a00266580404 - Path: Packages/com.unity.device-simulator.devices/Editor/Devices/DeviceOverlays/vivo NEX 3 5G_Overlay.png - Importer: ScriptedImporter/UnityEditor.QuickSearchModule:UnityEditor.Search:ASIAI0B' with importer (ScriptedImporter : UnityEditor.QuickSearchModule:UnityEditor.Search:ASIAI0B)
Imported 'GUID: 5f4f011d5a8e64913a54a00266580404' -> (Import Result ID: 'b7fe8d84088cb0e91193947811fd7ae0') in 0.039 seconds [static and dynamic dependencies]. Details - ImportResultOutputID=605532ad2bb629d6a9b279115638e887 DependenciesID=f8cc9a4dbfc0f136310fe3e07e289d0f StaticDependenciesID=1451fe8c9368cf048c696be349c3691f 
Number of updated asset objects reloaded before import = 0
Number of asset objects unloaded after import = 1
========================================================================
Received Import Request.
  Time of request: 2026-10-01T10:28:12.8982658Z
  Time since last request: 0.0004065 seconds.
  importAddress: GUID: d10d2895af4634f5f82e35ace7855106 - Path: Packages/com.unity.device-simulator.devices/Editor/Devices/Samsung Galaxy Z Fold2 5G.device - Importer: ScriptedImporter/UnityEditor.QuickSearchModule:UnityEditor.Search:ASIAI0B
Importing 'GUID: d10d2895af4634f5f82e35ace7855106 - Path: Packages/com.unity.device-simulator.devices/Editor/Devices/Samsung Galaxy Z Fold2 5G.device - Importer: ScriptedImporter/UnityEditor.QuickSearchModule:UnityEditor.Search:ASIAI0B' with importer (ScriptedImporter : UnityEditor.QuickSearchModule:UnityEditor.Search:ASIAI0B)
Imported 'GUID: d10d2895af4634f5f82e35ace7855106' -> (Import Result ID: 'b2dd856b7bebee129a223873b126b260') in 0.005 seconds [static and dynamic dependencies]. Details - ImportResultOutputID=89372e9930e16462bb44e7f81d90b900 DependenciesID=9a5ea9a88fcb0b928dcf0225199d563a StaticDependenciesID=681823f6ff9fec1c4fc725841ffc4e15 
Number of updated asset objects reloaded before import = 0
Number of asset objects unloaded after import = 1
========================================================================
Received Import Request.
  Time of request: 2026-10-01T10:28:12.915847Z
  Time since last request: 0.0004248 seconds.
  importAddress: GUID: e4efdc5b9b7bb4e84a486299ae6f2b9a - Path: Packages/com.unity.device-simulator.devices/LICENSE.md - Importer: ScriptedImporter/UnityEditor.QuickSearchModule:UnityEditor.Search:ASIAI0B
Importing 'GUID: e4efdc5b9b7bb4e84a486299ae6f2b9a - Path: Packages/com.unity.device-simulator.devices/LICENSE.md - Importer: ScriptedImporter/UnityEditor.QuickSearchModule:UnityEditor.Search:ASIAI0B' with importer (ScriptedImporter : UnityEditor.QuickSearchModule:UnityEditor.Search:ASIAI0B)
Imported 'GUID: e4efdc5b9b7bb4e84a486299ae6f2b9a' -> (Import Result ID: '9f1f2755c55b63f54cf4863380dc89f4') in 0.031 seconds [static and dynamic dependencies]. Details - ImportResultOutputID=3a27f50fa0bc85fee8620373b37fe6c8 DependenciesID=e7ae577f30b2e041c7a2511d793b2313 StaticDependenciesID=762e84be4c395075644df1398026a34b 
Number of updated asset objects reloaded before import = 0
Number of asset objects unloaded after import = 1
========================================================================
Received Import Request.
  Time of request: 2026-10-01T10:28:12.9603433Z
  Time since last request: 0.0004103 seconds.
  importAddress: GUID: dc01943e575a845289035ea526899063 - Path: Packages/com.unity.device-simulator.devices/Editor/Devices/DeviceOverlays/Apple iPad Mini 4_Overlay.png - Importer: ScriptedImporter/UnityEditor.QuickSearchModule:UnityEditor.Search:ASIAI0B
Importing 'GUID: dc01943e575a845289035ea526899063 - Path: Packages/com.unity.device-simulator.devices/Editor/Devices/DeviceOverlays/Apple iPad Mini 4_Overlay.png - Importer: ScriptedImporter/UnityEditor.QuickSearchModule:UnityEditor.Search:ASIAI0B' with importer (ScriptedImporter : UnityEditor.QuickSearchModule:UnityEditor.Search:ASIAI0B)
Imported 'GUID: dc01943e575a845289035ea526899063' -> (Import Result ID: '37aefe9cb0f2ece1e7790f97f6d7d527') in 0.026 seconds [static and dynamic dependencies]. Details - ImportResultOutputID=716e88535793c9fc04f7b66b62d484e1 DependenciesID=d32bf43b29499516342cd8d63b14ee7b StaticDependenciesID=ae20d0be72d64472369329759c173437 
Number of updated asset objects reloaded before import = 0
Number of asset objects unloaded after import = 1
========================================================================
Received Import Request.
  Time of request: 2026-10-01T10:28:12.9995986Z
  Time since last request: 0.0003973 seconds.
  importAddress: GUID: d842ab63164e042b6881a2834557be45 - Path: Packages/com.unity.device-simulator.devices/Editor/Devices/DeviceOverlays/Nvidia Shield Tablet_Overlay.png - Importer: ScriptedImporter/UnityEditor.QuickSearchModule:UnityEditor.Search:ASIAI0B
Importing 'GUID: d842ab63164e042b6881a2834557be45 - Path: Packages/com.unity.device-simulator.devices/Editor/Devices/DeviceOverlays/Nvidia Shield Tablet_Overlay.png - Importer: ScriptedImporter/UnityEditor.QuickSearchModule:UnityEditor.Search:ASIAI0B' with importer (ScriptedImporter : UnityEditor.QuickSearchModule:UnityEditor.Search:ASIAI0B)
Imported 'GUID: d842ab63164e042b6881a2834557be45' -> (Import Result ID: 'b661d6cc094dde21497f037d7ec64c58') in 0.039 seconds [static and dynamic dependencies]. Details - ImportResultOutputID=10aefc360440442e403d48b3e744e5ed DependenciesID=9bc1bc2e3eece15892cf5ba27991a9ad StaticDependenciesID=4b10f269122ec1805a07d513ebfbe381 
Number of updated asset objects reloaded before import = 0
Number of asset objects unloaded after import = 1
========================================================================
Received Import Request.
  Time of request: 2026-10-01T10:28:13.0546216Z
  Time since last request: 0.0011873 seconds.
  importAddress: GUID: 260b0ba254f024e9f8c54b6f67589bcc - Path: Packages/com.unity.device-simulator.devices/Editor/Devices/Xiaomi Redmi Note7.device - Importer: ScriptedImporter/UnityEditor.QuickSearchModule:UnityEditor.Search:ASIAI0B
Importing 'GUID: 260b0ba254f024e9f8c54b6f67589bcc - Path: Packages/com.unity.device-simulator.devices/Editor/Devices/Xiaomi Redmi Note7.device - Importer: ScriptedImporter/UnityEditor.QuickSearchModule:UnityEditor.Search:ASIAI0B' with importer (ScriptedImporter : UnityEditor.QuickSearchModule:UnityEditor.Search:ASIAI0B)
Imported 'GUID: 260b0ba254f024e9f8c54b6f67589bcc' -> (Import Result ID: '063013df84b27eb12ae87a8c32527587') in 0.005 seconds [static and dynamic dependencies]. Details - ImportResultOutputID=8ddbecebae41b4cb8fe0fd7adea9478b DependenciesID=b48a1e47cf51f8c7ff0a266c264bca41 StaticDependenciesID=1e6bf9775f7edf54bd63b5e272709dac 
Number of updated asset objects reloaded before import = 0
Number of asset objects unloaded after import = 1
========================================================================
Received Import Request.
  Time of request: 2026-10-01T10:28:13.0736435Z
  Time since last request: 0.0004672 seconds.
  importAddress: GUID: cc5875dc610004890904b776d94b25d7 - Path: Packages/com.unity.device-simulator.devices/Editor/Devices/DeviceOverlays/Samsung Galaxy Note8_Overlay.png - Importer: ScriptedImporter/UnityEditor.QuickSearchModule:UnityEditor.Search:ASIAI0B
Importing 'GUID: cc5875dc610004890904b776d94b25d7 - Path: Packages/com.unity.device-simulator.devices/Editor/Devices/DeviceOverlays/Samsung Galaxy Note8_Overlay.png - Importer: ScriptedImporter/UnityEditor.QuickSearchModule:UnityEditor.Search:ASIAI0B' with importer (ScriptedImporter : UnityEditor.QuickSearchModule:UnityEditor.Search:ASIAI0B)
Imported 'GUID: cc5875dc610004890904b776d94b25d7' -> (Import Result ID: '63e6abd49fc8ffd083f558bbe0e12340') in 0.026 seconds [static and dynamic dependencies]. Details - ImportResultOutputID=e94c2cbc3c67c7671047894d61082034 DependenciesID=bba0a0d16430e09305704512168e9340 StaticDependenciesID=2a66732164c96d59d1116daf956bc66a 
Number of updated asset objects reloaded before import = 0
Number of asset objects unloaded after import = 1
========================================================================
Received Import Request.
  Time of request: 2026-10-01T10:28:13.1127942Z
  Time since last request: 0.0004186 seconds.
  importAddress: GUID: 99f647a9722924e0e8304095d6ad2b68 - Path: Packages/com.unity.device-simulator.devices/Editor/Devices/DeviceOverlays/Apple iPhone 12 Pro Max_Overlay.png - Importer: ScriptedImporter/UnityEditor.QuickSearchModule:UnityEditor.Search:ASIAI0B
Importing 'GUID: 99f647a9722924e0e8304095d6ad2b68 - Path: Packages/com.unity.device-simulator.devices/Editor/Devices/DeviceOverlays/Apple iPhone 12 Pro Max_Overlay.png - Importer: ScriptedImporter/UnityEditor.QuickSearchModule:UnityEditor.Search:ASIAI0B' with importer (ScriptedImporter : UnityEditor.QuickSearchModule:UnityEditor.Search:ASIAI0B)
Imported 'GUID: 99f647a9722924e0e8304095d6ad2b68' -> (Import Result ID: '1210cb6fc6df5cd23375d11e3447d6c8') in 0.035 seconds [static and dynamic dependencies]. Details - ImportResultOutputID=ae9b1a930668b5eee72999cfd0f2731a DependenciesID=e88e97df9db09c7ac918ba734f4f8a91 StaticDependenciesID=00554f5c205d3b5cb11648988c84ae66 
Number of updated asset objects reloaded before import = 0
Number of asset objects unloaded after import = 1
========================================================================
Received Import Request.
  Time of request: 2026-10-01T10:28:13.1612032Z
  Time since last request: 0.0003926 seconds.
  importAddress: GUID: eb39befcfbf2743bf91fd131fd8d16e0 - Path: Packages/com.unity.device-simulator.devices/Editor/Devices/Samsung Galaxy S7.device - Importer: ScriptedImporter/UnityEditor.QuickSearchModule:UnityEditor.Search:ASIAI0B
Importing 'GUID: eb39befcfbf2743bf91fd131fd8d16e0 - Path: Packages/com.unity.device-simulator.devices/Editor/Devices/Samsung Galaxy S7.device - Importer: ScriptedImporter/UnityEditor.QuickSearchModule:UnityEditor.Search:ASIAI0B' with importer (ScriptedImporter : UnityEditor.QuickSearchModule:UnityEditor.Search:ASIAI0B)
Imported 'GUID: eb39befcfbf2743bf91fd131fd8d16e0' -> (Import Result ID: 'e5b1d5bc824461203ca44b15f22a8b2c') in 0.007 seconds [static and dynamic dependencies]. Details - ImportResultOutputID=1963779d7010bfeb6125c6257134ccd7 DependenciesID=c3308dc354967a30dffab8ebe4361c74 StaticDependenciesID=39ff0e0c5f6135f95b8edb6a2e80ddb9 
Number of updated asset objects reloaded before import = 0
Number of asset objects unloaded after import = 1
========================================================================
Received Import Request.
  Time of request: 2026-10-01T10:28:13.181071Z
  Time since last request: 0.0003939 seconds.
  importAddress: GUID: 4ca40c36e99d74826a4e6a8c5648d181 - Path: Packages/com.unity.device-simulator.devices/Editor/Devices/DeviceOverlays/Google Pixel 4_Overlay.png - Importer: ScriptedImporter/UnityEditor.QuickSearchModule:UnityEditor.Search:ASIAI0B
Importing 'GUID: 4ca40c36e99d74826a4e6a8c5648d181 - Path: Packages/com.unity.device-simulator.devices/Editor/Devices/DeviceOverlays/Google Pixel 4_Overlay.png - Importer: ScriptedImporter/UnityEditor.QuickSearchModule:UnityEditor.Search:ASIAI0B' with importer (ScriptedImporter : UnityEditor.QuickSearchModule:UnityEditor.Search:ASIAI0B)
Imported 'GUID: 4ca40c36e99d74826a4e6a8c5648d181' -> (Import Result ID: '11cabd391bb9027a619409c0bc79726b') in 0.032 seconds [static and dynamic dependencies]. Details - ImportResultOutputID=ed58b476ef883a054ff1c7a9e10c3b1e DependenciesID=a9cd161fbb7aa3771075b2ef01d63881 StaticDependenciesID=42e0c977580390fa7ce9c68c5258f0a4 
Number of updated asset objects reloaded before import = 0
Number of asset objects unloaded after import = 1
========================================================================
Received Import Request.
  Time of request: 2026-10-01T10:28:13.2284743Z
  Time since last request: 0.000351 seconds.
  importAddress: GUID: c16f8d324b4404defa62ab782f70e608 - Path: Packages/com.unity.device-simulator.devices/Editor/Devices/DeviceOverlays/Xiaomi Mi 5_Overlay.png - Importer: ScriptedImporter/UnityEditor.QuickSearchModule:UnityEditor.Search:ASIAI0B
Importing 'GUID: c16f8d324b4404defa62ab782f70e608 - Path: Packages/com.unity.device-simulator.devices/Editor/Devices/DeviceOverlays/Xiaomi Mi 5_Overlay.png - Importer: ScriptedImporter/UnityEditor.QuickSearchModule:UnityEditor.Search:ASIAI0B' with importer (ScriptedImporter : UnityEditor.QuickSearchModule:UnityEditor.Search:ASIAI0B)
Imported 'GUID: c16f8d324b4404defa62ab782f70e608' -> (Import Result ID: '7a488d95b4d939248174472a64c9da2c') in 0.036 seconds [static and dynamic dependencies]. Details - ImportResultOutputID=ed35adadf1ac8fab78a2669428e2fd0e DependenciesID=d8d31080a3c2bcb32e4795723d86a889 StaticDependenciesID=ca833c14466b439c9bfe4e84c13901ba 
Number of updated asset objects reloaded before import = 0
Number of asset objects unloaded after import = 1
========================================================================
Received Import Request.
  Time of request: 2026-10-01T10:28:13.2785087Z
  Time since last request: 0.0003179 seconds.
  importAddress: GUID: 221b7273e5f7141c695a4b4a7204def6 - Path: Packages/com.unity.device-simulator.devices/Editor/Devices/LG G4.device - Importer: ScriptedImporter/UnityEditor.QuickSearchModule:UnityEditor.Search:ASIAI0B
Importing 'GUID: 221b7273e5f7141c695a4b4a7204def6 - Path: Packages/com.unity.device-simulator.devices/Editor/Devices/LG G4.device - Importer: ScriptedImporter/UnityEditor.QuickSearchModule:UnityEditor.Search:ASIAI0B' with importer (ScriptedImporter : UnityEditor.QuickSearchModule:UnityEditor.Search:ASIAI0B)
Imported 'GUID: 221b7273e5f7141c695a4b4a7204def6' -> (Import Result ID: '7a95fb6563e3de4bb37eb1cdb5ee5104') in 0.005 seconds [static and dynamic dependencies]. Details - ImportResultOutputID=511d4a1723bfd041bc3b6540d017cccf DependenciesID=c084c3c3ef9a7e8ca70ae791114778b3 StaticDependenciesID=d624ebfeb533319b5d2a3cd80a2978ec 
Number of updated asset objects reloaded before import = 0
Number of asset objects unloaded after import = 1
========================================================================
Received Import Request.
  Time of request: 2026-10-01T10:28:13.2971944Z
  Time since last request: 0.0004332 seconds.
  importAddress: GUID: e86c5269120694ac6b3f495bdbc20974 - Path: Packages/com.unity.device-simulator.devices/Editor/Devices/Samsung Galaxy Note20 Ultra 5G.device - Importer: ScriptedImporter/UnityEditor.QuickSearchModule:UnityEditor.Search:ASIAI0B
Importing 'GUID: e86c5269120694ac6b3f495bdbc20974 - Path: Packages/com.unity.device-simulator.devices/Editor/Devices/Samsung Galaxy Note20 Ultra 5G.device - Importer: ScriptedImporter/UnityEditor.QuickSearchModule:UnityEditor.Search:ASIAI0B' with importer (ScriptedImporter : UnityEditor.QuickSearchModule:UnityEditor.Search:ASIAI0B)
Imported 'GUID: e86c5269120694ac6b3f495bdbc20974' -> (Import Result ID: 'b9d18e09cb4d9ba300701f0610df93a0') in 0.005 seconds [static and dynamic dependencies]. Details - ImportResultOutputID=d90fb81b1616681babc46eea7c65c8a4 DependenciesID=dd406b36d25671c667ad5d1d9d01e38e StaticDependenciesID=f0457c7ff35bbff0b09bf99fa88dae3d 
Number of updated asset objects reloaded before import = 0
Number of asset objects unloaded after import = 1
========================================================================
Received Import Request.
  Time of request: 2026-10-01T10:28:13.3168043Z
  Time since last request: 0.0004845 seconds.
  importAddress: GUID: 7194e40d0c8644a02a2821689a7cac07 - Path: Packages/com.unity.device-simulator.devices/Editor/Devices/DeviceOverlays/HTC 10_Overlay.png - Importer: ScriptedImporter/UnityEditor.QuickSearchModule:UnityEditor.Search:ASIAI0B
Importing 'GUID: 7194e40d0c8644a02a2821689a7cac07 - Path: Packages/com.unity.device-simulator.devices/Editor/Devices/DeviceOverlays/HTC 10_Overlay.png - Importer: ScriptedImporter/UnityEditor.QuickSearchModule:UnityEditor.Search:ASIAI0B' with importer (ScriptedImporter : UnityEditor.QuickSearchModule:UnityEditor.Search:ASIAI0B)
Imported 'GUID: 7194e40d0c8644a02a2821689a7cac07' -> (Import Result ID: 'a4cc3df731679a9bc576b44de27cd0d1') in 0.039 seconds [static and dynamic dependencies]. Details - ImportResultOutputID=e4df3ce6a48c7193494bfefc8559f9c5 DependenciesID=206d5b08f41a220d4090a8ad88f166ba StaticDependenciesID=c7b087670f756629f526dabf877fcb6a 
Number of updated asset objects reloaded before import = 0
Number of asset objects unloaded after import = 1
========================================================================
Received Import Request.
  Time of request: 2026-10-01T10:28:13.375711Z
  Time since last request: 0.0006452 seconds.
  importAddress: GUID: de7357ccf7775429899e1c82b0f3dd8c - Path: Packages/com.unity.device-simulator.devices/Editor/Devices/Nvidia Shield Tablet.device - Importer: ScriptedImporter/UnityEditor.QuickSearchModule:UnityEditor.Search:ASIAI0B
Importing 'GUID: de7357ccf7775429899e1c82b0f3dd8c - Path: Packages/com.unity.device-simulator.devices/Editor/Devices/Nvidia Shield Tablet.device - Importer: ScriptedImporter/UnityEditor.QuickSearchModule:UnityEditor.Search:ASIAI0B' with importer (ScriptedImporter : UnityEditor.QuickSearchModule:UnityEditor.Search:ASIAI0B)
Imported 'GUID: de7357ccf7775429899e1c82b0f3dd8c' -> (Import Result ID: 'f5927b5c3f0c7ba05457dcab7a2410b4') in 0.006 seconds [static and dynamic dependencies]. Details - ImportResultOutputID=0880c9b544a275f686ccc7e63cd4149f DependenciesID=cc472645fcbad56e740adc04b998bf43 StaticDependenciesID=a1f387fc655c2819b3da0184bbc05019 
Number of updated asset objects reloaded before import = 0
Number of asset objects unloaded after import = 1
========================================================================
Received Import Request.
  Time of request: 2026-10-01T10:28:13.4028676Z
  Time since last request: 0.0005257 seconds.
  importAddress: GUID: 6e60d186f7f6845108f57f9861f5582c - Path: Packages/com.unity.device-simulator.devices/Editor/Devices/DeviceOverlays/Motorola Moto E_Overlay.png - Importer: ScriptedImporter/UnityEditor.QuickSearchModule:UnityEditor.Search:ASIAI0B
Importing 'GUID: 6e60d186f7f6845108f57f9861f5582c - Path: Packages/com.unity.device-simulator.devices/Editor/Devices/DeviceOverlays/Motorola Moto E_Overlay.png - Importer: ScriptedImporter/UnityEditor.QuickSearchModule:UnityEditor.Search:ASIAI0B' with importer (ScriptedImporter : UnityEditor.QuickSearchModule:UnityEditor.Search:ASIAI0B)
Imported 'GUID: 6e60d186f7f6845108f57f9861f5582c' -> (Import Result ID: 'f015ea77e58dd3c4d3ba574873ffb174') in 0.027 seconds [static and dynamic dependencies]. Details - ImportResultOutputID=641c08b298d6d257b2bf7be46e4b0ace DependenciesID=af3450e70664502590311497967da358 StaticDependenciesID=ac3fa0508b5214d8de09af3aa73e4e61 
Number of updated asset objects reloaded before import = 0
Number of asset objects unloaded after import = 1
========================================================================
Received Import Request.
  Time of request: 2026-10-01T10:28:13.4498838Z
  Time since last request: 0.0004834 seconds.
  importAddress: GUID: d3519dd0c241141978d70a56e557753a - Path: Packages/com.unity.device-simulator.devices/Editor/Devices/DeviceOverlays/Apple iPad Pro 11_Overlay.png - Importer: ScriptedImporter/UnityEditor.QuickSearchModule:UnityEditor.Search:ASIAI0B
Importing 'GUID: d3519dd0c241141978d70a56e557753a - Path: Packages/com.unity.device-simulator.devices/Editor/Devices/DeviceOverlays/Apple iPad Pro 11_Overlay.png - Importer: ScriptedImporter/UnityEditor.QuickSearchModule:UnityEditor.Search:ASIAI0B' with importer (ScriptedImporter : UnityEditor.QuickSearchModule:UnityEditor.Search:ASIAI0B)
Imported 'GUID: d3519dd0c241141978d70a56e557753a' -> (Import Result ID: 'df1379b4ffb0d1ea06aa4719e932730a') in 0.031 seconds [static and dynamic dependencies]. Details - ImportResultOutputID=5f50cb7b5cbbe0fbef51ed75d541bcb9 DependenciesID=7842aff4449d01590150a2be0a5cabdb StaticDependenciesID=997d40a169553ac9384f6fb09d2a71cd 
Number of updated asset objects reloaded before import = 0
Number of asset objects unloaded after import = 1
========================================================================
Received Import Request.
  Time of request: 2026-10-01T10:28:13.496402Z
  Time since last request: 0.0004714 seconds.
  importAddress: GUID: 7365461b598d4444796af5a6c0f0e292 - Path: Packages/com.unity.device-simulator.devices/Editor/Devices/DeviceOverlays/Apple iPhone 13 Pro Max_Overlay.png - Importer: ScriptedImporter/UnityEditor.QuickSearchModule:UnityEditor.Search:ASIAI0B
Importing 'GUID: 7365461b598d4444796af5a6c0f0e292 - Path: Packages/com.unity.device-simulator.devices/Editor/Devices/DeviceOverlays/Apple iPhone 13 Pro Max_Overlay.png - Importer: ScriptedImporter/UnityEditor.QuickSearchModule:UnityEditor.Search:ASIAI0B' with importer (ScriptedImporter : UnityEditor.QuickSearchModule:UnityEditor.Search:ASIAI0B)
Imported 'GUID: 7365461b598d4444796af5a6c0f0e292' -> (Import Result ID: '0c19f3aab2cf0a7289be3f65b632b0ac') in 0.017 seconds [static and dynamic dependencies]. Details - ImportResultOutputID=af13ec866104e55930cdf418fd713dc9 DependenciesID=6e0f4f115883823a363313bc37cce67b StaticDependenciesID=48cc30d2e9ee028f42c699b49a09b13a 
Number of updated asset objects reloaded before import = 0
Number of asset objects unloaded after import = 1
========================================================================
Received Import Request.
  Time of request: 2026-10-01T10:28:13.5313256Z
  Time since last request: 0.000596 seconds.
  importAddress: GUID: bcc38a063519b4a7b871370890d39d88 - Path: Packages/com.unity.device-simulator.devices/package.json - Importer: ScriptedImporter/UnityEditor.QuickSearchModule:UnityEditor.Search:ASIAI0B
Importing 'GUID: bcc38a063519b4a7b871370890d39d88 - Path: Packages/com.unity.device-simulator.devices/package.json - Importer: ScriptedImporter/UnityEditor.QuickSearchModule:UnityEditor.Search:ASIAI0B' with importer (ScriptedImporter : UnityEditor.QuickSearchModule:UnityEditor.Search:ASIAI0B)
Imported 'GUID: bcc38a063519b4a7b871370890d39d88' -> (Import Result ID: '86360cd2ad1e439ea7acdc44cf7901ac') in 0.019 seconds [static and dynamic dependencies]. Details - ImportResultOutputID=74027fd19c61922835c32c25eca1fcdf DependenciesID=4a09c93c5e8edab6670a722bcc6490f8 StaticDependenciesID=c5755d55687981fa25ce0f7d1c8b2eef 
Number of updated asset objects reloaded before import = 0
Number of asset objects unloaded after import = 1
========================================================================
Received Import Request.
  Time of request: 2026-10-01T10:28:13.5668173Z
  Time since last request: 0.0004394 seconds.
  importAddress: GUID: 1aa81965b6ea24e14bef2ab768b212c1 - Path: Packages/com.unity.device-simulator.devices/Editor/Devices/DeviceOverlays/Samsung Galaxy Z Fold2 5G_1_Overlay.png - Importer: ScriptedImporter/UnityEditor.QuickSearchModule:UnityEditor.Search:ASIAI0B
Importing 'GUID: 1aa81965b6ea24e14bef2ab768b212c1 - Path: Packages/com.unity.device-simulator.devices/Editor/Devices/DeviceOverlays/Samsung Galaxy Z Fold2 5G_1_Overlay.png - Importer: ScriptedImporter/UnityEditor.QuickSearchModule:UnityEditor.Search:ASIAI0B' with importer (ScriptedImporter : UnityEditor.QuickSearchModule:UnityEditor.Search:ASIAI0B)
Imported 'GUID: 1aa81965b6ea24e14bef2ab768b212c1' -> (Import Result ID: '62f76fd61ccfd3600632a3e90cbd90e3') in 0.035 seconds [static and dynamic dependencies]. Details - ImportResultOutputID=6cbea2ee0fbcdbae47f66b457a6424a3 DependenciesID=786c10668cfd4b6c8df02877cf358a86 StaticDependenciesID=3bbeda81c457052c7072568ba4fe2ccb 
Number of updated asset objects reloaded before import = 0
Number of asset objects unloaded after import = 1
========================================================================
Received Import Request.
  Time of request: 2026-10-01T10:28:13.6182649Z
  Time since last request: 0.00038 seconds.
  importAddress: GUID: 2866a1fcdbd5d49fb8e2cc9759fa2a24 - Path: Packages/com.unity.device-simulator.devices/Editor/Devices/Apple iPad Air 2.device - Importer: ScriptedImporter/UnityEditor.QuickSearchModule:UnityEditor.Search:ASIAI0B
Importing 'GUID: 2866a1fcdbd5d49fb8e2cc9759fa2a24 - Path: Packages/com.unity.device-simulator.devices/Editor/Devices/Apple iPad Air 2.device - Importer: ScriptedImporter/UnityEditor.QuickSearchModule:UnityEditor.Search:ASIAI0B' with importer (ScriptedImporter : UnityEditor.QuickSearchModule:UnityEditor.Search:ASIAI0B)
Imported 'GUID: 2866a1fcdbd5d49fb8e2cc9759fa2a24' -> (Import Result ID: 'e27831d1de9801895748a87ed1a1c1fb') in 0.006 seconds [static and dynamic dependencies]. Details - ImportResultOutputID=92873397b49e6d969ab7321434767d21 DependenciesID=ceca04f899f1a5008731f3745af93696 StaticDependenciesID=67397426d0a22871643b86fd21bed6d0 
Number of updated asset objects reloaded before import = 0
Number of asset objects unloaded after import = 1
========================================================================
Received Import Request.
  Time of request: 2026-10-01T10:28:13.6441549Z
  Time since last request: 0.001264 seconds.
  importAddress: GUID: f495c9489265b4d9aa3b28c3b304373b - Path: Packages/com.unity.device-simulator.devices/Editor/Devices/Xiaomi Mi 4i.device - Importer: ScriptedImporter/UnityEditor.QuickSearchModule:UnityEditor.Search:ASIAI0B
Importing 'GUID: f495c9489265b4d9aa3b28c3b304373b - Path: Packages/com.unity.device-simulator.devices/Editor/Devices/Xiaomi Mi 4i.device - Importer: ScriptedImporter/UnityEditor.QuickSearchModule:UnityEditor.Search:ASIAI0B' with importer (ScriptedImporter : UnityEditor.QuickSearchModule:UnityEditor.Search:ASIAI0B)
Imported 'GUID: f495c9489265b4d9aa3b28c3b304373b' -> (Import Result ID: '3e18293d1521ae59aba1d63e2b609fe2') in 0.007 seconds [static and dynamic dependencies]. Details - ImportResultOutputID=74517009a4d2bccb1b23db70398a8fa9 DependenciesID=81c6333420fbf72458cc2f79bb4e6d0a StaticDependenciesID=6054d5291bd07b56463f77f4fc85a461 
Number of updated asset objects reloaded before import = 0
Number of asset objects unloaded after import = 1
========================================================================
Received Import Request.
  Time of request: 2026-10-01T10:28:13.6715619Z
  Time since last request: 0.0010997 seconds.
  importAddress: GUID: 14bf9efc12bc242108dd4e2c947db50e - Path: Packages/com.unity.device-simulator.devices/Editor/Devices/HTC 10.device - Importer: ScriptedImporter/UnityEditor.QuickSearchModule:UnityEditor.Search:ASIAI0B
Importing 'GUID: 14bf9efc12bc242108dd4e2c947db50e - Path: Packages/com.unity.device-simulator.devices/Editor/Devices/HTC 10.device - Importer: ScriptedImporter/UnityEditor.QuickSearchModule:UnityEditor.Search:ASIAI0B' with importer (ScriptedImporter : UnityEditor.QuickSearchModule:UnityEditor.Search:ASIAI0B)
Imported 'GUID: 14bf9efc12bc242108dd4e2c947db50e' -> (Import Result ID: '42c90749db474ae56c1b1cc0c2ba9ed3') in 0.005 seconds [static and dynamic dependencies]. Details - ImportResultOutputID=765a29cfc6f081deafab22e093b1c8ac DependenciesID=7031e626f8dff3bc99a2f8450ad4766c StaticDependenciesID=dd824cce77a7963a21a593188fdbc291 
Number of updated asset objects reloaded before import = 0
Number of asset objects unloaded after import = 1
========================================================================
Received Import Request.
  Time of request: 2026-10-01T10:28:13.6905272Z
  Time since last request: 0.0003756 seconds.
  importAddress: GUID: 955ad435a42d242aa83e72cdc68616f2 - Path: Packages/com.unity.device-simulator.devices/Editor/Devices/DeviceOverlays/Samsung Galaxy S10+_Overlay.png - Importer: ScriptedImporter/UnityEditor.QuickSearchModule:UnityEditor.Search:ASIAI0B
Importing 'GUID: 955ad435a42d242aa83e72cdc68616f2 - Path: Packages/com.unity.device-simulator.devices/Editor/Devices/DeviceOverlays/Samsung Galaxy S10+_Overlay.png - Importer: ScriptedImporter/UnityEditor.QuickSearchModule:UnityEditor.Search:ASIAI0B' with importer (ScriptedImporter : UnityEditor.QuickSearchModule:UnityEditor.Search:ASIAI0B)
Imported 'GUID: 955ad435a42d242aa83e72cdc68616f2' -> (Import Result ID: '19f973208a46a2abd90824eadf636d10') in 0.039 seconds [static and dynamic dependencies]. Details - ImportResultOutputID=e0f95790c45ae54bbc3ff5c5783a0ea7 DependenciesID=3a3c6707249c1d4efc7167d78053eaaf StaticDependenciesID=3168aa396c78fadc6599d4f650462730 
Number of updated asset objects reloaded before import = 0
Number of asset objects unloaded after import = 1
========================================================================
Received Import Request.
  Time of request: 2026-10-01T10:28:13.7436499Z
  Time since last request: 0.0003688 seconds.
  importAddress: GUID: 516581ee84ac74bda916ce0cf59b95bb - Path: Packages/com.unity.device-simulator.devices/Editor/Devices/Apple iPad Air (4th generation).device - Importer: ScriptedImporter/UnityEditor.QuickSearchModule:UnityEditor.Search:ASIAI0B
Importing 'GUID: 516581ee84ac74bda916ce0cf59b95bb - Path: Packages/com.unity.device-simulator.devices/Editor/Devices/Apple iPad Air (4th generation).device - Importer: ScriptedImporter/UnityEditor.QuickSearchModule:UnityEditor.Search:ASIAI0B' with importer (ScriptedImporter : UnityEditor.QuickSearchModule:UnityEditor.Search:ASIAI0B)
Imported 'GUID: 516581ee84ac74bda916ce0cf59b95bb' -> (Import Result ID: 'b68a277694a0daa778d4715d4a162c7a') in 0.005 seconds [static and dynamic dependencies]. Details - ImportResultOutputID=04f94fc14cebe35e9913f4486ec59dde DependenciesID=5a8a6e456a887989328e778c68286dd5 StaticDependenciesID=ed6087803f628d7380d7be2dac37d2bd 
Number of updated asset objects reloaded before import = 0
Number of asset objects unloaded after import = 1
========================================================================
Received Import Request.
  Time of request: 2026-10-01T10:28:13.7701502Z
  Time since last request: 0.0003295 seconds.
  importAddress: GUID: 2e8d18f06f2414304aeb607e7091f9cc - Path: Packages/com.unity.device-simulator.devices/Editor/Devices/Samsung Galaxy Note8.device - Importer: ScriptedImporter/UnityEditor.QuickSearchModule:UnityEditor.Search:ASIAI0B
Importing 'GUID: 2e8d18f06f2414304aeb607e7091f9cc - Path: Packages/com.unity.device-simulator.devices/Editor/Devices/Samsung Galaxy Note8.device - Importer: ScriptedImporter/UnityEditor.QuickSearchModule:UnityEditor.Search:ASIAI0B' with importer (ScriptedImporter : UnityEditor.QuickSearchModule:UnityEditor.Search:ASIAI0B)
Imported 'GUID: 2e8d18f06f2414304aeb607e7091f9cc' -> (Import Result ID: '360712b0101a561fe69ac9cdf38fbad3') in 0.006 seconds [static and dynamic dependencies]. Details - ImportResultOutputID=6a52c0ad2a4ce2422def0d017e321e44 DependenciesID=6d972a0497442cff2dc3facb757d6cd3 StaticDependenciesID=bd1dff6ec21163de3e31d5566bc826e4 
Number of updated asset objects reloaded before import = 0
Number of asset objects unloaded after import = 1
========================================================================
Received Import Request.
  Time of request: 2026-10-01T10:28:13.803561Z
  Time since last request: 0.0131421 seconds.
  importAddress: GUID: 54245c45d0440408da85ea495461a611 - Path: Packages/com.unity.device-simulator.devices/Editor/Devices/Apple iPhone 11.device - Importer: ScriptedImporter/UnityEditor.QuickSearchModule:UnityEditor.Search:ASIAI0B
Importing 'GUID: 54245c45d0440408da85ea495461a611 - Path: Packages/com.unity.device-simulator.devices/Editor/Devices/Apple iPhone 11.device - Importer: ScriptedImporter/UnityEditor.QuickSearchModule:UnityEditor.Search:ASIAI0B' with importer (ScriptedImporter : UnityEditor.QuickSearchModule:UnityEditor.Search:ASIAI0B)
Imported 'GUID: 54245c45d0440408da85ea495461a611' -> (Import Result ID: 'e4fda620c989735c2e469c024f14c7e7') in 0.004 seconds [static and dynamic dependencies]. Details - ImportResultOutputID=aa7274d8f6b58c3754e00367cd872548 DependenciesID=310608718aef17f88c2facae6fbed906 StaticDependenciesID=124f44a49a0639a954d2488e8d979a68 
Number of updated asset objects reloaded before import = 0
Number of asset objects unloaded after import = 1
========================================================================
Received Import Request.
  Time of request: 2026-10-01T10:28:13.8206934Z
  Time since last request: 0.0004447 seconds.
  importAddress: GUID: 89827f431d04d493ab3ff2a7b38254b3 - Path: Packages/com.unity.device-simulator.devices/Tests - Importer: ScriptedImporter/UnityEditor.QuickSearchModule:UnityEditor.Search:ASIAI0B
Importing 'GUID: 89827f431d04d493ab3ff2a7b38254b3 - Path: Packages/com.unity.device-simulator.devices/Tests - Importer: ScriptedImporter/UnityEditor.QuickSearchModule:UnityEditor.Search:ASIAI0B' with importer (ScriptedImporter : UnityEditor.QuickSearchModule:UnityEditor.Search:ASIAI0B)
Imported 'GUID: 89827f431d04d493ab3ff2a7b38254b3' -> (Import Result ID: 'f4401a06a5cb6cfb04bb03046114a98c') in 0.004 seconds [static and dynamic dependencies]. Details - ImportResultOutputID=f2fb40bdd5451e7118cddd68f71d3c0d DependenciesID=2d045236248f3c8915816433efa3ecdd StaticDependenciesID=93b166605f504f6bc006f87dd19c03e2 
Number of updated asset objects reloaded before import = 0
Number of asset objects unloaded after import = 1
========================================================================
Received Import Request.
  Time of request: 2026-10-01T10:28:13.8377722Z
  Time since last request: 0.000695 seconds.
  importAddress: GUID: e90955eb8698e43419be2632c7a67a86 - Path: Packages/com.unity.device-simulator.devices/Editor/Devices/DeviceOverlays/Soony Xperia XZ Premium_Overlay.png - Importer: ScriptedImporter/UnityEditor.QuickSearchModule:UnityEditor.Search:ASIAI0B
Importing 'GUID: e90955eb8698e43419be2632c7a67a86 - Path: Packages/com.unity.device-simulator.devices/Editor/Devices/DeviceOverlays/Soony Xperia XZ Premium_Overlay.png - Importer: ScriptedImporter/UnityEditor.QuickSearchModule:UnityEditor.Search:ASIAI0B' with importer (ScriptedImporter : UnityEditor.QuickSearchModule:UnityEditor.Search:ASIAI0B)
Imported 'GUID: e90955eb8698e43419be2632c7a67a86' -> (Import Result ID: '05b522bf022b0b51951fbc36e31506ac') in 0.032 seconds [static and dynamic dependencies]. Details - ImportResultOutputID=72cf3a66c843d895f129f64e2675feed DependenciesID=58cb90557b3b4c23a93d0b010deb9ce4 StaticDependenciesID=f250f32946a7b91023151302762dfd0b 
Number of updated asset objects reloaded before import = 0
Number of asset objects unloaded after import = 1
========================================================================
Received Import Request.
  Time of request: 2026-10-01T10:28:13.885942Z
  Time since last request: 0.0004345 seconds.
  importAddress: GUID: ff4584c40eb014342978d95bf8738c6e - Path: Packages/com.unity.device-simulator.devices/Editor/Devices/Apple iPhone 6S.device - Importer: ScriptedImporter/UnityEditor.QuickSearchModule:UnityEditor.Search:ASIAI0B
Importing 'GUID: ff4584c40eb014342978d95bf8738c6e - Path: Packages/com.unity.device-simulator.devices/Editor/Devices/Apple iPhone 6S.device - Importer: ScriptedImporter/UnityEditor.QuickSearchModule:UnityEditor.Search:ASIAI0B' with importer (ScriptedImporter : UnityEditor.QuickSearchModule:UnityEditor.Search:ASIAI0B)
Imported 'GUID: ff4584c40eb014342978d95bf8738c6e' -> (Import Result ID: '6fa5cd8f977cdb58fc3cb52865e2e3a3') in 0.005 seconds [static and dynamic dependencies]. Details - ImportResultOutputID=bfe8c93b964cfb8b5f3e497fe52e600e DependenciesID=edef9333a24f8caf5ee8d060a28e371d StaticDependenciesID=64f8e0b13a755b24218b901d29be02e0 
Number of updated asset objects reloaded before import = 0
Number of asset objects unloaded after import = 1
========================================================================
Received Import Request.
  Time of request: 2026-10-01T10:28:13.9034006Z
  Time since last request: 0.0004227 seconds.
  importAddress: GUID: 8c9cfa26abfee488c85f1582747f6a02 - Path: Assets/Scenes/MainScene.unity - Importer: ScriptedImporter/UnityEditor.QuickSearchModule:UnityEditor.Search:ASIAI0B
Importing 'GUID: 8c9cfa26abfee488c85f1582747f6a02 - Path: Assets/Scenes/MainScene.unity - Importer: ScriptedImporter/UnityEditor.QuickSearchModule:UnityEditor.Search:ASIAI0B' with importer (ScriptedImporter : UnityEditor.QuickSearchModule:UnityEditor.Search:ASIAI0B)
Imported 'GUID: 8c9cfa26abfee488c85f1582747f6a02' -> (Import Result ID: '8ba2a02b4d3f7cc557c48573143579a4') in 0.005 seconds [static and dynamic dependencies]. Details - ImportResultOutputID=ed740641eb05a7b1fba4fcd96e5cb1ac DependenciesID=452a902d685228ed82f6773338aa68fe StaticDependenciesID=8e21de532375360a158f4f849c2f9773 
Number of updated asset objects reloaded before import = 0
Number of asset objects unloaded after import = 1
========================================================================
Received Import Request.
  Time of request: 2026-10-01T10:28:13.922875Z
  Time since last request: 0.0007504 seconds.
  importAddress: GUID: bd62d2be241b443118167899e91a3fb9 - Path: Packages/com.unity.device-simulator.devices/Editor/Devices/DeviceOverlays/Apple iPad (5th generation)_Overlay.png - Importer: ScriptedImporter/UnityEditor.QuickSearchModule:UnityEditor.Search:ASIAI0B
Importing 'GUID: bd62d2be241b443118167899e91a3fb9 - Path: Packages/com.unity.device-simulator.devices/Editor/Devices/DeviceOverlays/Apple iPad (5th generation)_Overlay.png - Importer: ScriptedImporter/UnityEditor.QuickSearchModule:UnityEditor.Search:ASIAI0B' with importer (ScriptedImporter : UnityEditor.QuickSearchModule:UnityEditor.Search:ASIAI0B)
Imported 'GUID: bd62d2be241b443118167899e91a3fb9' -> (Import Result ID: 'd77423fa0177d8b250cef9b0df6374f2') in 0.030 seconds [static and dynamic dependencies]. Details - ImportResultOutputID=54937571c5d2f83e7773dce6a8f9a4f5 DependenciesID=8a816a1330c6d3cac4668b8130d16abb StaticDependenciesID=5d39f68e73d3b7391a9d6d66c3a1a0d6 
Number of updated asset objects reloaded before import = 0
Number of asset objects unloaded after import = 1
========================================================================
Received Import Request.
  Time of request: 2026-10-01T10:28:13.9700047Z
  Time since last request: 0.0004626 seconds.
  importAddress: GUID: 364136149c08f4ae58f62db3c2790ef4 - Path: Packages/com.unity.device-simulator.devices/Editor/Devices/Apple iPad Pro 10.15.device - Importer: ScriptedImporter/UnityEditor.QuickSearchModule:UnityEditor.Search:ASIAI0B
Importing 'GUID: 364136149c08f4ae58f62db3c2790ef4 - Path: Packages/com.unity.device-simulator.devices/Editor/Devices/Apple iPad Pro 10.15.device - Importer: ScriptedImporter/UnityEditor.QuickSearchModule:UnityEditor.Search:ASIAI0B' with importer (ScriptedImporter : UnityEditor.QuickSearchModule:UnityEditor.Search:ASIAI0B)
Imported 'GUID: 364136149c08f4ae58f62db3c2790ef4' -> (Import Result ID: 'f8a571d79b6f0f5bf8dffd0b1c269d77') in 0.007 seconds [static and dynamic dependencies]. Details - ImportResultOutputID=9ec8bfabb36e70725dedc2fbfc83191d DependenciesID=58839be49905915dc1d86fd318c922e9 StaticDependenciesID=45372a86af25c2564086e722b863a5ed 
Number of updated asset objects reloaded before import = 0
Number of asset objects unloaded after import = 1
========================================================================
Received Import Request.
  Time of request: 2026-10-01T10:28:13.9902899Z
  Time since last request: 0.0005155 seconds.
  importAddress: GUID: f0500d40f1b724754a2bff8e51ff4fc8 - Path: Packages/com.unity.device-simulator.devices/Editor/Devices/Apple iPhone 6.device - Importer: ScriptedImporter/UnityEditor.QuickSearchModule:UnityEditor.Search:ASIAI0B
Importing 'GUID: f0500d40f1b724754a2bff8e51ff4fc8 - Path: Packages/com.unity.device-simulator.devices/Editor/Devices/Apple iPhone 6.device - Importer: ScriptedImporter/UnityEditor.QuickSearchModule:UnityEditor.Search:ASIAI0B' with importer (ScriptedImporter : UnityEditor.QuickSearchModule:UnityEditor.Search:ASIAI0B)
Imported 'GUID: f0500d40f1b724754a2bff8e51ff4fc8' -> (Import Result ID: '7a776b7164a084d6e7b8f64770607d76') in 0.005 seconds [static and dynamic dependencies]. Details - ImportResultOutputID=89ec20997d1482851c75b3fb3b936b73 DependenciesID=31a69ef8d9d042257e89dbdbb8c4e7a6 StaticDependenciesID=730c0b70c8f9a75f0ff71125dea368dd 
Number of updated asset objects reloaded before import = 0
Number of asset objects unloaded after import = 1
========================================================================
Received Import Request.
  Time of request: 2026-10-01T10:28:14.0081919Z
  Time since last request: 0.0004776 seconds.
  importAddress: GUID: fee5d0ced6c834604a4c1405a09a645c - Path: Packages/com.unity.device-simulator.devices/Editor/Devices - Importer: ScriptedImporter/UnityEditor.QuickSearchModule:UnityEditor.Search:ASIAI0B
Importing 'GUID: fee5d0ced6c834604a4c1405a09a645c - Path: Packages/com.unity.device-simulator.devices/Editor/Devices - Importer: ScriptedImporter/UnityEditor.QuickSearchModule:UnityEditor.Search:ASIAI0B' with importer (ScriptedImporter : UnityEditor.QuickSearchModule:UnityEditor.Search:ASIAI0B)
Imported 'GUID: fee5d0ced6c834604a4c1405a09a645c' -> (Import Result ID: '2916d78f00a4c9469add5911f9a268cc') in 0.003 seconds [static and dynamic dependencies]. Details - ImportResultOutputID=6531cca5c3e50750258a907f63d8f316 DependenciesID=55376f000fdfc71feee0c457b3cdca11 StaticDependenciesID=e4aedb727390b2e9d48599c8d56ddd6c 
Number of updated asset objects reloaded before import = 0
Number of asset objects unloaded after import = 1
========================================================================
Received Import Request.
  Time of request: 2026-10-01T10:28:14.0243869Z
  Time since last request: 0.000367 seconds.
  importAddress: GUID: e1698c50541d0434d9f0dd4bf31bdd82 - Path: Packages/com.unity.device-simulator.devices/Editor/Devices/Apple iPhone 12 Pro.device - Importer: ScriptedImporter/UnityEditor.QuickSearchModule:UnityEditor.Search:ASIAI0B
Importing 'GUID: e1698c50541d0434d9f0dd4bf31bdd82 - Path: Packages/com.unity.device-simulator.devices/Editor/Devices/Apple iPhone 12 Pro.device - Importer: ScriptedImporter/UnityEditor.QuickSearchModule:UnityEditor.Search:ASIAI0B' with importer (ScriptedImporter : UnityEditor.QuickSearchModule:UnityEditor.Search:ASIAI0B)
Imported 'GUID: e1698c50541d0434d9f0dd4bf31bdd82' -> (Import Result ID: '08af271e599bab925cd124f77a02d7b4') in 0.005 seconds [static and dynamic dependencies]. Details - ImportResultOutputID=983707fab87928325da8dce12cefe71c DependenciesID=ba6f305b8a4e012319272c4463ab087c StaticDependenciesID=8d0e83f749577942023f591216857730 
Number of updated asset objects reloaded before import = 0
Number of asset objects unloaded after import = 1
========================================================================
Received Import Request.
  Time of request: 2026-10-01T10:28:14.0404585Z
  Time since last request: 0.000446 seconds.
  importAddress: GUID: 78d188726e50147fa8f4526c73fcfd38 - Path: Packages/com.unity.device-simulator.devices/Editor/Devices/OnePlus 7 Pro.device - Importer: ScriptedImporter/UnityEditor.QuickSearchModule:UnityEditor.Search:ASIAI0B
Importing 'GUID: 78d188726e50147fa8f4526c73fcfd38 - Path: Packages/com.unity.device-simulator.devices/Editor/Devices/OnePlus 7 Pro.device - Importer: ScriptedImporter/UnityEditor.QuickSearchModule:UnityEditor.Search:ASIAI0B' with importer (ScriptedImporter : UnityEditor.QuickSearchModule:UnityEditor.Search:ASIAI0B)
Imported 'GUID: 78d188726e50147fa8f4526c73fcfd38' -> (Import Result ID: 'cc55878bc181b9f3933019274152f625') in 0.006 seconds [static and dynamic dependencies]. Details - ImportResultOutputID=db6a75d09ddddee3a65ab525b06c0d2c DependenciesID=857bc49670f02a39c9d96c435d271a1c StaticDependenciesID=2479fadcc78111b23d7571e725907feb 
Number of updated asset objects reloaded before import = 0
Number of asset objects unloaded after import = 1
========================================================================
Received Import Request.
  Time of request: 2026-10-01T10:28:14.0577174Z
  Time since last request: 0.0005523 seconds.
  importAddress: GUID: a3a736394315c469f84f8b12261bce94 - Path: Packages/com.unity.device-simulator.devices/Editor/Devices/DeviceOverlays/Asus ROG Phone_Overlay.png - Importer: ScriptedImporter/UnityEditor.QuickSearchModule:UnityEditor.Search:ASIAI0B
Importing 'GUID: a3a736394315c469f84f8b12261bce94 - Path: Packages/com.unity.device-simulator.devices/Editor/Devices/DeviceOverlays/Asus ROG Phone_Overlay.png - Importer: ScriptedImporter/UnityEditor.QuickSearchModule:UnityEditor.Search:ASIAI0B' with importer (ScriptedImporter : UnityEditor.QuickSearchModule:UnityEditor.Search:ASIAI0B)
Imported 'GUID: a3a736394315c469f84f8b12261bce94' -> (Import Result ID: 'cfbd0de1432a0029ad0e7095ec39e725') in 0.031 seconds [static and dynamic dependencies]. Details - ImportResultOutputID=b1434d392265b00d56fe163152b02178 DependenciesID=ea4b302ce8f7cfd3751a5028c81f3f29 StaticDependenciesID=ced7bba6040bbb6f8567e2b27063ffe6 
Number of updated asset objects reloaded before import = 0
Number of asset objects unloaded after import = 1
========================================================================
Received Import Request.
  Time of request: 2026-10-01T10:28:14.1052937Z
  Time since last request: 0.000373 seconds.
  importAddress: GUID: caeb8f3e5854b4e6eba3d8193822a393 - Path: Packages/com.unity.device-simulator.devices/Editor/Devices/Apple iPhone 12 Pro Max.device - Importer: ScriptedImporter/UnityEditor.QuickSearchModule:UnityEditor.Search:ASIAI0B
Importing 'GUID: caeb8f3e5854b4e6eba3d8193822a393 - Path: Packages/com.unity.device-simulator.devices/Editor/Devices/Apple iPhone 12 Pro Max.device - Importer: ScriptedImporter/UnityEditor.QuickSearchModule:UnityEditor.Search:ASIAI0B' with importer (ScriptedImporter : UnityEditor.QuickSearchModule:UnityEditor.Search:ASIAI0B)
Imported 'GUID: caeb8f3e5854b4e6eba3d8193822a393' -> (Import Result ID: 'da95ed4fd4fe8f900056d8404115e092') in 0.006 seconds [static and dynamic dependencies]. Details - ImportResultOutputID=a819bdf9eff321446990708a5be2a558 DependenciesID=76308242eaab404e7620b70694330284 StaticDependenciesID=9c19f9b9b6c1d2e11bb36af9959acbb8 
Number of updated asset objects reloaded before import = 0
Number of asset objects unloaded after import = 1
========================================================================
Received Import Request.
  Time of request: 2026-10-01T10:28:14.1250623Z
  Time since last request: 0.0003357 seconds.
  importAddress: GUID: 2046d430d87744c7288a178d1a9adff9 - Path: Packages/com.unity.device-simulator.devices/Editor/Devices/DeviceOverlays/Soony Xperia Z2 Tablet_Overlay.png - Importer: ScriptedImporter/UnityEditor.QuickSearchModule:UnityEditor.Search:ASIAI0B
Importing 'GUID: 2046d430d87744c7288a178d1a9adff9 - Path: Packages/com.unity.device-simulator.devices/Editor/Devices/DeviceOverlays/Soony Xperia Z2 Tablet_Overlay.png - Importer: ScriptedImporter/UnityEditor.QuickSearchModule:UnityEditor.Search:ASIAI0B' with importer (ScriptedImporter : UnityEditor.QuickSearchModule:UnityEditor.Search:ASIAI0B)
Imported 'GUID: 2046d430d87744c7288a178d1a9adff9' -> (Import Result ID: '194ec91eddd778fcf08902b2612d96ca') in 0.031 seconds [static and dynamic dependencies]. Details - ImportResultOutputID=dfda003dd86054711a28659e7dc9568f DependenciesID=8011aa81725df69ec6446f941f880eee StaticDependenciesID=7b617be70bc2ba4ef7929b50d2d3265d 
Number of updated asset objects reloaded before import = 0
Number of asset objects unloaded after import = 1
========================================================================
Received Import Request.
  Time of request: 2026-10-01T10:28:14.1695954Z
  Time since last request: 0.0006524 seconds.
  importAddress: GUID: 48e08a7f1faf3497b9587d1a0076c319 - Path: Packages/com.unity.device-simulator.devices/Tests/Editor - Importer: ScriptedImporter/UnityEditor.QuickSearchModule:UnityEditor.Search:ASIAI0B
Importing 'GUID: 48e08a7f1faf3497b9587d1a0076c319 - Path: Packages/com.unity.device-simulator.devices/Tests/Editor - Importer: ScriptedImporter/UnityEditor.QuickSearchModule:UnityEditor.Search:ASIAI0B' with importer (ScriptedImporter : UnityEditor.QuickSearchModule:UnityEditor.Search:ASIAI0B)
Imported 'GUID: 48e08a7f1faf3497b9587d1a0076c319' -> (Import Result ID: 'c7e240c03e7f86a59dfbb2b4e3d4474b') in 0.003 seconds [static and dynamic dependencies]. Details - ImportResultOutputID=4d3fd4aa44cdc85a04eac27ef3523786 DependenciesID=ca32859dd5acbd4d8f5cdd8fe731c9d3 StaticDependenciesID=fa0af5be519718e7dddfd2b4d2b3fbfe 
Number of updated asset objects reloaded before import = 0
Number of asset objects unloaded after import = 1
========================================================================
Received Import Request.
  Time of request: 2026-10-01T10:28:14.1857702Z
  Time since last request: 0.0004684 seconds.
  importAddress: GUID: 997c426cacf98423db26a760b2e903a7 - Path: Packages/com.unity.device-simulator.devices/Editor/Devices/DeviceOverlays/OnePlus 6T_Overlay.png - Importer: ScriptedImporter/UnityEditor.QuickSearchModule:UnityEditor.Search:ASIAI0B
Importing 'GUID: 997c426cacf98423db26a760b2e903a7 - Path: Packages/com.unity.device-simulator.devices/Editor/Devices/DeviceOverlays/OnePlus 6T_Overlay.png - Importer: ScriptedImporter/UnityEditor.QuickSearchModule:UnityEditor.Search:ASIAI0B' with importer (ScriptedImporter : UnityEditor.QuickSearchModule:UnityEditor.Search:ASIAI0B)
Imported 'GUID: 997c426cacf98423db26a760b2e903a7' -> (Import Result ID: '877fadd4c248c47ace029e0e652d45ef') in 0.037 seconds [static and dynamic dependencies]. Details - ImportResultOutputID=55c23d4497fae21806b541d728a13392 DependenciesID=a1e48c0d0a3b40c4b6bd4b97662c299b StaticDependenciesID=be007edf08429d840c5080f4317d0c22 
Number of updated asset objects reloaded before import = 0
Number of asset objects unloaded after import = 1
========================================================================
Received Import Request.
  Time of request: 2026-10-01T10:28:14.2359935Z
  Time since last request: 0.0004972 seconds.
  importAddress: GUID: bb6fe1eb2ad76444689953049baf368d - Path: Packages/com.unity.device-simulator.devices/CHANGELOG.md - Importer: ScriptedImporter/UnityEditor.QuickSearchModule:UnityEditor.Search:ASIAI0B
Importing 'GUID: bb6fe1eb2ad76444689953049baf368d - Path: Packages/com.unity.device-simulator.devices/CHANGELOG.md - Importer: ScriptedImporter/UnityEditor.QuickSearchModule:UnityEditor.Search:ASIAI0B' with importer (ScriptedImporter : UnityEditor.QuickSearchModule:UnityEditor.Search:ASIAI0B)
Imported 'GUID: bb6fe1eb2ad76444689953049baf368d' -> (Import Result ID: '69dc35176be0871519c23d0cb8412c63') in 0.018 seconds [static and dynamic dependencies]. Details - ImportResultOutputID=bb62cc163cec1ba4294064fdc13aa57b DependenciesID=6aa9a356c6070bfda8d6909767fbc4df StaticDependenciesID=87e61afa4a9964ff7a12cfbc5a391f30 
Number of updated asset objects reloaded before import = 0
Number of asset objects unloaded after import = 1
========================================================================
Received Import Request.
  Time of request: 2026-10-01T10:28:14.2679357Z
  Time since last request: 0.0004026 seconds.
  importAddress: GUID: a90f610f1686e43b1846096d7de04af9 - Path: Packages/com.unity.device-simulator.devices/Tests/Editor/DeviceConfigValidation.cs - Importer: ScriptedImporter/UnityEditor.QuickSearchModule:UnityEditor.Search:ASIAI0B
Importing 'GUID: a90f610f1686e43b1846096d7de04af9 - Path: Packages/com.unity.device-simulator.devices/Tests/Editor/DeviceConfigValidation.cs - Importer: ScriptedImporter/UnityEditor.QuickSearchModule:UnityEditor.Search:ASIAI0B' with importer (ScriptedImporter : UnityEditor.QuickSearchModule:UnityEditor.Search:ASIAI0B)
Imported 'GUID: a90f610f1686e43b1846096d7de04af9' -> (Import Result ID: 'f5bd918cf3340f5c0f0017dbd3844b0f') in 0.003 seconds [static and dynamic dependencies]. Details - ImportResultOutputID=3c31db9619e369e8da4d77cdea13c8c6 DependenciesID=4cb92fb78456c1f2cb285f203ed79186 StaticDependenciesID=be5ed62b263548ead23452e947414bac 
Number of updated asset objects reloaded before import = 0
Number of asset objects unloaded after import = 0
========================================================================
Received Import Request.
  Time of request: 2026-10-01T10:28:14.2861985Z
  Time since last request: 0.0003774 seconds.
  importAddress: GUID: 254bea8317f4c460d99b8bc95042fdad - Path: Packages/com.unity.device-simulator.devices/Editor/Devices/Xiaomi Mi 5.device - Importer: ScriptedImporter/UnityEditor.QuickSearchModule:UnityEditor.Search:ASIAI0B
Importing 'GUID: 254bea8317f4c460d99b8bc95042fdad - Path: Packages/com.unity.device-simulator.devices/Editor/Devices/Xiaomi Mi 5.device - Importer: ScriptedImporter/UnityEditor.QuickSearchModule:UnityEditor.Search:ASIAI0B' with importer (ScriptedImporter : UnityEditor.QuickSearchModule:UnityEditor.Search:ASIAI0B)
Imported 'GUID: 254bea8317f4c460d99b8bc95042fdad' -> (Import Result ID: 'c7936a143f3a74169dffb9e1d53670d9') in 0.005 seconds [static and dynamic dependencies]. Details - ImportResultOutputID=6f9b0da474d01ab6dfd0821808120d84 DependenciesID=381fd29d06edc921a5177a734ff8b3b0 StaticDependenciesID=9ceaaebc553c7c82bba05fc838f5bdbc 
Number of updated asset objects reloaded before import = 0
Number of asset objects unloaded after import = 1
========================================================================
Received Import Request.
  Time of request: 2026-10-01T10:28:14.3071773Z
  Time since last request: 0.0003044 seconds.
  importAddress: GUID: 99920abe3d2f246b0b40c4af7bfc7bdf - Path: Packages/com.unity.device-simulator.devices/Editor/Devices/DeviceOverlays/Google Pixel 2_Overlay.png - Importer: ScriptedImporter/UnityEditor.QuickSearchModule:UnityEditor.Search:ASIAI0B
Importing 'GUID: 99920abe3d2f246b0b40c4af7bfc7bdf - Path: Packages/com.unity.device-simulator.devices/Editor/Devices/DeviceOverlays/Google Pixel 2_Overlay.png - Importer: ScriptedImporter/UnityEditor.QuickSearchModule:UnityEditor.Search:ASIAI0B' with importer (ScriptedImporter : UnityEditor.QuickSearchModule:UnityEditor.Search:ASIAI0B)
Imported 'GUID: 99920abe3d2f246b0b40c4af7bfc7bdf' -> (Import Result ID: 'b9b1d86499c4298ee5fe7212b2aea308') in 0.028 seconds [static and dynamic dependencies]. Details - ImportResultOutputID=1083dddccc8fdc41ec97591230d1b7b7 DependenciesID=3f8e9c2fa3492462180d9373004f842e StaticDependenciesID=3874ded995d2733dea9685ac4be37f94 
Number of updated asset objects reloaded before import = 0
Number of asset objects unloaded after import = 1
========================================================================
Received Import Request.
  Time of request: 2026-10-01T10:28:14.3493587Z
  Time since last request: 0.0003451 seconds.
  importAddress: GUID: 273c834534f114f699adcbf4284dd265 - Path: Packages/com.unity.device-simulator.devices/Editor/Devices/DeviceOverlays/Samsung Galaxy S7_Overlay.png - Importer: ScriptedImporter/UnityEditor.QuickSearchModule:UnityEditor.Search:ASIAI0B
Importing 'GUID: 273c834534f114f699adcbf4284dd265 - Path: Packages/com.unity.device-simulator.devices/Editor/Devices/DeviceOverlays/Samsung Galaxy S7_Overlay.png - Importer: ScriptedImporter/UnityEditor.QuickSearchModule:UnityEditor.Search:ASIAI0B' with importer (ScriptedImporter : UnityEditor.QuickSearchModule:UnityEditor.Search:ASIAI0B)
Imported 'GUID: 273c834534f114f699adcbf4284dd265' -> (Import Result ID: 'bfb027cca414e47668d9af6427dbc677') in 0.026 seconds [static and dynamic dependencies]. Details - ImportResultOutputID=202585064f0ffacacd1bf418fd4244cd DependenciesID=e74c54e251bea8b4adffdb9c4eb73f3a StaticDependenciesID=cc68cbfbdefe26a264561f4ac1d4111f 
Number of updated asset objects reloaded before import = 0
Number of asset objects unloaded after import = 1
========================================================================
Received Import Request.
  Time of request: 2026-10-01T10:28:14.3889594Z
  Time since last request: 0.0003256 seconds.
  importAddress: GUID: 5d9843470c9474c8596fc213adf00cd5 - Path: Packages/com.unity.device-simulator.devices/Editor/Devices/Apple iPad Mini 2.device - Importer: ScriptedImporter/UnityEditor.QuickSearchModule:UnityEditor.Search:ASIAI0B
Importing 'GUID: 5d9843470c9474c8596fc213adf00cd5 - Path: Packages/com.unity.device-simulator.devices/Editor/Devices/Apple iPad Mini 2.device - Importer: ScriptedImporter/UnityEditor.QuickSearchModule:UnityEditor.Search:ASIAI0B' with importer (ScriptedImporter : UnityEditor.QuickSearchModule:UnityEditor.Search:ASIAI0B)
Imported 'GUID: 5d9843470c9474c8596fc213adf00cd5' -> (Import Result ID: 'ee2c9f95324062577a5c89718638f488') in 0.004 seconds [static and dynamic dependencies]. Details - ImportResultOutputID=368c8aa01eeb74e01bceee70f00268b4 DependenciesID=5b207a96bbd2ef4e866a4c4afca5a990 StaticDependenciesID=f9b0914b72c24e9dc215f5ff990fb47c 
Number of updated asset objects reloaded before import = 0
Number of asset objects unloaded after import = 1
========================================================================
Received Import Request.
  Time of request: 2026-10-01T10:28:14.4061862Z
  Time since last request: 0.0004583 seconds.
  importAddress: GUID: d9cf67830131345019e7040ce5d4f412 - Path: Packages/com.unity.device-simulator.devices/Editor/Devices/Lenovo Phab2 Pro.device - Importer: ScriptedImporter/UnityEditor.QuickSearchModule:UnityEditor.Search:ASIAI0B
Importing 'GUID: d9cf67830131345019e7040ce5d4f412 - Path: Packages/com.unity.device-simulator.devices/Editor/Devices/Lenovo Phab2 Pro.device - Importer: ScriptedImporter/UnityEditor.QuickSearchModule:UnityEditor.Search:ASIAI0B' with importer (ScriptedImporter : UnityEditor.QuickSearchModule:UnityEditor.Search:ASIAI0B)
Imported 'GUID: d9cf67830131345019e7040ce5d4f412' -> (Import Result ID: 'b2b884b96eab9b312e8628cf68faf955') in 0.005 seconds [static and dynamic dependencies]. Details - ImportResultOutputID=d58349ee43184e45ffaec9602f24d9ad DependenciesID=2437f66ef328c9bcca6aac4b640f73b3 StaticDependenciesID=db97ce69061a99ece56b23c0ae2f1a09 
Number of updated asset objects reloaded before import = 0
Number of asset objects unloaded after import = 1
========================================================================
Received Import Request.
  Time of request: 2026-10-01T10:28:14.4248458Z
  Time since last request: 0.0003857 seconds.
  importAddress: GUID: fc948800c3ec84a6f9ccf1edb7303685 - Path: Packages/com.unity.device-simulator.devices/Editor/Devices/DeviceOverlays/Huawei P9_Overlay.png - Importer: ScriptedImporter/UnityEditor.QuickSearchModule:UnityEditor.Search:ASIAI0B
Importing 'GUID: fc948800c3ec84a6f9ccf1edb7303685 - Path: Packages/com.unity.device-simulator.devices/Editor/Devices/DeviceOverlays/Huawei P9_Overlay.png - Importer: ScriptedImporter/UnityEditor.QuickSearchModule:UnityEditor.Search:ASIAI0B' with importer (ScriptedImporter : UnityEditor.QuickSearchModule:UnityEditor.Search:ASIAI0B)
Imported 'GUID: fc948800c3ec84a6f9ccf1edb7303685' -> (Import Result ID: 'a3b7d3406cd3f73e8b329f3a1642b614') in 0.028 seconds [static and dynamic dependencies]. Details - ImportResultOutputID=9efe979110fce21e48ea54c26ae95ddc DependenciesID=c321a14ae84f5917d8a3dc8314c26924 StaticDependenciesID=37daeb8bfb9b5a511dbf5e813986fc2b 
Number of updated asset objects reloaded before import = 0
Number of asset objects unloaded after import = 1
========================================================================
Received Import Request.
  Time of request: 2026-10-01T10:28:14.4686306Z
  Time since last request: 0.0003986 seconds.
  importAddress: GUID: cf3601b59ce19432e903da2538e50126 - Path: Packages/com.unity.device-simulator.devices/Editor/Devices/Samsung Galaxy S10+.device - Importer: ScriptedImporter/UnityEditor.QuickSearchModule:UnityEditor.Search:ASIAI0B
Importing 'GUID: cf3601b59ce19432e903da2538e50126 - Path: Packages/com.unity.device-simulator.devices/Editor/Devices/Samsung Galaxy S10+.device - Importer: ScriptedImporter/UnityEditor.QuickSearchModule:UnityEditor.Search:ASIAI0B' with importer (ScriptedImporter : UnityEditor.QuickSearchModule:UnityEditor.Search:ASIAI0B)
Imported 'GUID: cf3601b59ce19432e903da2538e50126' -> (Import Result ID: 'cd7f9429e43a6641b72c05024d5cb089') in 0.005 seconds [static and dynamic dependencies]. Details - ImportResultOutputID=bc74418115aa7f8c878f9758ea507d57 DependenciesID=5dce89301649114a3c13740e29c1e9cd StaticDependenciesID=a97b8cb8ffcbfee4f8dfc99d27e94436 
Number of updated asset objects reloaded before import = 0
Number of asset objects unloaded after import = 1
========================================================================
Received Import Request.
  Time of request: 2026-10-01T10:28:14.4862733Z
  Time since last request: 0.0005002 seconds.
  importAddress: GUID: 3437b0a49473742d39710dc765a546c4 - Path: Packages/com.unity.device-simulator.devices/Editor/Devices/Apple iPhone 8 Plus.device - Importer: ScriptedImporter/UnityEditor.QuickSearchModule:UnityEditor.Search:ASIAI0B
Importing 'GUID: 3437b0a49473742d39710dc765a546c4 - Path: Packages/com.unity.device-simulator.devices/Editor/Devices/Apple iPhone 8 Plus.device - Importer: ScriptedImporter/UnityEditor.QuickSearchModule:UnityEditor.Search:ASIAI0B' with importer (ScriptedImporter : UnityEditor.QuickSearchModule:UnityEditor.Search:ASIAI0B)
Imported 'GUID: 3437b0a49473742d39710dc765a546c4' -> (Import Result ID: '8e032cee1d471c329d1450e7823863eb') in 0.006 seconds [static and dynamic dependencies]. Details - ImportResultOutputID=f09eb62a0768ac530315db94f72b7920 DependenciesID=62ab278c73c27b3ebdc705c79891feb5 StaticDependenciesID=917151918196593853b94e300b10be2d 
Number of updated asset objects reloaded before import = 0
Number of asset objects unloaded after import = 1
========================================================================
Received Import Request.
  Time of request: 2026-10-01T10:28:14.5054994Z
  Time since last request: 0.0004304 seconds.
  importAddress: GUID: b787db8022e524e38b5d625bbc3af9b8 - Path: Packages/com.unity.device-simulator.devices/Editor/Devices/DeviceOverlays/Apple iPad Pro 10.15_Overlay.png - Importer: ScriptedImporter/UnityEditor.QuickSearchModule:UnityEditor.Search:ASIAI0B
Importing 'GUID: b787db8022e524e38b5d625bbc3af9b8 - Path: Packages/com.unity.device-simulator.devices/Editor/Devices/DeviceOverlays/Apple iPad Pro 10.15_Overlay.png - Importer: ScriptedImporter/UnityEditor.QuickSearchModule:UnityEditor.Search:ASIAI0B' with importer (ScriptedImporter : UnityEditor.QuickSearchModule:UnityEditor.Search:ASIAI0B)
Imported 'GUID: b787db8022e524e38b5d625bbc3af9b8' -> (Import Result ID: '4339cc5c6421ace4b4d08259cd3fdbd2') in 0.031 seconds [static and dynamic dependencies]. Details - ImportResultOutputID=5de746f96d4044c03d8a9d195de23168 DependenciesID=8e4d6566d47eb804131f1eda252d4e1c StaticDependenciesID=ce90a3006a8507a49a657ba55cb49da8 
Number of updated asset objects reloaded before import = 0
Number of asset objects unloaded after import = 1
========================================================================
Received Import Request.
  Time of request: 2026-10-01T10:28:14.551442Z
  Time since last request: 0.0003669 seconds.
  importAddress: GUID: 28231978c00b04390bb662c9e734fe39 - Path: Packages/com.unity.device-simulator.devices/Editor/Devices/Xiaomi Redmi 6 Pro.device - Importer: ScriptedImporter/UnityEditor.QuickSearchModule:UnityEditor.Search:ASIAI0B
Importing 'GUID: 28231978c00b04390bb662c9e734fe39 - Path: Packages/com.unity.device-simulator.devices/Editor/Devices/Xiaomi Redmi 6 Pro.device - Importer: ScriptedImporter/UnityEditor.QuickSearchModule:UnityEditor.Search:ASIAI0B' with importer (ScriptedImporter : UnityEditor.QuickSearchModule:UnityEditor.Search:ASIAI0B)
Imported 'GUID: 28231978c00b04390bb662c9e734fe39' -> (Import Result ID: '2a9bd86a00ae0fc630647af07ea134b4') in 0.006 seconds [static and dynamic dependencies]. Details - ImportResultOutputID=d23756a6e6fa4bb27efe8d9ac6a06b61 DependenciesID=2367021ac35142fa558f0ab2c09b2569 StaticDependenciesID=98913bb76ccbb7a1e8c52610994ea864 
Number of updated asset objects reloaded before import = 0
Number of asset objects unloaded after import = 1
========================================================================
Received Import Request.
  Time of request: 2026-10-01T10:28:14.5710402Z
  Time since last request: 0.0003977 seconds.
  importAddress: GUID: cb221f1d7509b457197cbc6666fc6361 - Path: Packages/com.unity.device-simulator.devices/Editor/Devices/DeviceOverlays/Xiaomi Mi 4i_Overlay.png - Importer: ScriptedImporter/UnityEditor.QuickSearchModule:UnityEditor.Search:ASIAI0B
Importing 'GUID: cb221f1d7509b457197cbc6666fc6361 - Path: Packages/com.unity.device-simulator.devices/Editor/Devices/DeviceOverlays/Xiaomi Mi 4i_Overlay.png - Importer: ScriptedImporter/UnityEditor.QuickSearchModule:UnityEditor.Search:ASIAI0B' with importer (ScriptedImporter : UnityEditor.QuickSearchModule:UnityEditor.Search:ASIAI0B)
Imported 'GUID: cb221f1d7509b457197cbc6666fc6361' -> (Import Result ID: 'ad35f9af4d694c46b8a327df75107d6a') in 0.034 seconds [static and dynamic dependencies]. Details - ImportResultOutputID=cd43f7c73f786f003cb34863fbb025b4 DependenciesID=5c3be010561a53d7316e9667db2f9f6f StaticDependenciesID=0a6d0edcdc6775559a38e0471580ad8d 
Number of updated asset objects reloaded before import = 0
Number of asset objects unloaded after import = 1
========================================================================
Received Import Request.
  Time of request: 2026-10-01T10:28:14.6189007Z
  Time since last request: 0.0003453 seconds.
  importAddress: GUID: 43102b033926b47d898245670417b07e - Path: Packages/com.unity.device-simulator.devices/Editor/Devices/Apple iPad 6th Gen.device - Importer: ScriptedImporter/UnityEditor.QuickSearchModule:UnityEditor.Search:ASIAI0B
Importing 'GUID: 43102b033926b47d898245670417b07e - Path: Packages/com.unity.device-simulator.devices/Editor/Devices/Apple iPad 6th Gen.device - Importer: ScriptedImporter/UnityEditor.QuickSearchModule:UnityEditor.Search:ASIAI0B' with importer (ScriptedImporter : UnityEditor.QuickSearchModule:UnityEditor.Search:ASIAI0B)
Imported 'GUID: 43102b033926b47d898245670417b07e' -> (Import Result ID: '32330e381e14746e4fb4268a74b4361a') in 0.005 seconds [static and dynamic dependencies]. Details - ImportResultOutputID=2f59b70652b8ea484401ac1558862464 DependenciesID=f72456dda082ac00a6fbd6598f4e6e81 StaticDependenciesID=40d0680d1c250aabf44377d42440e5a0 
Number of updated asset objects reloaded before import = 0
Number of asset objects unloaded after import = 1
========================================================================
Received Import Request.
  Time of request: 2026-10-01T10:28:14.6362527Z
  Time since last request: 0.0004651 seconds.
  importAddress: GUID: 8d0f4f2cf491c4db9ab88910d70080eb - Path: Packages/com.unity.device-simulator.devices/Editor/Devices/DeviceOverlays/Razer Phone_Overlay.png - Importer: ScriptedImporter/UnityEditor.QuickSearchModule:UnityEditor.Search:ASIAI0B
Importing 'GUID: 8d0f4f2cf491c4db9ab88910d70080eb - Path: Packages/com.unity.device-simulator.devices/Editor/Devices/DeviceOverlays/Razer Phone_Overlay.png - Importer: ScriptedImporter/UnityEditor.QuickSearchModule:UnityEditor.Search:ASIAI0B' with importer (ScriptedImporter : UnityEditor.QuickSearchModule:UnityEditor.Search:ASIAI0B)
Imported 'GUID: 8d0f4f2cf491c4db9ab88910d70080eb' -> (Import Result ID: '6e07f5fb08cb652999a95bfc8a2c9f14') in 0.037 seconds [static and dynamic dependencies]. Details - ImportResultOutputID=dfe9e8b5ca15d8884a9bc212fffe2b0d DependenciesID=92e7eaf84e403caecd40daf422468e18 StaticDependenciesID=f17ed045bce26cccb1e1e74626bf4f55 
Number of updated asset objects reloaded before import = 0
Number of asset objects unloaded after import = 1
========================================================================
Received Import Request.
  Time of request: 2026-10-01T10:28:14.6896506Z
  Time since last request: 0.0003502 seconds.
  importAddress: GUID: 3e0aa665e7163407c91fe5c3ba0f1b75 - Path: Packages/com.unity.device-simulator.devices/Editor/Devices/DeviceOverlays/Apple iPhone XS Max_Overlay.png - Importer: ScriptedImporter/UnityEditor.QuickSearchModule:UnityEditor.Search:ASIAI0B
Importing 'GUID: 3e0aa665e7163407c91fe5c3ba0f1b75 - Path: Packages/com.unity.device-simulator.devices/Editor/Devices/DeviceOverlays/Apple iPhone XS Max_Overlay.png - Importer: ScriptedImporter/UnityEditor.QuickSearchModule:UnityEditor.Search:ASIAI0B' with importer (ScriptedImporter : UnityEditor.QuickSearchModule:UnityEditor.Search:ASIAI0B)
Imported 'GUID: 3e0aa665e7163407c91fe5c3ba0f1b75' -> (Import Result ID: 'd4aa5cee87e0e841131c4209b80ca17e') in 0.030 seconds [static and dynamic dependencies]. Details - ImportResultOutputID=c6e5f469d767aeae5d19ecdf2c0c0672 DependenciesID=657b1befaac46714d0b0caeb6dc44710 StaticDependenciesID=038b620c0aa6cf91151d135ed14785f3 
Number of updated asset objects reloaded before import = 0
Number of asset objects unloaded after import = 1
========================================================================
Received Import Request.
  Time of request: 2026-10-01T10:28:14.734109Z
  Time since last request: 0.0005243 seconds.
  importAddress: GUID: d2ba4e425913b44b28c405de3052ed00 - Path: Packages/com.unity.device-simulator.devices/Editor/Devices/Samsung Galaxy J7 (2017).device - Importer: ScriptedImporter/UnityEditor.QuickSearchModule:UnityEditor.Search:ASIAI0B
Importing 'GUID: d2ba4e425913b44b28c405de3052ed00 - Path: Packages/com.unity.device-simulator.devices/Editor/Devices/Samsung Galaxy J7 (2017).device - Importer: ScriptedImporter/UnityEditor.QuickSearchModule:UnityEditor.Search:ASIAI0B' with importer (ScriptedImporter : UnityEditor.QuickSearchModule:UnityEditor.Search:ASIAI0B)
Imported 'GUID: d2ba4e425913b44b28c405de3052ed00' -> (Import Result ID: '560074310bf8893a1176c9bda8fe7374') in 0.004 seconds [static and dynamic dependencies]. Details - ImportResultOutputID=c82db456e7862381ba7ca5ad034898c0 DependenciesID=8feee817e8e2032847d98201211f3003 StaticDependenciesID=2b7fbfd868ae8896fe8e462cd8bd2f1b 
Number of updated asset objects reloaded before import = 0
Number of asset objects unloaded after import = 1
========================================================================
Received Import Request.
  Time of request: 2026-10-01T10:28:14.7515067Z
  Time since last request: 0.0006312 seconds.
  importAddress: GUID: 96adde0d08970497797cbd82f872dfda - Path: Packages/com.unity.device-simulator.devices/Editor/Devices/DeviceOverlays/Samsung Galaxy Note9_Overlay.png - Importer: ScriptedImporter/UnityEditor.QuickSearchModule:UnityEditor.Search:ASIAI0B
Importing 'GUID: 96adde0d08970497797cbd82f872dfda - Path: Packages/com.unity.device-simulator.devices/Editor/Devices/DeviceOverlays/Samsung Galaxy Note9_Overlay.png - Importer: ScriptedImporter/UnityEditor.QuickSearchModule:UnityEditor.Search:ASIAI0B' with importer (ScriptedImporter : UnityEditor.QuickSearchModule:UnityEditor.Search:ASIAI0B)
Imported 'GUID: 96adde0d08970497797cbd82f872dfda' -> (Import Result ID: '905a3b99c388449a93f5d5677fe2b67a') in 0.035 seconds [static and dynamic dependencies]. Details - ImportResultOutputID=ec423e3738c98c895e2dffe8507116c1 DependenciesID=8ef76f2f95924d2e5d06ac13eb9f180a StaticDependenciesID=7b8b6dc3a0d6d1d0e39ff62ce8b4c3f1 
Number of updated asset objects reloaded before import = 0
Number of asset objects unloaded after import = 1
========================================================================
Received Import Request.
  Time of request: 2026-10-01T10:28:14.8012384Z
  Time since last request: 0.0009435 seconds.
  importAddress: GUID: 0c7a6e2f11c4f406c810ef56f2a5d77b - Path: Packages/com.unity.device-simulator.devices/Editor/Devices/DeviceOverlays/Samsung Galaxy Note10+ 5G_Overlay.png - Importer: ScriptedImporter/UnityEditor.QuickSearchModule:UnityEditor.Search:ASIAI0B
Importing 'GUID: 0c7a6e2f11c4f406c810ef56f2a5d77b - Path: Packages/com.unity.device-simulator.devices/Editor/Devices/DeviceOverlays/Samsung Galaxy Note10+ 5G_Overlay.png - Importer: ScriptedImporter/UnityEditor.QuickSearchModule:UnityEditor.Search:ASIAI0B' with importer (ScriptedImporter : UnityEditor.QuickSearchModule:UnityEditor.Search:ASIAI0B)
Imported 'GUID: 0c7a6e2f11c4f406c810ef56f2a5d77b' -> (Import Result ID: 'b676b8eeb33ddd819acf23c822a9ccaf') in 0.029 seconds [static and dynamic dependencies]. Details - ImportResultOutputID=1799d6bb142f2d2ae0c0ad9f30b3e809 DependenciesID=05409ab1b1bb421c6fabc558de08a5e6 StaticDependenciesID=5ae7ec52627500d11da623f70a4c0aad 
Number of updated asset objects reloaded before import = 0
Number of asset objects unloaded after import = 1
========================================================================
Received Import Request.
  Time of request: 2026-10-01T10:28:14.8425017Z
  Time since last request: 0.0003906 seconds.
  importAddress: GUID: b83324161be2e419c9803ad3bee1743b - Path: Packages/com.unity.device-simulator.devices/Editor/Devices/DeviceOverlays/Apple iPhone 13 Pro_Overlay.png - Importer: ScriptedImporter/UnityEditor.QuickSearchModule:UnityEditor.Search:ASIAI0B
Importing 'GUID: b83324161be2e419c9803ad3bee1743b - Path: Packages/com.unity.device-simulator.devices/Editor/Devices/DeviceOverlays/Apple iPhone 13 Pro_Overlay.png - Importer: ScriptedImporter/UnityEditor.QuickSearchModule:UnityEditor.Search:ASIAI0B' with importer (ScriptedImporter : UnityEditor.QuickSearchModule:UnityEditor.Search:ASIAI0B)
Imported 'GUID: b83324161be2e419c9803ad3bee1743b' -> (Import Result ID: '5c608cc23e9fb27fa8042e10aaeced74') in 0.032 seconds [static and dynamic dependencies]. Details - ImportResultOutputID=4c227fc6fc9935a2e26b165d441c6ca3 DependenciesID=98bed9f23962505a60cd9857cb40db32 StaticDependenciesID=c84d6388814e55a9be83feaeba7ca8ca 
Number of updated asset objects reloaded before import = 0
Number of asset objects unloaded after import = 1
========================================================================
Received Import Request.
  Time of request: 2026-10-01T10:28:14.887631Z
  Time since last request: 0.0004362 seconds.
  importAddress: GUID: e2e530d060cf246d18f0f60856cebb00 - Path: Packages/com.unity.device-simulator.devices/Editor/Devices/DeviceOverlays/Google Nexus 4_Overlay.png - Importer: ScriptedImporter/UnityEditor.QuickSearchModule:UnityEditor.Search:ASIAI0B
Importing 'GUID: e2e530d060cf246d18f0f60856cebb00 - Path: Packages/com.unity.device-simulator.devices/Editor/Devices/DeviceOverlays/Google Nexus 4_Overlay.png - Importer: ScriptedImporter/UnityEditor.QuickSearchModule:UnityEditor.Search:ASIAI0B' with importer (ScriptedImporter : UnityEditor.QuickSearchModule:UnityEditor.Search:ASIAI0B)
Imported 'GUID: e2e530d060cf246d18f0f60856cebb00' -> (Import Result ID: 'b0fe71977ccdf98a97f1513af5c24614') in 0.032 seconds [static and dynamic dependencies]. Details - ImportResultOutputID=c897c9288eb11719f066318ad1822dc7 DependenciesID=f36e4ef15b8f447564fb668cdb68acb0 StaticDependenciesID=f53d7572b79716e623c173abe91257e3 
Number of updated asset objects reloaded before import = 0
Number of asset objects unloaded after import = 1
========================================================================
Received Import Request.
  Time of request: 2026-10-01T10:28:14.9364624Z
  Time since last request: 0.0006629 seconds.
  importAddress: GUID: 4ec9861b5c38346c3a708eb80adc442c - Path: Packages/com.unity.device-simulator.devices/Editor/Devices/DeviceOverlays/Samsung Galaxy Z Fold2 5G_2_Overlay.png - Importer: ScriptedImporter/UnityEditor.QuickSearchModule:UnityEditor.Search:ASIAI0B
Importing 'GUID: 4ec9861b5c38346c3a708eb80adc442c - Path: Packages/com.unity.device-simulator.devices/Editor/Devices/DeviceOverlays/Samsung Galaxy Z Fold2 5G_2_Overlay.png - Importer: ScriptedImporter/UnityEditor.QuickSearchModule:UnityEditor.Search:ASIAI0B' with importer (ScriptedImporter : UnityEditor.QuickSearchModule:UnityEditor.Search:ASIAI0B)
Imported 'GUID: 4ec9861b5c38346c3a708eb80adc442c' -> (Import Result ID: '48a64d2f8da1db57a2cc7749cd1cde24') in 0.035 seconds [static and dynamic dependencies]. Details - ImportResultOutputID=118fc56a0271b678a688ed758f7dc08a DependenciesID=f62fe70366098ed63f62caad2d9c917f StaticDependenciesID=cba3206a8ec4c9df15a0679faba979d0 
Number of updated asset objects reloaded before import = 0
Number of asset objects unloaded after import = 1
========================================================================
Received Prepare
AcceleratorClientConnectionCallback - disconnected - :0
Refreshing native plugins compatible for Editor in 3.59 ms, found 5 plugins.
Unloading 22 Unused Serialized files (Serialized files now loaded: 0)
Unloading 7142 unused Assets / (5.4 MB). Loaded Objects now: 8036.
Memory consumption went from 342.3 MB to 336.9 MB.
Total: 37.473800 ms (FindLiveObjects: 1.219500 ms CreateObjectMapping: 7.309900 ms MarkObjects: 22.462900 ms  DeleteObjects: 6.477100 ms)

Prepare: number of updated asset objects reloaded= 0
EnvironmentDependencyValues requested are different than current active one (requested -> active):
  graphicsApiMask: 2099200 -> 2361344
========================================================================
Received Prepare
AcceleratorClientConnectionCallback - disconnected - :0
[Licensing::Client] Successfully resolved entitlement details
[Licensing::Client] Successfully resolved entitlement details
Begin MonoManager ReloadAssembly
Refreshing native plugins compatible for Editor in 2.42 ms, found 5 plugins.
Native extension for Android target not found
Native extension for UWP target not found
Native extension for WindowsStandalone target not found
[Package Manager] Failed to launch server process. Reason: Unity was launched with the -noUpm command-line argument
[Package Manager] Unable to send message (not connected to server process).
[Package Manager] Cannot connect to Unity Package Manager local server
[Package Manager] Failed to launch server process. Reason: Unity was launched with the -noUpm command-line argument
[Package Manager] Unable to send message (not connected to server process).
[Package Manager] Cannot connect to Unity Package Manager local server
ScheduleIndexationOnStartup MainProcess:False IndexOnStartup:True
Mono: successfully reloaded assembly
- Finished resetting the current domain, in  1.644 seconds
Domain Reload Profiling: 2587ms
	BeginReloadAssembly (266ms)
		DisableScriptedObjects (30ms)
		CreateAndSetChildDomain (73ms)
	RebuildCommonClasses (9ms)
	RebuildNativeTypeToScriptingClass (15ms)
	initialDomainReloadingComplete (50ms)
	LoadAllAssembliesAndSetupDomain (602ms)
		LoadAssemblies (348ms)
		AnalyzeDomain (228ms)
			TypeCache.Refresh (14ms)
			BuildScriptInfoCaches (204ms)
			ResolveRequiredComponents (8ms)
	FinalizeReload (1645ms)
		SetupLoadedEditorAssemblies (0ms)
			InitializePlatformSupportModulesInManaged (7ms)
			BeforeProcessingInitializeOnLoad (112ms)
			ProcessInitializeOnLoadAttributes (701ms)
			ProcessInitializeOnLoadMethodAttributes (557ms)
		AwakeInstancesAfterBackupRestoration (34ms)
Unloading 22 Unused Serialized files (Serialized files now loaded: 0)
Unloading 7158 unused Assets / (5.5 MB). Loaded Objects now: 8040.
Memory consumption went from 333.1 MB to 327.6 MB.
Total: 10.467700 ms (FindLiveObjects: 0.543000 ms CreateObjectMapping: 2.088300 ms MarkObjects: 5.012900 ms  DeleteObjects: 2.821800 ms)

Prepare: number of updated asset objects reloaded= 0
EnvironmentDependencyValues requested are different than current active one (requested -> active):
  graphicsApiMask: 2099200 -> 2361344
========================================================================
Received Prepare
AcceleratorClientConnectionCallback - disconnected - :0
Refreshing native plugins compatible for Editor in 3.66 ms, found 5 plugins.
Unloading 22 Unused Serialized files (Serialized files now loaded: 0)
Unloading 7142 unused Assets / (6.5 MB). Loaded Objects now: 8040.
Memory consumption went from 333.4 MB to 326.9 MB.
Total: 33.783400 ms (FindLiveObjects: 1.916000 ms CreateObjectMapping: 7.516400 ms MarkObjects: 15.492000 ms  DeleteObjects: 8.854900 ms)

Prepare: number of updated asset objects reloaded= 0
EnvironmentDependencyValues requested are different than current active one (requested -> active):
  graphicsApiMask: 2099200 -> 2361344
========================================================================
Received Prepare
AcceleratorClientConnectionCallback - disconnected - :0
Refreshing native plugins compatible for Editor in 2.21 ms, found 5 plugins.
Unloading 22 Unused Serialized files (Serialized files now loaded: 0)
Unloading 7142 unused Assets / (5.3 MB). Loaded Objects now: 8040.
Memory consumption went from 333.5 MB to 328.3 MB.
Total: 24.062100 ms (FindLiveObjects: 0.951400 ms CreateObjectMapping: 5.032000 ms MarkObjects: 13.415500 ms  DeleteObjects: 4.660900 ms)

Prepare: number of updated asset objects reloaded= 0
EnvironmentDependencyValues requested are different than current active one (requested -> active):
  graphicsApiMask: 2099200 -> 2361344
========================================================================
Received Prepare
AcceleratorClientConnectionCallback - disconnected - :0
[Licensing::Client] Successfully resolved entitlement details
[Licensing::Client] Successfully resolved entitlement details
Begin MonoManager ReloadAssembly
Refreshing native plugins compatible for Editor in 6.70 ms, found 5 plugins.
Native extension for Android target not found
Native extension for UWP target not found
Native extension for WindowsStandalone target not found
[Package Manager] Failed to launch server process. Reason: Unity was launched with the -noUpm command-line argument
[Package Manager] Unable to send message (not connected to server process).
[Package Manager] Cannot connect to Unity Package Manager local server
[Package Manager] Failed to launch server process. Reason: Unity was launched with the -noUpm command-line argument
[Package Manager] Unable to send message (not connected to server process).
[Package Manager] Cannot connect to Unity Package Manager local server
ScheduleIndexationOnStartup MainProcess:False IndexOnStartup:True
Mono: successfully reloaded assembly
- Finished resetting the current domain, in  3.136 seconds
Domain Reload Profiling: 7835ms
	BeginReloadAssembly (1455ms)
		DisableScriptedObjects (343ms)
		CreateAndSetChildDomain (194ms)
	RebuildCommonClasses (37ms)
	RebuildNativeTypeToScriptingClass (81ms)
	initialDomainReloadingComplete (492ms)
	LoadAllAssembliesAndSetupDomain (2631ms)
		LoadAssemblies (1978ms)
		AnalyzeDomain (870ms)
			TypeCache.Refresh (59ms)
			BuildScriptInfoCaches (779ms)
			ResolveRequiredComponents (27ms)
	FinalizeReload (3139ms)
		SetupLoadedEditorAssemblies (0ms)
			InitializePlatformSupportModulesInManaged (29ms)
			BeforeProcessingInitializeOnLoad (472ms)
			ProcessInitializeOnLoadAttributes (1097ms)
			ProcessInitializeOnLoadMethodAttributes (538ms)
			AfterProcessingInitializeOnLoad (10ms)
		AwakeInstancesAfterBackupRestoration (166ms)
Refreshing native plugins compatible for Editor in 6.23 ms, found 5 plugins.
Unloading 22 Unused Serialized files (Serialized files now loaded: 0)
Unloading 7158 unused Assets / (5.2 MB). Loaded Objects now: 8043.
Memory consumption went from 333.9 MB to 328.7 MB.
Total: 51.149000 ms (FindLiveObjects: 3.639500 ms CreateObjectMapping: 16.184400 ms MarkObjects: 21.448300 ms  DeleteObjects: 9.873900 ms)

Prepare: number of updated asset objects reloaded= 0
EnvironmentDependencyValues requested are different than current active one (requested -> active):
  graphicsApiMask: 2099200 -> 2361344
========================================================================
Received Prepare
AcceleratorClientConnectionCallback - disconnected - :0
Refreshing native plugins compatible for Editor in 4.30 ms, found 5 plugins.
Unloading 22 Unused Serialized files (Serialized files now loaded: 0)
Unloading 7142 unused Assets / (6.3 MB). Loaded Objects now: 8043.
Memory consumption went from 334.2 MB to 327.8 MB.
Total: 30.702300 ms (FindLiveObjects: 1.370500 ms CreateObjectMapping: 7.771100 ms MarkObjects: 14.273700 ms  DeleteObjects: 7.284100 ms)

Prepare: number of updated asset objects reloaded= 0
EnvironmentDependencyValues requested are different than current active one (requested -> active):
  graphicsApiMask: 2099200 -> 2361344
========================================================================
Received Prepare
AcceleratorClientConnectionCallback - disconnected - :0
[Licensing::Client] Successfully resolved entitlement details
[Licensing::Client] Successfully resolved entitlement details
Begin MonoManager ReloadAssembly
Native extension for Android target not found
Native extension for UWP target not found
Native extension for WindowsStandalone target not found
[Package Manager] Failed to launch server process. Reason: Unity was launched with the -noUpm command-line argument
[Package Manager] Unable to send message (not connected to server process).
[Package Manager] Cannot connect to Unity Package Manager local server
[Package Manager] Failed to launch server process. Reason: Unity was launched with the -noUpm command-line argument
[Package Manager] Unable to send message (not connected to server process).
[Package Manager] Cannot connect to Unity Package Manager local server
ScheduleIndexationOnStartup MainProcess:False IndexOnStartup:True
Mono: successfully reloaded assembly
- Finished resetting the current domain, in  0.888 seconds
Domain Reload Profiling: 2299ms
	BeginReloadAssembly (719ms)
		DisableScriptedObjects (86ms)
		CreateAndSetChildDomain (158ms)
	RebuildCommonClasses (9ms)
	RebuildNativeTypeToScriptingClass (19ms)
	initialDomainReloadingComplete (62ms)
	LoadAllAssembliesAndSetupDomain (601ms)
		LoadAssemblies (501ms)
		AnalyzeDomain (241ms)
			TypeCache.Refresh (11ms)
			BuildScriptInfoCaches (220ms)
			ResolveRequiredComponents (8ms)
	FinalizeReload (890ms)
		SetupLoadedEditorAssemblies (0ms)
			InitializePlatformSupportModulesInManaged (9ms)
			BeforeProcessingInitializeOnLoad (127ms)
			ProcessInitializeOnLoadAttributes (323ms)
			ProcessInitializeOnLoadMethodAttributes (136ms)
		AwakeInstancesAfterBackupRestoration (44ms)
Unloading 22 Unused Serialized files (Serialized files now loaded: 0)
Unloading 7158 unused Assets / (5.7 MB). Loaded Objects now: 8046.
Memory consumption went from 337.5 MB to 331.8 MB.
Total: 10.204400 ms (FindLiveObjects: 0.585900 ms CreateObjectMapping: 2.171900 ms MarkObjects: 4.791900 ms  DeleteObjects: 2.651200 ms)

Prepare: number of updated asset objects reloaded= 0
EnvironmentDependencyValues requested are different than current active one (requested -> active):
  graphicsApiMask: 2099200 -> 2361344
========================================================================
Received Prepare
AcceleratorClientConnectionCallback - disconnected - :0
Unloading 22 Unused Serialized files (Serialized files now loaded: 0)
Unloading 23 unused Assets / (2.6 MB). Loaded Objects now: 8046.
Memory consumption went from 332.5 MB to 329.9 MB.
Total: 6.784100 ms (FindLiveObjects: 0.365900 ms CreateObjectMapping: 1.242300 ms MarkObjects: 4.807400 ms  DeleteObjects: 0.366700 ms)

Prepare: number of updated asset objects reloaded= 0
EnvironmentDependencyValues requested are different than current active one (requested -> active):
  graphicsApiMask: 2099200 -> 2361344
========================================================================
Received Prepare
AcceleratorClientConnectionCallback - disconnected - :0
Refreshing native plugins compatible for Editor in 5.11 ms, found 5 plugins.
Unloading 22 Unused Serialized files (Serialized files now loaded: 0)
Unloading 7142 unused Assets / (6.7 MB). Loaded Objects now: 8046.
Memory consumption went from 337.9 MB to 331.3 MB.
Total: 24.022000 ms (FindLiveObjects: 1.046900 ms CreateObjectMapping: 5.628000 ms MarkObjects: 12.479900 ms  DeleteObjects: 4.864300 ms)

Prepare: number of updated asset objects reloaded= 0
EnvironmentDependencyValues requested are different than current active one (requested -> active):
  graphicsApiMask: 2099200 -> 2361344
========================================================================
Received Prepare
AcceleratorClientConnectionCallback - disconnected - :0
[Licensing::Client] Successfully resolved entitlement details
[Licensing::Client] Successfully resolved entitlement details
Begin MonoManager ReloadAssembly
Refreshing native plugins compatible for Editor in 7.83 ms, found 5 plugins.
Native extension for Android target not found
Native extension for UWP target not found
Native extension for WindowsStandalone target not found
[Package Manager] Failed to launch server process. Reason: Unity was launched with the -noUpm command-line argument
[Package Manager] Unable to send message (not connected to server process).
[Package Manager] Cannot connect to Unity Package Manager local server
[Package Manager] Failed to launch server process. Reason: Unity was launched with the -noUpm command-line argument
[Package Manager] Unable to send message (not connected to server process).
[Package Manager] Cannot connect to Unity Package Manager local server
ScheduleIndexationOnStartup MainProcess:False IndexOnStartup:True
Mono: successfully reloaded assembly
- Finished resetting the current domain, in  3.048 seconds
Domain Reload Profiling: 7126ms
	BeginReloadAssembly (1192ms)
		DisableScriptedObjects (349ms)
		CreateAndSetChildDomain (205ms)
	RebuildCommonClasses (46ms)
	RebuildNativeTypeToScriptingClass (62ms)
	initialDomainReloadingComplete (270ms)
	LoadAllAssembliesAndSetupDomain (2505ms)
		LoadAssemblies (1470ms)
		AnalyzeDomain (985ms)
			TypeCache.Refresh (53ms)
			BuildScriptInfoCaches (875ms)
			ResolveRequiredComponents (44ms)
	FinalizeReload (3051ms)
		SetupLoadedEditorAssemblies (0ms)
			InitializePlatformSupportModulesInManaged (25ms)
			BeforeProcessingInitializeOnLoad (405ms)
			ProcessInitializeOnLoadAttributes (1111ms)
			ProcessInitializeOnLoadMethodAttributes (515ms)
			AfterProcessingInitializeOnLoad (7ms)
		AwakeInstancesAfterBackupRestoration (121ms)
Refreshing native plugins compatible for Editor in 7.89 ms, found 5 plugins.
Unloading 22 Unused Serialized files (Serialized files now loaded: 0)
Unloading 7158 unused Assets / (5.0 MB). Loaded Objects now: 8049.
Memory consumption went from 339.7 MB to 334.7 MB.
Total: 48.785100 ms (FindLiveObjects: 2.452900 ms CreateObjectMapping: 12.393400 ms MarkObjects: 24.144800 ms  DeleteObjects: 9.791500 ms)

Prepare: number of updated asset objects reloaded= 0
EnvironmentDependencyValues requested are different than current active one (requested -> active):
  graphicsApiMask: 2099200 -> 2361344
========================================================================
Received Prepare
AcceleratorClientConnectionCallback - disconnected - :0
Refreshing native plugins compatible for Editor in 4.27 ms, found 5 plugins.
Unloading 22 Unused Serialized files (Serialized files now loaded: 0)
Unloading 7142 unused Assets / (5.8 MB). Loaded Objects now: 8049.
Memory consumption went from 340.0 MB to 334.2 MB.
Total: 29.107000 ms (FindLiveObjects: 1.648200 ms CreateObjectMapping: 4.896900 ms MarkObjects: 14.871300 ms  DeleteObjects: 7.687400 ms)

Prepare: number of updated asset objects reloaded= 0
EnvironmentDependencyValues requested are different than current active one (requested -> active):
  graphicsApiMask: 2099200 -> 2361344
========================================================================
Received Prepare
AcceleratorClientConnectionCallback - disconnected - :0
Begin MonoManager ReloadAssembly
Refreshing native plugins compatible for Editor in 3.06 ms, found 5 plugins.
Native extension for Android target not found
Native extension for UWP target not found
Native extension for WindowsStandalone target not found
[Package Manager] Failed to launch server process. Reason: Unity was launched with the -noUpm command-line argument
[Package Manager] Unable to send message (not connected to server process).
[Package Manager] Cannot connect to Unity Package Manager local server
[Package Manager] Failed to launch server process. Reason: Unity was launched with the -noUpm command-line argument
[Package Manager] Unable to send message (not connected to server process).
[Package Manager] Cannot connect to Unity Package Manager local server
ScheduleIndexationOnStartup MainProcess:False IndexOnStartup:True
Mono: successfully reloaded assembly
- Finished resetting the current domain, in  1.008 seconds
Domain Reload Profiling: 3089ms
	BeginReloadAssembly (649ms)
		DisableScriptedObjects (95ms)
		CreateAndSetChildDomain (161ms)
	RebuildCommonClasses (9ms)
	RebuildNativeTypeToScriptingClass (20ms)
	initialDomainReloadingComplete (287ms)
	LoadAllAssembliesAndSetupDomain (1114ms)
		LoadAssemblies (942ms)
		AnalyzeDomain (243ms)
			TypeCache.Refresh (15ms)
			BuildScriptInfoCaches (218ms)
			ResolveRequiredComponents (8ms)
	FinalizeReload (1009ms)
		SetupLoadedEditorAssemblies (0ms)
			InitializePlatformSupportModulesInManaged (12ms)
			BeforeProcessingInitializeOnLoad (149ms)
			ProcessInitializeOnLoadAttributes (334ms)
			ProcessInitializeOnLoadMethodAttributes (152ms)
		AwakeInstancesAfterBackupRestoration (39ms)
Refreshing native plugins compatible for Editor in 2.38 ms, found 5 plugins.
Unloading 22 Unused Serialized files (Serialized files now loaded: 0)
Unloading 7158 unused Assets / (6.4 MB). Loaded Objects now: 8052.
Memory consumption went from 342.1 MB to 335.7 MB.
Total: 11.696200 ms (FindLiveObjects: 0.718600 ms CreateObjectMapping: 2.693600 ms MarkObjects: 4.988600 ms  DeleteObjects: 3.293700 ms)

Prepare: number of updated asset objects reloaded= 0
EnvironmentDependencyValues requested are different than current active one (requested -> active):
  graphicsApiMask: 2099200 -> 2361344
========================================================================
Received Prepare
AcceleratorClientConnectionCallback - disconnected - :0
Refreshing native plugins compatible for Editor in 2.76 ms, found 5 plugins.
Unloading 22 Unused Serialized files (Serialized files now loaded: 0)
Unloading 23 unused Assets / (2.6 MB). Loaded Objects now: 8052.
Memory consumption went from 337.1 MB to 334.5 MB.
Total: 7.869400 ms (FindLiveObjects: 0.373800 ms CreateObjectMapping: 1.276700 ms MarkObjects: 5.843300 ms  DeleteObjects: 0.373600 ms)

Prepare: number of updated asset objects reloaded= 0
EnvironmentDependencyValues requested are different than current active one (requested -> active):
  graphicsApiMask: 2099200 -> 2361344
========================================================================
Received Prepare
AcceleratorClientConnectionCallback - disconnected - :0
Refreshing native plugins compatible for Editor in 12.39 ms, found 5 plugins.
Unloading 22 Unused Serialized files (Serialized files now loaded: 0)
Unloading 7142 unused Assets / (4.0 MB). Loaded Objects now: 8052.
Memory consumption went from 342.5 MB to 338.5 MB.
Total: 78.080600 ms (FindLiveObjects: 2.070600 ms CreateObjectMapping: 18.880400 ms MarkObjects: 33.735000 ms  DeleteObjects: 23.387500 ms)

Prepare: number of updated asset objects reloaded= 0
EnvironmentDependencyValues requested are different than current active one (requested -> active):
  graphicsApiMask: 2099200 -> 2361344
========================================================================
Received Prepare
AcceleratorClientConnectionCallback - disconnected - :0
[Licensing::Client] Successfully resolved entitlement details
[Licensing::Client] Successfully resolved entitlement details
Begin MonoManager ReloadAssembly
Refreshing native plugins compatible for Editor in 10.00 ms, found 5 plugins.
Native extension for Android target not found
Native extension for UWP target not found
Native extension for WindowsStandalone target not found
[Package Manager] Failed to launch server process. Reason: Unity was launched with the -noUpm command-line argument
[Package Manager] Unable to send message (not connected to server process).
[Package Manager] Cannot connect to Unity Package Manager local server
[Package Manager] Failed to launch server process. Reason: Unity was launched with the -noUpm command-line argument
[Package Manager] Unable to send message (not connected to server process).
[Package Manager] Cannot connect to Unity Package Manager local server
ScheduleIndexationOnStartup MainProcess:False IndexOnStartup:True
Mono: successfully reloaded assembly
- Finished resetting the current domain, in  2.802 seconds
Domain Reload Profiling: 6609ms
	BeginReloadAssembly (1006ms)
		DisableScriptedObjects (181ms)
		CreateAndSetChildDomain (177ms)
	RebuildCommonClasses (29ms)
	RebuildNativeTypeToScriptingClass (70ms)
	initialDomainReloadingComplete (277ms)
	LoadAllAssembliesAndSetupDomain (2424ms)
		LoadAssemblies (1480ms)
		AnalyzeDomain (904ms)
			TypeCache.Refresh (74ms)
			BuildScriptInfoCaches (794ms)
			ResolveRequiredComponents (30ms)
	FinalizeReload (2803ms)
		SetupLoadedEditorAssemblies (0ms)
			InitializePlatformSupportModulesInManaged (26ms)
			BeforeProcessingInitializeOnLoad (397ms)
			ProcessInitializeOnLoadAttributes (1105ms)
			ProcessInitializeOnLoadMethodAttributes (464ms)
			AfterProcessingInitializeOnLoad (3ms)
		AwakeInstancesAfterBackupRestoration (44ms)
Unloading 22 Unused Serialized files (Serialized files now loaded: 0)
Unloading 7158 unused Assets / (5.6 MB). Loaded Objects now: 8055.
Memory consumption went from 344.0 MB to 338.4 MB.
Total: 12.233800 ms (FindLiveObjects: 0.816000 ms CreateObjectMapping: 2.836800 ms MarkObjects: 5.357900 ms  DeleteObjects: 3.214300 ms)

Prepare: number of updated asset objects reloaded= 0
EnvironmentDependencyValues requested are different than current active one (requested -> active):
  graphicsApiMask: 2099200 -> 2361344
========================================================================
Received Prepare
AcceleratorClientConnectionCallback - disconnected - :0
Refreshing native plugins compatible for Editor in 4.27 ms, found 5 plugins.
Unloading 22 Unused Serialized files (Serialized files now loaded: 0)
Unloading 7142 unused Assets / (7.2 MB). Loaded Objects now: 8055.
Memory consumption went from 344.3 MB to 337.0 MB.
Total: 33.054800 ms (FindLiveObjects: 1.667800 ms CreateObjectMapping: 7.402900 ms MarkObjects: 15.617200 ms  DeleteObjects: 8.361900 ms)

Prepare: number of updated asset objects reloaded= 0
EnvironmentDependencyValues requested are different than current active one (requested -> active):
  graphicsApiMask: 2099200 -> 2361344
========================================================================
Received Prepare
AcceleratorClientConnectionCallback - disconnected - :0
[Licensing::Client] Successfully resolved entitlement details
[Licensing::Client] Successfully resolved entitlement details
Begin MonoManager ReloadAssembly
Refreshing native plugins compatible for Editor in 6.60 ms, found 5 plugins.
Native extension for Android target not found
Native extension for UWP target not found
Native extension for WindowsStandalone target not found
[Package Manager] Failed to launch server process. Reason: Unity was launched with the -noUpm command-line argument
[Package Manager] Unable to send message (not connected to server process).
[Package Manager] Cannot connect to Unity Package Manager local server
[Package Manager] Failed to launch server process. Reason: Unity was launched with the -noUpm command-line argument
[Package Manager] Unable to send message (not connected to server process).
[Package Manager] Cannot connect to Unity Package Manager local server
ScheduleIndexationOnStartup MainProcess:False IndexOnStartup:True
Mono: successfully reloaded assembly
- Finished resetting the current domain, in  2.831 seconds
Domain Reload Profiling: 6615ms
	BeginReloadAssembly (992ms)
		DisableScriptedObjects (174ms)
		CreateAndSetChildDomain (180ms)
	RebuildCommonClasses (30ms)
	RebuildNativeTypeToScriptingClass (58ms)
	initialDomainReloadingComplete (247ms)
	LoadAllAssembliesAndSetupDomain (2454ms)
		LoadAssemblies (1597ms)
		AnalyzeDomain (868ms)
			TypeCache.Refresh (53ms)
			BuildScriptInfoCaches (779ms)
			ResolveRequiredComponents (29ms)
	FinalizeReload (2834ms)
		SetupLoadedEditorAssemblies (0ms)
			InitializePlatformSupportModulesInManaged (34ms)
			BeforeProcessingInitializeOnLoad (367ms)
			ProcessInitializeOnLoadAttributes (1041ms)
			ProcessInitializeOnLoadMethodAttributes (499ms)
			AfterProcessingInitializeOnLoad (8ms)
		AwakeInstancesAfterBackupRestoration (116ms)
Refreshing native plugins compatible for Editor in 5.93 ms, found 5 plugins.
Unloading 22 Unused Serialized files (Serialized files now loaded: 0)
Unloading 7158 unused Assets / (5.2 MB). Loaded Objects now: 8058.
Memory consumption went from 346.0 MB to 340.7 MB.
Total: 51.148900 ms (FindLiveObjects: 2.176600 ms CreateObjectMapping: 14.858800 ms MarkObjects: 25.207700 ms  DeleteObjects: 8.901600 ms)

Prepare: number of updated asset objects reloaded= 0
EnvironmentDependencyValues requested are different than current active one (requested -> active):
  graphicsApiMask: 2099200 -> 2361344
========================================================================
Received Prepare
AcceleratorClientConnectionCallback - disconnected - :0
Refreshing native plugins compatible for Editor in 5.00 ms, found 5 plugins.
Unloading 22 Unused Serialized files (Serialized files now loaded: 0)
Unloading 7142 unused Assets / (6.1 MB). Loaded Objects now: 8058.
Memory consumption went from 346.2 MB to 340.1 MB.
Total: 33.120100 ms (FindLiveObjects: 1.406700 ms CreateObjectMapping: 7.254300 ms MarkObjects: 16.358400 ms  DeleteObjects: 8.097200 ms)

Prepare: number of updated asset objects reloaded= 0
EnvironmentDependencyValues requested are different than current active one (requested -> active):
  graphicsApiMask: 2099200 -> 2361344
========================================================================
Received Prepare
AcceleratorClientConnectionCallback - disconnected - :0
Begin MonoManager ReloadAssembly
Refreshing native plugins compatible for Editor in 2.92 ms, found 5 plugins.
Native extension for Android target not found
Native extension for UWP target not found
Native extension for WindowsStandalone target not found
[Package Manager] Failed to launch server process. Reason: Unity was launched with the -noUpm command-line argument
[Package Manager] Unable to send message (not connected to server process).
[Package Manager] Cannot connect to Unity Package Manager local server
[Package Manager] Failed to launch server process. Reason: Unity was launched with the -noUpm command-line argument
[Package Manager] Unable to send message (not connected to server process).
[Package Manager] Cannot connect to Unity Package Manager local server
ScheduleIndexationOnStartup MainProcess:False IndexOnStartup:True
Mono: successfully reloaded assembly
- Finished resetting the current domain, in  0.989 seconds
Domain Reload Profiling: 2058ms
	BeginReloadAssembly (295ms)
		DisableScriptedObjects (34ms)
		CreateAndSetChildDomain (54ms)
	RebuildCommonClasses (10ms)
	RebuildNativeTypeToScriptingClass (18ms)
	initialDomainReloadingComplete (54ms)
	LoadAllAssembliesAndSetupDomain (691ms)
		LoadAssemblies (379ms)
		AnalyzeDomain (276ms)
			TypeCache.Refresh (11ms)
			BuildScriptInfoCaches (254ms)
			ResolveRequiredComponents (8ms)
	FinalizeReload (991ms)
		SetupLoadedEditorAssemblies (0ms)
			InitializePlatformSupportModulesInManaged (12ms)
			BeforeProcessingInitializeOnLoad (135ms)
			ProcessInitializeOnLoadAttributes (383ms)
			ProcessInitializeOnLoadMethodAttributes (142ms)
		AwakeInstancesAfterBackupRestoration (39ms)
Unloading 22 Unused Serialized files (Serialized files now loaded: 0)
Unloading 7158 unused Assets / (5.4 MB). Loaded Objects now: 8061.
Memory consumption went from 347.7 MB to 342.3 MB.
Total: 12.431600 ms (FindLiveObjects: 0.571600 ms CreateObjectMapping: 3.018400 ms MarkObjects: 4.977700 ms  DeleteObjects: 3.862600 ms)

Prepare: number of updated asset objects reloaded= 0
EnvironmentDependencyValues requested are different than current active one (requested -> active):
  graphicsApiMask: 2099200 -> 2361344
Editor requested this worker to shutdown with reason: Editor is closing down
AcceleratorClientConnectionCallback - disconnected - :0
AssetImportWorker is now disconnected from the server
Process exiting
Exiting without the bug reporter. Application will terminate with return code 0