[Licensing::Module] Trying to connect to existing licensing client channel...
[Licensing::IpcConnector] Successfully connected to: "LicenseClient-vany" at "2026-10-01T10:26:35.6847691Z"
Built from '6000.5/staging' branch; Version is '6000.5.4f1 (d550df8bd089) revision 13979871'; Using compiler version '194234433'; Build Type 'Release'
OS: 'Windows 11  (10.0.26200) Professional' Language: 'ru' Physical Memory: 16108 MB
BatchMode: 0, IsHumanControllingUs: 1, StartBugReporterOnCrash: 1, Is64bit: 1
System  architecture: x64
Process architecture: x64
Date: 2026-10-01T10:26:35Z
[Licensing::Client] Code 10 while verifying Licensing Client signature (process Id: 7628, path: "D:/UNITY/UnityHub/Unity Hub/UnityLicensingClient_V1/Unity.Licensing.Client.exe")
[Licensing::Module] LicensingClient has failed validation; ignoring
[Licensing::Client] Handshaking with LicensingClient:
  Version:                 1.18.3+d7ffd15
  Session Id:              ac97487a48e045469cff5f022af6917c
  Correlation Id:          9e6508f7c797c9dae59ec0d61b91199b
  External correlation Id: 8538134959306036525
  Machine Id:              +LmYPC+2oN3U6DFsdUHdOP1mlqY=
[Licensing::Module] Successfully connected to LicensingClient on channel: "LicenseClient-vany" (connect: 0.00s, validation: 0.00s, handshake: 0.39s)
[Licensing::IpcConnector] Successfully connected to: "LicenseClient-vany-notifications" at "2026-10-01T10:26:36.0809729Z"
[Licensing::Client] Successfully updated the access token
[Licensing::Module] Successfully updated the access token 8kSi99F8XT...
[Licensing::Client] Successfully resolved entitlement details
[Licensing::Module] License group:
  Id: 10171394731915-UnityPersXXXX
  Product: Unity Personal
  Type: Assigned
  Expiration: Unlimited
[Licensing::Client] Successfully updated license, isAsync: True, time: 0.02
[Licensing::Client] Successfully resolved entitlement details
[Licensing::Module] Licensing Background thread has ended after 0.43s

COMMAND LINE ARGUMENTS:
D:\UNITY\Installs\6000.5.4f1\Editor\Unity.exe
-projectpath
D:\UNITY\MyProjects\ari-tuner\AriTuner
-acceptSoftwareTermsForThisRunOnly
-useHub
-hubIPC
-cloudEnvironment
production
-licensingIpc
LicenseClient-vany
-hubSessionId
f804f60a-188e-4295-adae-5533e2e2fe24
-accessToken
8kSi99F8XTaLgBjlTZIcSIKMbNiX9YlwHUYorNzv0Ng009f
Successfully changed project path to: D:\UNITY\MyProjects\ari-tuner\AriTuner
D:/UNITY/MyProjects/ari-tuner/AriTuner
[UnityMemory] Configuration Parameters - Can be set up in boot.config
    "memorysetup-temp-allocator-size-gi-baking-worker=262144"
    "memorysetup-temp-allocator-size-gi-baking-worker=262144"
    "memorysetup-temp-allocator-size-gi-baking-worker=262144"
    "memorysetup-temp-allocator-size-gi-baking-worker=262144"
    "memorysetup-temp-allocator-size-gi-baking-worker=262144"
    "memorysetup-temp-allocator-size-nav-mesh-worker=65536"
    "memorysetup-temp-allocator-size-audio-worker=65536"
    "memorysetup-temp-allocator-size-cloud-worker=32768"
    "memorysetup-temp-allocator-size-gfx=262144"
    "memorysetup-temp-allocator-size-preload-manager=33554432"
    "memorysetup-allocator-temp-initial-block-size-main=262144"
    "memorysetup-allocator-temp-initial-block-size-worker=262144"
    "memorysetup-temp-allocator-size-job-worker=262144"
    "memorysetup-temp-allocator-size-background-worker=32768"
    "memorysetup-bucket-allocator-granularity=16"
    "memorysetup-bucket-allocator-bucket-count=8"
    "memorysetup-bucket-allocator-block-size=33554432"
    "memorysetup-bucket-allocator-block-count=8"
    "memorysetup-main-allocator-block-size=16777216"
    "memorysetup-thread-allocator-block-size=16777216"
    "memorysetup-main-allocator-mimalloc-enabled=0"
    "memorysetup-gfx-main-allocator-block-size=16777216"
    "memorysetup-gfx-thread-allocator-block-size=16777216"
    "memorysetup-cache-allocator-block-size=4194304"
    "memorysetup-typetree-allocator-block-size=2097152"
    "memorysetup-profiler-bucket-allocator-granularity=16"
    "memorysetup-profiler-bucket-allocator-bucket-count=8"
    "memorysetup-profiler-bucket-allocator-block-size=33554432"
    "memorysetup-profiler-bucket-allocator-block-count=8"
    "memorysetup-profiler-allocator-block-size=16777216"
    "memorysetup-profiler-editor-allocator-block-size=1048576"
    "memorysetup-temp-allocator-size-main=16777216"
    "memorysetup-job-temp-allocator-block-size=2097152"
    "memorysetup-job-temp-allocator-block-size-background=1048576"
    "memorysetup-job-temp-allocator-reduction-small-platforms=262144"
Player connection [12472]  Target information:

Player connection [12472]  * "[IP] 172.22.131.175 [Port] 55504 [Flags] 2 [Guid] 2235791864 [EditorId] 2235791864 [Version] 1048832 [Id] WindowsEditor(7,DESKTOP-IE2K1EE) [Debug] 1 [PackageName] WindowsEditor [ProjectName] Editor" 

Player connection [12472] Host joined multi-casting on [225.0.0.222:54997]...
Player connection [12472] Host joined alternative multi-casting on [225.0.0.222:34997]...
Input System module state changed to: Initialized.
[Physics::Module] Initialized fallback backend.
[Physics::Module] Id: 0xdecafbad
[Package Manager] Connected to IPC stream "Upm-9288" after 0.4 seconds.
[Licensing::Client] Successfully resolved entitlement details
Library Redirect Path: Library/
[Physics::Module] Selected backend.
[Physics::Module] Name: PhysX
[Physics::Module] Id: 0xf2b8ea05
[Physics::Module] SDK Version: 4.1.2
[Physics::Module] Integration Version: 1.0.0
[Physics::Module] Threading Mode: Multi-Threaded
Active build profile path: `Assets/Settings/Build Profiles/Android™.asset`
Got setting from build profile YAML, name `m_BuildSubtarget`, value `0`
Artifact Garbage Collection - Removed 6 unused hashed content files
[Licensing::Client] Successfully resolved entitlement details
Got setting from build profile YAML, name `m_BuildTarget`, value `13`
Got setting from build profile YAML, name `m_Subtarget`, value `0`
Initialize engine version: 6000.5.4f1 (d550df8bd089)
[Subsystems] Discovering subsystems at path D:/UNITY/Installs/6000.5.4f1/Editor/Data/Resources/UnitySubsystems
[Subsystems] Discovering subsystems at path D:/UNITY/MyProjects/ari-tuner/AriTuner/Assets
[D3D12 Device Filter] Vendor Name: Intel
[D3D12 Device Filter] Device Name: Intel(R) UHD Graphics
[D3D12 Device Filter] Driver Version: 31.0.101.4146
[D3D12 Device Filter] Feature Level: 12.1
[D3D12 Device Filter] Graphics Memory: 8054 MB
[D3D12 Device Filter] Processor Count: 12
[D3D12 Device Filter] Device Type: Integrated
[D3D12 Device Filter] D3D12 API denied by user filter: {"Vendor": "Intel", "Device Type:": Integrated}
GfxDevice: creating device client; kGfxThreadingModeThreaded
Direct3D:
    Version:  Direct3D 11.0 [level 11.1]
    Renderer: Intel(R) UHD Graphics (ID=0xa7a8)
    Vendor:   Intel
    VRAM:     8054 MB
    Driver:   31.0.101.4146
Got setting from build profile YAML, name `m_BuildSubtarget`, value `0`
Got setting from build profile YAML, name `m_BuildSubtarget`, value `0`
Got setting from build profile YAML, name `m_BuildSubtarget`, value `0`
Initialize mono
Mono path[0] = 'D:/UNITY/Installs/6000.5.4f1/Editor/Data/Managed'
Mono path[1] = 'D:/UNITY/Installs/6000.5.4f1/Editor/Data/BCLExtensions/runtime/netstandard2.1'
Mono path[2] = 'D:/UNITY/Installs/6000.5.4f1/Editor/Data/MonoBleedingEdge/lib/mono/unityjit-win32'
Mono config path = 'D:/UNITY/Installs/6000.5.4f1/Editor/Data/MonoBleedingEdge/etc'
Using monoOptions --debugger-agent=transport=dt_socket,embedding=1,server=y,suspend=n,address=127.0.0.1:56288
CodeReloadManager initialized
ImportWorker Server TCP listen port: 0
AcceleratorClientConnectionCallback - disconnected - :0
Got setting from build profile YAML, name `m_BuildSubtarget`, value `0`
Got setting from build profile YAML, name `m_BuildSubtarget`, value `0`
Begin MonoManager ReloadAssembly
Registering precompiled unity dll's ...
Register platform support module: D:/UNITY/Installs/6000.5.4f1/Editor/Data/PlaybackEngines/WindowsStandaloneSupport/UnityEditor.WindowsStandalone.Extensions.dll
[Licensing::Client] Successfully resolved entitlement details
Register platform support module: D:/UNITY/Installs/6000.5.4f1/Editor/Data/PlaybackEngines/MetroSupport/UnityEditor.UWP.Extensions.dll
Register platform support module: D:/UNITY/Installs/6000.5.4f1/Editor/Data/PlaybackEngines/AndroidPlayer/UnityEditor.Android.Extensions.dll
Registered in 1.231650 seconds.
Got setting from build profile YAML, name `m_BuildSubtarget`, value `0`
Got setting from build profile YAML, name `m_BuildSubtarget`, value `0`
Got setting from build profile YAML, name `m_BuildSubtarget`, value `0`
Got setting from build profile YAML, name `m_BuildSubtarget`, value `0`
Native extension for Android target not found
Native extension for UWP target not found
Native extension for WindowsStandalone target not found
Package Manager log level set to [2]
ScheduleIndexationOnStartup MainProcess:False IndexOnStartup:True
Mono: successfully reloaded assembly
- Finished resetting the current domain, in  0.667 seconds
Domain Reload Profiling: 5625ms
	BeginReloadAssembly (608ms)
		CreateAndSetChildDomain (16ms)
	RebuildCommonClasses (13ms)
	RebuildNativeTypeToScriptingClass (374ms)
	initialDomainReloadingComplete (1606ms)
	LoadAllAssembliesAndSetupDomain (2350ms)
		LoadAssemblies (606ms)
		AnalyzeDomain (2237ms)
			TypeCache.Refresh (2235ms)
				TypeCache.ScanAssembly (1979ms)
	FinalizeReload (674ms)
		SetupLoadedEditorAssemblies (0ms)
			InitializePlatformSupportModulesInManaged (156ms)
			BeforeProcessingInitializeOnLoad (109ms)
			ProcessInitializeOnLoadAttributes (180ms)
			ProcessInitializeOnLoadMethodAttributes (137ms)
[Licensing::Client] Successfully resolved entitlement details
[Licensing::Client] Successfully resolved entitlement details
Application.AssetDatabase Initial Refresh Start
[Package Manager] Restoring resolved packages state from cache
[Licensing::Client] Successfully resolved entitlement details
[Package Manager] Registered 66 packages:
  Packages from [https://packages.unity.com]:
    com.unity.2d.animation@15.1.0 (location: D:\UNITY\MyProjects\ari-tuner\AriTuner\Library\PackageCache\com.unity.2d.animation@6d5a363ae647)
    com.unity.2d.aseprite@5.0.3 (location: D:\UNITY\MyProjects\ari-tuner\AriTuner\Library\PackageCache\com.unity.2d.aseprite@d13865913efa)
    com.unity.2d.psdimporter@14.0.3 (location: D:\UNITY\MyProjects\ari-tuner\AriTuner\Library\PackageCache\com.unity.2d.psdimporter@5d82044f9e43)
    com.unity.2d.spriteshape@15.0.3 (location: D:\UNITY\MyProjects\ari-tuner\AriTuner\Library\PackageCache\com.unity.2d.spriteshape@fcb7ec61a58b)
    com.unity.2d.tilemap.extras@8.0.3 (location: D:\UNITY\MyProjects\ari-tuner\AriTuner\Library\PackageCache\com.unity.2d.tilemap.extras@a80140457adc)
    com.unity.2d.tooling@3.0.1 (location: D:\UNITY\MyProjects\ari-tuner\AriTuner\Library\PackageCache\com.unity.2d.tooling@6f06ffb033c0)
    com.unity.collab-proxy@2.12.4 (location: D:\UNITY\MyProjects\ari-tuner\AriTuner\Library\PackageCache\com.unity.collab-proxy@0b1559bcd34e)
    com.unity.device-simulator.devices@1.0.1 (location: D:\UNITY\MyProjects\ari-tuner\AriTuner\Library\PackageCache\com.unity.device-simulator.devices@2af643ceec84)
    com.unity.ide.rider@3.0.38 (location: D:\UNITY\MyProjects\ari-tuner\AriTuner\Library\PackageCache\com.unity.ide.rider@1f60b3138684)
    com.unity.ide.visualstudio@2.0.26 (location: D:\UNITY\MyProjects\ari-tuner\AriTuner\Library\PackageCache\com.unity.ide.visualstudio@a99d56dec63f)
    com.unity.inputsystem@1.19.0 (location: D:\UNITY\MyProjects\ari-tuner\AriTuner\Library\PackageCache\com.unity.inputsystem@21a28c3a6c83)
    com.unity.timeline@1.8.12 (location: D:\UNITY\MyProjects\ari-tuner\AriTuner\Library\PackageCache\com.unity.timeline@8cd8509afae5)
    com.unity.visualscripting@1.9.11 (location: D:\UNITY\MyProjects\ari-tuner\AriTuner\Library\PackageCache\com.unity.visualscripting@8bed5ad90189)
    com.unity.2d.common@14.0.1 (location: D:\UNITY\MyProjects\ari-tuner\AriTuner\Library\PackageCache\com.unity.2d.common@73badf92ba8b)
    com.unity.searcher@4.9.4 (location: D:\UNITY\MyProjects\ari-tuner\AriTuner\Library\PackageCache\com.unity.searcher@d45a78918735)
    com.unity.burst@1.8.29 (location: D:\UNITY\MyProjects\ari-tuner\AriTuner\Library\PackageCache\com.unity.burst@6bb9aca3ef38)
    com.unity.nuget.mono-cecil@1.11.6 (location: D:\UNITY\MyProjects\ari-tuner\AriTuner\Library\PackageCache\com.unity.nuget.mono-cecil@ecb9724e46ff)
    com.unity.test-framework.performance@3.5.0 (location: D:\UNITY\MyProjects\ari-tuner\AriTuner\Library\PackageCache\com.unity.test-framework.performance@8b56083ec0f0)
  Built-in packages:
    com.unity.2d.sprite@1.0.0 (location: D:\UNITY\MyProjects\ari-tuner\AriTuner\Library\PackageCache\com.unity.2d.sprite@053a968eab56)
    com.unity.2d.tilemap@1.0.0 (location: D:\UNITY\MyProjects\ari-tuner\AriTuner\Library\PackageCache\com.unity.2d.tilemap@592c6ccaefe1)
    com.unity.multiplayer.center@1.0.1 (location: D:\UNITY\MyProjects\ari-tuner\AriTuner\Library\PackageCache\com.unity.multiplayer.center@b860850997d0)
    com.unity.render-pipelines.universal@17.5.0 (location: D:\UNITY\MyProjects\ari-tuner\AriTuner\Library\PackageCache\com.unity.render-pipelines.universal@e38be786c41e)
    com.unity.test-framework@1.7.0 (location: D:\UNITY\MyProjects\ari-tuner\AriTuner\Library\PackageCache\com.unity.test-framework@1405238725ab)
    com.unity.ugui@2.5.0 (location: D:\UNITY\MyProjects\ari-tuner\AriTuner\Library\PackageCache\com.unity.ugui@f2d87ebaaa32)
    com.unity.modules.accessibility@1.0.0 (location: D:\UNITY\MyProjects\ari-tuner\AriTuner\Library\PackageCache\com.unity.modules.accessibility)
    com.unity.modules.adaptiveperformance@1.0.0 (location: D:\UNITY\MyProjects\ari-tuner\AriTuner\Library\PackageCache\com.unity.modules.adaptiveperformance)
    com.unity.modules.ai@1.0.0 (location: D:\UNITY\MyProjects\ari-tuner\AriTuner\Library\PackageCache\com.unity.modules.ai)
    com.unity.modules.androidjni@1.0.0 (location: D:\UNITY\MyProjects\ari-tuner\AriTuner\Library\PackageCache\com.unity.modules.androidjni)
    com.unity.modules.animation@1.0.0 (location: D:\UNITY\MyProjects\ari-tuner\AriTuner\Library\PackageCache\com.unity.modules.animation)
    com.unity.modules.assetbundle@1.0.0 (location: D:\UNITY\MyProjects\ari-tuner\AriTuner\Library\PackageCache\com.unity.modules.assetbundle)
    com.unity.modules.audio@1.0.0 (location: D:\UNITY\MyProjects\ari-tuner\AriTuner\Library\PackageCache\com.unity.modules.audio)
    com.unity.modules.cloth@1.0.0 (location: D:\UNITY\MyProjects\ari-tuner\AriTuner\Library\PackageCache\com.unity.modules.cloth)
    com.unity.modules.director@1.0.0 (location: D:\UNITY\MyProjects\ari-tuner\AriTuner\Library\PackageCache\com.unity.modules.director)
    com.unity.modules.imageconversion@1.0.0 (location: D:\UNITY\MyProjects\ari-tuner\AriTuner\Library\PackageCache\com.unity.modules.imageconversion)
    com.unity.modules.imgui@1.0.0 (location: D:\UNITY\MyProjects\ari-tuner\AriTuner\Library\PackageCache\com.unity.modules.imgui)
    com.unity.modules.jsonserialize@1.0.0 (location: D:\UNITY\MyProjects\ari-tuner\AriTuner\Library\PackageCache\com.unity.modules.jsonserialize)
    com.unity.modules.particlesystem@1.0.0 (location: D:\UNITY\MyProjects\ari-tuner\AriTuner\Library\PackageCache\com.unity.modules.particlesystem)
    com.unity.modules.physics@1.0.0 (location: D:\UNITY\MyProjects\ari-tuner\AriTuner\Library\PackageCache\com.unity.modules.physics)
    com.unity.modules.physics2d@1.0.0 (location: D:\UNITY\MyProjects\ari-tuner\AriTuner\Library\PackageCache\com.unity.modules.physics2d)
    com.unity.modules.physicscore2d@1.0.0 (location: D:\UNITY\MyProjects\ari-tuner\AriTuner\Library\PackageCache\com.unity.modules.physicscore2d)
    com.unity.modules.screencapture@1.0.0 (location: D:\UNITY\MyProjects\ari-tuner\AriTuner\Library\PackageCache\com.unity.modules.screencapture)
    com.unity.modules.terrain@1.0.0 (location: D:\UNITY\MyProjects\ari-tuner\AriTuner\Library\PackageCache\com.unity.modules.terrain)
    com.unity.modules.terrainphysics@1.0.0 (location: D:\UNITY\MyProjects\ari-tuner\AriTuner\Library\PackageCache\com.unity.modules.terrainphysics)
    com.unity.modules.tilemap@1.0.0 (location: D:\UNITY\MyProjects\ari-tuner\AriTuner\Library\PackageCache\com.unity.modules.tilemap)
    com.unity.modules.ui@1.0.0 (location: D:\UNITY\MyProjects\ari-tuner\AriTuner\Library\PackageCache\com.unity.modules.ui)
    com.unity.modules.uielements@1.0.0 (location: D:\UNITY\MyProjects\ari-tuner\AriTuner\Library\PackageCache\com.unity.modules.uielements)
    com.unity.modules.umbra@1.0.0 (location: D:\UNITY\MyProjects\ari-tuner\AriTuner\Library\PackageCache\com.unity.modules.umbra)
    com.unity.modules.unityanalytics@1.0.0 (location: D:\UNITY\MyProjects\ari-tuner\AriTuner\Library\PackageCache\com.unity.modules.unityanalytics)
    com.unity.modules.unitywebrequest@1.0.0 (location: D:\UNITY\MyProjects\ari-tuner\AriTuner\Library\PackageCache\com.unity.modules.unitywebrequest)
    com.unity.modules.unitywebrequestassetbundle@1.0.0 (location: D:\UNITY\MyProjects\ari-tuner\AriTuner\Library\PackageCache\com.unity.modules.unitywebrequestassetbundle)
    com.unity.modules.unitywebrequestaudio@1.0.0 (location: D:\UNITY\MyProjects\ari-tuner\AriTuner\Library\PackageCache\com.unity.modules.unitywebrequestaudio)
    com.unity.modules.unitywebrequesttexture@1.0.0 (location: D:\UNITY\MyProjects\ari-tuner\AriTuner\Library\PackageCache\com.unity.modules.unitywebrequesttexture)
    com.unity.modules.unitywebrequestwww@1.0.0 (location: D:\UNITY\MyProjects\ari-tuner\AriTuner\Library\PackageCache\com.unity.modules.unitywebrequestwww)
    com.unity.modules.vectorgraphics@1.0.0 (location: D:\UNITY\MyProjects\ari-tuner\AriTuner\Library\PackageCache\com.unity.modules.vectorgraphics)
    com.unity.modules.vehicles@1.0.0 (location: D:\UNITY\MyProjects\ari-tuner\AriTuner\Library\PackageCache\com.unity.modules.vehicles)
    com.unity.modules.video@1.0.0 (location: D:\UNITY\MyProjects\ari-tuner\AriTuner\Library\PackageCache\com.unity.modules.video)
    com.unity.modules.wind@1.0.0 (location: D:\UNITY\MyProjects\ari-tuner\AriTuner\Library\PackageCache\com.unity.modules.wind)
    com.unity.modules.xr@1.0.0 (location: D:\UNITY\MyProjects\ari-tuner\AriTuner\Library\PackageCache\com.unity.modules.xr)
    com.unity.modules.subsystems@1.0.0 (location: D:\UNITY\MyProjects\ari-tuner\AriTuner\Library\PackageCache\com.unity.modules.subsystems)
    com.unity.modules.hierarchycore@1.0.0 (location: D:\UNITY\MyProjects\ari-tuner\AriTuner\Library\PackageCache\com.unity.modules.hierarchycore)
    com.unity.ext.nunit@2.1.0 (location: D:\UNITY\MyProjects\ari-tuner\AriTuner\Library\PackageCache\com.unity.ext.nunit@44f7d31723bd)
    com.unity.render-pipelines.core@17.5.0 (location: D:\UNITY\MyProjects\ari-tuner\AriTuner\Library\PackageCache\com.unity.render-pipelines.core@539ef1c759fb)
    com.unity.shadergraph@17.5.0 (location: D:\UNITY\MyProjects\ari-tuner\AriTuner\Library\PackageCache\com.unity.shadergraph@636559dc59a3)
    com.unity.render-pipelines.universal-config@17.5.0 (location: D:\UNITY\MyProjects\ari-tuner\AriTuner\Library\PackageCache\com.unity.render-pipelines.universal-config@fdda01c80fe3)
    com.unity.mathematics@1.4.0 (location: D:\UNITY\MyProjects\ari-tuner\AriTuner\Library\PackageCache\com.unity.mathematics@981956d94fb6)
    com.unity.collections@6.5.0 (location: D:\UNITY\MyProjects\ari-tuner\AriTuner\Library\PackageCache\com.unity.collections@a43cabe808ca)
[Subsystems] No new subsystems found in resolved package list.
[Package Manager] Done registering packages in 0.06 seconds
info: Microsoft.Hosting.Lifetime[14]
      Now listening on: http://localhost:80
info: Microsoft.Hosting.Lifetime[0]
      Application started. Press Ctrl+C to shut down.
info: Microsoft.Hosting.Lifetime[0]
      Hosting environment: Production
info: Microsoft.Hosting.Lifetime[0]
      Content root path: D:\UNITY\MyProjects\ari-tuner\AriTuner
info: Microsoft.AspNetCore.Hosting.Diagnostics[1]
      Request starting HTTP/2 POST http://ilpp/UnityILPP.PostProcessing/Ping - application/grpc -
info: Microsoft.AspNetCore.Routing.EndpointMiddleware[0]
      Executing endpoint 'gRPC - /UnityILPP.PostProcessing/Ping'
info: Microsoft.AspNetCore.Routing.EndpointMiddleware[1]
      Executed endpoint 'gRPC - /UnityILPP.PostProcessing/Ping'
info: Microsoft.AspNetCore.Hosting.Diagnostics[2]
      Request finished HTTP/2 POST http://ilpp/UnityILPP.PostProcessing/Ping - 200 - application/grpc 267.2093ms
Starting: D:\UNITY\Installs\6000.5.4f1\Editor\Data\Tools\BuildPipeline\bee_backend.exe --ipc --defer-dag-verification --dagfile="Library/Bee/1300b0aE.dag" --continue-on-failure --profile="Library/Bee/backend1.traceevents" ScriptAssemblies
WorkingDir: D:/UNITY/MyProjects/ari-tuner/AriTuner
info: Microsoft.AspNetCore.Hosting.Diagnostics[1]
      Request starting HTTP/2 POST http://ilpp/UnityILPP.PostProcessing/ConfigurePostProcessors - application/grpc -
info: Microsoft.AspNetCore.Routing.EndpointMiddleware[0]
      Executing endpoint 'gRPC - /UnityILPP.PostProcessing/ConfigurePostProcessors'
warn: Unity.ILPP.Runner.PostProcessingAssemblyLoadContext[0]
      Assembly system.runtime.interopservices.windowsruntime has duplicate hint path. Ignoring "D:\UNITY\Installs\6000.5.4f1\Editor\Data\UnityReferenceAssemblies\unity-4.8-api\Facades\System.Runtime.InteropServices.WindowsRuntime.dll" in favor of "D:\UNITY\Installs\6000.5.4f1\Editor\Data\NetStandard\Extensions\2.0.0\System.Runtime.InteropServices.WindowsRuntime.dll"
warn: Unity.ILPP.Runner.PostProcessingAssemblyLoadContext[0]
      Assembly system.componentmodel.composition has duplicate hint path. Ignoring "D:\UNITY\Installs\6000.5.4f1\Editor\Data\UnityReferenceAssemblies\unity-4.8-api\System.ComponentModel.Composition.dll" in favor of "D:\UNITY\Installs\6000.5.4f1\Editor\Data\NetStandard\compat\2.1.0\shims\netfx\System.ComponentModel.Composition.dll"
info: Unity.ILPP.Runner.PostProcessingAssemblyLoadContext[0]
      Resolved Unity.Burst.Cecil, Version=0.11.6.0, Culture=neutral, PublicKeyToken=50cebf1cceb9d05e with Library\PackageCache\com.unity.burst@6bb9aca3ef38\Unity.Burst.CodeGen\Unity.Burst.Cecil.dll
info: Unity.ILPP.Runner.PostProcessingAssemblyLoadContext[0]
      Resolved Mono.Cecil, Version=0.11.5.0, Culture=neutral, PublicKeyToken=50cebf1cceb9d05e with Library\PackageCache\com.unity.nuget.mono-cecil@ecb9724e46ff\Mono.Cecil.dll
info: Microsoft.AspNetCore.Routing.EndpointMiddleware[1]
      Executed endpoint 'gRPC - /UnityILPP.PostProcessing/ConfigurePostProcessors'
info: Microsoft.AspNetCore.Hosting.Diagnostics[2]
      Request finished HTTP/2 POST http://ilpp/UnityILPP.PostProcessing/ConfigurePostProcessors - 200 - application/grpc 1397.0988ms
ExitCode: 0 Duration: 10s
[ 859/1104  1s] ILPP-Configuration Library/ilpp-configuration.nevergeneratedoutput
[BUSY       7s] Csc Library/Bee/artifacts/1300b0aE.dag/Assembly-CSharp.dll (+2 others)
[1100/1104 10s] Csc Library/Bee/artifacts/1300b0aE.dag/Assembly-CSharp.dll (+2 others)
*** Tundra build success (10.86 seconds), 2 items updated, 1104 evaluated
AssetDatabase: script compilation time: 17.324674s
Begin MonoManager ReloadAssembly
Refreshing native plugins compatible for Editor in 81.12 ms, found 5 plugins.
Native extension for Android target not found
Native extension for UWP target not found
Native extension for WindowsStandalone target not found
ScheduleIndexationOnStartup MainProcess:True IndexOnStartup:True
Mono: successfully reloaded assembly
- Finished resetting the current domain, in  5.806 seconds
Domain Reload Profiling: 11934ms
	BeginReloadAssembly (349ms)
		DisableScriptedObjects (28ms)
		CreateAndSetChildDomain (166ms)
	RebuildCommonClasses (9ms)
	RebuildNativeTypeToScriptingClass (18ms)
	initialDomainReloadingComplete (58ms)
	LoadAllAssembliesAndSetupDomain (5693ms)
		LoadAssemblies (4954ms)
		AnalyzeDomain (717ms)
			TypeCache.Refresh (618ms)
				TypeCache.ScanAssembly (598ms)
			BuildScriptInfoCaches (87ms)
			ResolveRequiredComponents (9ms)
	FinalizeReload (5807ms)
		SetupLoadedEditorAssemblies (0ms)
			InitializePlatformSupportModulesInManaged (16ms)
			BeforeProcessingInitializeOnLoad (110ms)
			ProcessInitializeOnLoadAttributes (3999ms)
			ProcessInitializeOnLoadMethodAttributes (1037ms)
			AfterProcessingInitializeOnLoad (7ms)
		AwakeInstancesAfterBackupRestoration (43ms)
Starting new worker id: 0 with log in D:/UNITY/MyProjects/ari-tuner/AriTuner/Logs/AssetImportWorkerHW0.log

Asset Pipeline Refresh (id=fd74b949a1331244ba8d0971a8cda122): Total: 37.953 seconds - Initiated by InitialRefreshV2(ForceSynchronousImport)
	(Values over 0.05ms)
	Summary:
		Imports: total=0 (actual=0, local cache=0, cache server=0)
		Asset DB Process Time: managed=0 ms, native=14242 ms
		Asset DB Callback time: managed=68 ms, native=73 ms
		Scripting: domain reloads=1, domain reload time=6190 ms, compile time=17327 ms, other=50 ms
		Project Asset Count: scripts=1551, non-scripts=3230
		Asset File Changes: new=0, changed=0, moved=0, deleted=0
		Scan Filter Count: 0
	InvokePackagesCallback: 74.791ms
	ApplyChangesToAssetFolders: 0.660ms
	Scan: 333.550ms
	Collect global state as custom dependencies: 7.334ms
	CategorizeScriptCompilationAssets: 1772.385ms
	ProcessAssetsWithTransientArtifactChanges: 102.799ms
	CategorizeAssets: 65.268ms
	CompileScripts: 17327.111ms
	ImportOutOfDateAssets: 5997.925ms (5917.409ms without children)
		ReloadNativeAssets: 0.067ms
		UnloadImportedAssets: 1.056ms
		EnsureUptoDateAssetsAreRegisteredWithGuidPM: 0.949ms
		ImportSchedulerStart: 78.439ms
	PostProcessAllAssets: 68.581ms
		MonoPostProcessAllAssets: 68.510ms
			UniversalRenderPipelineGlobalSettingsPostprocessor.OnPostprocessAllAssets 27.968ms
			SyncVS.PostprocessSyncProject 6.415ms
			SpeedTree9Postprocessor.OnPostprocessAllAssets 4.235ms
			WindowAssetPostprocessingWatcher.OnPostprocessAllAssets 3.868ms
			RenderPipelineGlobalSettingsPostprocessor.OnPostprocessAllAssets 1.900ms
			EditModeScopePostprocessor.OnPostprocessAllAssets 1.627ms
			ShaderReflectionAssetPostProcessor.OnPostprocessAllAssets 0.820ms
			InputActionAssetPostprocessor.OnPostprocessAllAssets 0.567ms
			TerrainToolbarOverlayPostProcessor.OnPostprocessAllAssets 0.418ms
			ReferencedClipsPostProcessor.OnPostprocessAllAssets 0.364ms
			ProjectSettingsPostprocessor.OnPostprocessAllAssets 0.342ms
			AssetDatabaseCallbacks.OnPostprocessAllAssets 0.295ms
	UnloadStreamsBegin: 3.316ms
	PersistCurrentRevisions: 0.233ms
	GenerateScriptTypeHashes: 3.389ms
	GenerateScriptTypeSerializationHashes: 6.200ms
	Untracked: 12195.626ms

Application.AssetDatabase Initial Refresh End
Launched and connected shader compiler UnityShaderCompiler.exe after 0.06 seconds
Scanning for USB devices : 0.799ms
Initializing Unity extensions:
[MODES] ModeService[none].Initialize
[MODES] ModeService[none].LoadModes
[MODES] Loading mode Default (0) for mode-current-id-AriTuner
Worker ready: AssetImportWorkerHW0 0
Unloading 25 Unused Serialized files (Serialized files now loaded: 0)
Loaded scene 'Assets/Scenes/MainScene.unity'
	Deserialize:            55.971 ms
	Integration:            363.384 ms
	Integration of assets:  2.938 ms
	Thread Wait Time:       0.016 ms
	Total Operation Time:   422.309 ms
Unloading 7172 unused Assets / (7.8 MB). Loaded Objects now: 8108.
Memory consumption went from 431.0 MB to 423.2 MB.
Total: 16.916500 ms (FindLiveObjects: 0.762900 ms CreateObjectMapping: 3.584600 ms MarkObjects: 8.289400 ms  DeleteObjects: 3.726900 ms)

[LAYOUT] About to load UserSettings\Layouts\default-6000.dwlt, keepMainWindow=False
[Licensing::Client] Successfully resolved entitlement details
[LAYOUT] About to save layout D:\UNITY\MyProjects\ari-tuner\AriTuner\UserSettings\Layouts\default-6000.dwlt
[LAYOUT] About to save layout C:/Users/vany/AppData/Roaming/Unity/Editor-5.x/Preferences\Layouts\current\default-6000.dwlt
[MODES] ModeService[default].InitializeCurrentMode
[MODES] ModeService[default].RaiseModeChanged(default, default)
<RI> Initializing input.
Using Windows.Gaming.Input
[Project] Loading completed in 67.320 seconds
	Project init time: 				58.302 seconds
		Template init time: 		0.000 seconds
		Package Manager init time: 		0.363 seconds
		Asset Database init time: 		0.934 seconds
		Global illumination init time: 	0.036 seconds
		Assemblies load time: 			13.724 seconds
		Unity extensions init time: 	0.049 seconds
		Asset Database refresh time: 	37.953 seconds
	Scene opening time: 			8.829 seconds
##utp:{"type":"ProjectInfo","version":2,"phase":"Immediate","time":1790850462984,"processId":9288,"projectLoad":67.3198157,"projectInit":58.3020022,"templateInit":0.0,"packageManagerInit":0.3625802,"assetDatabaseInit":0.9340545,"globalIlluminationInit":0.0356671,"assembliesLoad":13.7240294,"unityExtensionsInit":0.0493525,"assetDatabaseRefresh":37.9532945,"sceneOpening":8.8292292}
##utp:{"type":"EditorInfo","version":2,"phase":"Immediate","time":1790850462985,"processId":9288,"editorVersion":"6000.5.4f1 (d550df8bd089)","branch":"6000.5/staging","buildType":"Release","platform":"Windows"}
[Licensing::Client] Successfully resolved entitlement details
Asset Pipeline Refresh (id=3daaa0fddc88b2349b1f18e2ee167b67): Total: 0.141 seconds - Initiated by RefreshV2(AllowForceSynchronousImport)
[Licensing::Client] Successfully resolved entitlement details
[Licensing::Client] Successfully resolved entitlement details
[Licensing::Client] Successfully updated the access token
[Licensing::Module] Successfully updated access token: "8kSi99F8"... (expires: 2026-10-01T12:25:11Z)
Created GICache directory at C:/Users/vany/AppData/LocalLow/Unity/Caches/GiCache. Took: 0.041s, timestamps: [71.302 - 71.342]
[Licensing::Client] Successfully resolved entitlement details
[Licensing::Client] Successfully resolved entitlement details
Android Extension - Scanning For ADB Devices 2419 ms
Android Extension - Scanning For ADB Devices 191 ms
Attempted to call .Dispose on an already disposed CancellationTokenSource
Android Extension - Scanning For ADB Devices 196 ms
Android Extension - Scanning For ADB Devices 178 ms
[Licensing::Client] Successfully resolved entitlement details
[Licensing::Client] Successfully resolved entitlement details
Start Indexing on Editor startup
[Indexing] Starting Initial Indexing for Assets
Asset Pipeline Refresh (id=494c6decf0d4fec4b9b3378335217030): Total: 0.005 seconds - Initiated by RefreshV2(AllowForceSynchronousImport)
Starting new worker id: 1 with log in D:/UNITY/MyProjects/ari-tuner/AriTuner/Logs/AssetImportWorkerHW1.log
[Worker0] Imported GUID: 575d9015d821c4d0181f251410b48ebf - Path: Packages/com.unity.device-simulator.devices/Tests/Editor/Assembly-CSharp-Editor-firstpass-testable.asmdef - Importer: ScriptedImporter/UnityEditor.QuickSearchModule:UnityEditor.Search:ASIAI0B -> (ImportResultId: '03ab5beb98c3c09e1e3cb807437e39dc') in 0.1203729 seconds
Starting new worker id: 2 with log in D:/UNITY/MyProjects/ari-tuner/AriTuner/Logs/AssetImportWorkerHW2.log
[Worker0] Imported GUID: b4c6e9a258efe48e8b12a376f6183f33 - Path: Packages/com.unity.device-simulator.devices/Editor/Devices/Asus ROG Phone.device - Importer: ScriptedImporter/UnityEditor.QuickSearchModule:UnityEditor.Search:ASIAI0B -> (ImportResultId: '36c41ee516196c97b55ccbae5ec3327b') in 0.0935016 seconds
[Worker0] Imported GUID: 4abd0fc05f3664f5b893989c5286bd95 - Path: Packages/com.unity.device-simulator.devices/Editor/Devices/DeviceOverlays/HTC One M9_Overlay.png - Importer: ScriptedImporter/UnityEditor.QuickSearchModule:UnityEditor.Search:ASIAI0B -> (ImportResultId: '3af6cc94e6272386e2db8d1c3cc9525d') in 0.1051214 seconds
[Worker0] Imported GUID: 845ec2b01ab7e43749e968054f574239 - Path: Packages/com.unity.device-simulator.devices/Editor/Devices/Xiaomi Redmi Note 3.device - Importer: ScriptedImporter/UnityEditor.QuickSearchModule:UnityEditor.Search:ASIAI0B -> (ImportResultId: '50387d40d1dee4c4daa8fae78fef0914') in 0.0233042 seconds
[Worker0] Imported GUID: aa6c85b2ce84c0fda20b3c795bd55cc7 - Path: Packages/com.unity.device-simulator.devices - Importer: ScriptedImporter/UnityEditor.QuickSearchModule:UnityEditor.Search:ASIAI0B -> (ImportResultId: 'c3a5e3a2d565b393431b0d934493f622') in 0.0252028 seconds
[Worker0] Imported GUID: 8b7c5e75b9f474952a4a0abd63f67405 - Path: Packages/com.unity.device-simulator.devices/Editor/Devices/Apple iPhone 8.device - Importer: ScriptedImporter/UnityEditor.QuickSearchModule:UnityEditor.Search:ASIAI0B -> (ImportResultId: '31e8c82224ce33e8c3aa72c492d8c583') in 0.0329094 seconds
[Worker0] Imported GUID: ec0e8ab2571de416b8d3d5e9ee87e8eb - Path: Packages/com.unity.device-simulator.devices/Editor/Devices/HTC One M9.device - Importer: ScriptedImporter/UnityEditor.QuickSearchModule:UnityEditor.Search:ASIAI0B -> (ImportResultId: 'ba6b4f3a70f6bf8983158b4518c3ce37') in 0.0247612 seconds
[Worker0] Imported GUID: cb9247490806e439fa4d25ea83a1d354 - Path: Packages/com.unity.device-simulator.devices/Editor/Devices/Xiaomi Mi A3.device - Importer: ScriptedImporter/UnityEditor.QuickSearchModule:UnityEditor.Search:ASIAI0B -> (ImportResultId: 'c29e80ffb1badeb367d39befecfa031d') in 0.0230473 seconds
[Worker0] Imported GUID: 7910135adbaf34a05999e23b1d22c7c1 - Path: Packages/com.unity.device-simulator.devices/Editor/Devices/DeviceOverlays/Apple iPad Pro 12.9 (2018)_Overlay.png - Importer: ScriptedImporter/UnityEditor.QuickSearchModule:UnityEditor.Search:ASIAI0B -> (ImportResultId: 'de07582010910d9917f95a0f4e8e29da') in 0.0772332 seconds
[Worker0] Imported GUID: 2b9ebc7d3827146f0966639a625d19cd - Path: Packages/com.unity.device-simulator.devices/Editor/Devices/Samsung Galaxy Note9.device - Importer: ScriptedImporter/UnityEditor.QuickSearchModule:UnityEditor.Search:ASIAI0B -> (ImportResultId: 'dd8a04b6d785da5c105343dc1d5a0542') in 0.0253654 seconds
[Worker0] Imported GUID: d10d8b4413df24461a5b490404649b85 - Path: Packages/com.unity.device-simulator.devices/Editor/Devices/DeviceOverlays/Samsung Galaxy J7 (2017)_Overlay.png - Importer: ScriptedImporter/UnityEditor.QuickSearchModule:UnityEditor.Search:ASIAI0B -> (ImportResultId: 'ec5c3cbe4f95f514c9d2c886d746bab1') in 0.0677228 seconds
[Worker0] Imported GUID: d9a02242c35394825bf5f5ee7e39813f - Path: Packages/com.unity.device-simulator.devices/Editor/Devices/Apple iPad (5th generation).device - Importer: ScriptedImporter/UnityEditor.QuickSearchModule:UnityEditor.Search:ASIAI0B -> (ImportResultId: 'a0ed7c8cef8fed73e450f3a9a909e112') in 0.0202296 seconds
[Worker0] Imported GUID: 5e6da2603174c40b280ce5494ceb536f - Path: Packages/com.unity.device-simulator.devices/Editor/Devices/Apple iPhone XS.device - Importer: ScriptedImporter/UnityEditor.QuickSearchModule:UnityEditor.Search:ASIAI0B -> (ImportResultId: '3d09142729d85d46f0d65355c4c1ce15') in 0.0179832 seconds
[Worker0] Imported GUID: 8bddd8be582b14037ad9cf4a8e07ed9d - Path: Packages/com.unity.device-simulator.devices/Editor/Devices/DeviceOverlays/Apple iPhone 12_Overlay.png - Importer: ScriptedImporter/UnityEditor.QuickSearchModule:UnityEditor.Search:ASIAI0B -> (ImportResultId: '25b8e491bd826406532cdfc6216b1447') in 0.0551173 seconds
[Worker0] Imported GUID: 68de31656371b429fa82b5effba01ffc - Path: Packages/com.unity.device-simulator.devices/Editor/Devices/Samsung Galaxy Note10+ 5G.device - Importer: ScriptedImporter/UnityEditor.QuickSearchModule:UnityEditor.Search:ASIAI0B -> (ImportResultId: '82222f9624a819d8429c9807736cc253') in 0.0188605 seconds
[Worker0] Imported GUID: 75cf077abf7aa48a79731d70f1aabd63 - Path: Packages/com.unity.device-simulator.devices/Editor/Devices/Samsung Galaxy Note10.device - Importer: ScriptedImporter/UnityEditor.QuickSearchModule:UnityEditor.Search:ASIAI0B -> (ImportResultId: '808f5d9ec77803ba721090fb4f604a89') in 0.0676459 seconds
[Worker0] Imported GUID: a5f31d40fec59460b94dcd1736c31329 - Path: Packages/com.unity.device-simulator.devices/Editor/Devices/DeviceOverlays - Importer: ScriptedImporter/UnityEditor.QuickSearchModule:UnityEditor.Search:ASIAI0B -> (ImportResultId: 'e67106da0a7d043dfb07efaa7c4817b5') in 0.0174201 seconds
[Worker0] Imported GUID: 3eca9b247201042d49ab48aa77c7771a - Path: Packages/com.unity.device-simulator.devices/Editor/Devices/Motorola Moto E.device - Importer: ScriptedImporter/UnityEditor.QuickSearchModule:UnityEditor.Search:ASIAI0B -> (ImportResultId: 'ca4b2c590e7595225fccd9c7791c68b4') in 0.019143 seconds
[Worker0] Imported GUID: 77fd32b71c3604560b69dc45c4d11de6 - Path: Packages/com.unity.device-simulator.devices/Editor/Devices/DeviceOverlays/Lenovo Phab2 Pro_Overlay.png - Importer: ScriptedImporter/UnityEditor.QuickSearchModule:UnityEditor.Search:ASIAI0B -> (ImportResultId: 'aa82e1a2b6cfcf2f55fd840f1b096973') in 0.0409747 seconds
[Worker0] Imported GUID: a0b613a0c873845eb8237c9a8c9722b6 - Path: Packages/com.unity.device-simulator.devices/Editor/Devices/Apple iPhone 13 Pro Max.device - Importer: ScriptedImporter/UnityEditor.QuickSearchModule:UnityEditor.Search:ASIAI0B -> (ImportResultId: '90192eb9b0a888e4871c72e8ef56b672') in 0.0195843 seconds
[Worker0] Imported GUID: 439115d5646544c0cbcea9748f18ed6d - Path: Packages/com.unity.device-simulator.devices/Editor/Devices/DeviceOverlays/OnePlus 7 Pro_Overlay.png - Importer: ScriptedImporter/UnityEditor.QuickSearchModule:UnityEditor.Search:ASIAI0B -> (ImportResultId: '56eee8db3b83bb2376641f092484a62f') in 0.0426614 seconds
[Worker0] Imported GUID: ac101db1189424f87a08e295ba91a1be - Path: Packages/com.unity.device-simulator.devices/Editor/Devices/DeviceOverlays/Motorola Nexus 6_Overlay.png - Importer: ScriptedImporter/UnityEditor.QuickSearchModule:UnityEditor.Search:ASIAI0B -> (ImportResultId: '74caa8c4ea63e018817eb90da85a1791') in 0.0454247 seconds
[Worker0] Imported GUID: 5ed9bad4af84f4af8979104a5bc724f9 - Path: Packages/com.unity.device-simulator.devices/Editor/Devices/Xiaomi Redmi 4.device - Importer: ScriptedImporter/UnityEditor.QuickSearchModule:UnityEditor.Search:ASIAI0B -> (ImportResultId: '3dc4558cd3a65036cb3683401809acf0') in 0.0195924 seconds
[Worker0] Imported GUID: e2bcc90d9d1474be2a7c30b7d74f78e9 - Path: Packages/com.unity.device-simulator.devices/Editor/Devices/Apple iPhone X.device - Importer: ScriptedImporter/UnityEditor.QuickSearchModule:UnityEditor.Search:ASIAI0B -> (ImportResultId: '8cd8c39eaad396f156e8037297c593ff') in 0.025591 seconds
[Worker0] Imported GUID: 16140f808edc44038b0ead1800ddcca5 - Path: Packages/com.unity.device-simulator.devices/Editor/Devices/DeviceOverlays/Xiaomi Redmi 4_Overlay.png - Importer: ScriptedImporter/UnityEditor.QuickSearchModule:UnityEditor.Search:ASIAI0B -> (ImportResultId: '2b231efaaddac67f7a91213aabdc2f4c') in 0.0432009 seconds
[Worker0] Imported GUID: c0a7775fb557e46e68a80ff76d7855e5 - Path: Packages/com.unity.device-simulator.devices/Editor/Devices/DeviceOverlays/Xiaomi Mi A3_Overlay.png - Importer: ScriptedImporter/UnityEditor.QuickSearchModule:UnityEditor.Search:ASIAI0B -> (ImportResultId: '6e299564b8cd826d3762f34d4d35eb90') in 0.0390438 seconds
[Worker0] Imported GUID: 237817d22f25643f3abe7dc70ba985df - Path: Packages/com.unity.device-simulator.devices/Editor/Devices/DeviceOverlays/Samsung Galaxy S10e_Overlay.png - Importer: ScriptedImporter/UnityEditor.QuickSearchModule:UnityEditor.Search:ASIAI0B -> (ImportResultId: 'e6afae3def0e63b1f028e0d95a857351') in 0.0500164 seconds
[Worker0] Imported GUID: 2f19d9c7d0c334985896f861a2cfe3ee - Path: Packages/com.unity.device-simulator.devices/Editor/Devices/Apple iPad Air.device - Importer: ScriptedImporter/UnityEditor.QuickSearchModule:UnityEditor.Search:ASIAI0B -> (ImportResultId: 'adf1e89ee8fce913f7bc46f5706a8b47') in 0.0213373 seconds
[Worker0] Imported GUID: 47dd93a4c0114496e8e965a0a0c77ba0 - Path: Packages/com.unity.device-simulator.devices/Editor/Devices/Samsung Galaxy S10e.device - Importer: ScriptedImporter/UnityEditor.QuickSearchModule:UnityEditor.Search:ASIAI0B -> (ImportResultId: 'ee9d7ec112e5b843a5d2fa1a3fa07ce6') in 0.0235481 seconds
[Worker0] Imported GUID: 8ace28ceeb82649039ec5156497e6d2d - Path: Packages/com.unity.device-simulator.devices/Editor - Importer: ScriptedImporter/UnityEditor.QuickSearchModule:UnityEditor.Search:ASIAI0B -> (ImportResultId: 'c2f9b7674df154254aeed274af445f99') in 0.0188712 seconds
[Worker0] Imported GUID: 9d8bbb72a05954b938239cd5227327db - Path: Packages/com.unity.device-simulator.devices/Editor/Devices/Samsung Galaxy S5 Neo.device - Importer: ScriptedImporter/UnityEditor.QuickSearchModule:UnityEditor.Search:ASIAI0B -> (ImportResultId: '6531f6de254b9d01f10c8c2c771ca661') in 0.0184434 seconds
[Worker0] Imported GUID: e056f5e5aa3124556916eb52f87d54d2 - Path: Packages/com.unity.device-simulator.devices/Editor/Devices/Samsung Galaxy S5 Mini.device - Importer: ScriptedImporter/UnityEditor.QuickSearchModule:UnityEditor.Search:ASIAI0B -> (ImportResultId: '26f354ee544623df9894d3c7099823df') in 0.0169096 seconds
[Worker0] Imported GUID: f301925006559439fbeaacbb25478b5d - Path: Packages/com.unity.device-simulator.devices/Editor/Devices/Apple iPhone 7 Plus.device - Importer: ScriptedImporter/UnityEditor.QuickSearchModule:UnityEditor.Search:ASIAI0B -> (ImportResultId: 'ff9e23d4aa390e8c3dd89a16d7209a5c') in 0.0214233 seconds
[Worker0] Imported GUID: 900fbd78a87e249dab2517b59f2c8a7f - Path: Packages/com.unity.device-simulator.devices/Editor/Devices/DeviceOverlays/Samsung Galaxy Z Flip3 5G_Overlay.png - Importer: ScriptedImporter/UnityEditor.QuickSearchModule:UnityEditor.Search:ASIAI0B -> (ImportResultId: 'e393c969b92665836dd0a30b3108e812') in 0.046826 seconds
[Worker0] Imported GUID: f729e482cf55d401492d9c743e8ba5b6 - Path: Packages/com.unity.device-simulator.devices/Editor/Devices/DeviceOverlays/Apple iPhone 11_Overlay.png - Importer: ScriptedImporter/UnityEditor.QuickSearchModule:UnityEditor.Search:ASIAI0B -> (ImportResultId: '0f3cd37412d9b2457f24ea3563eb7a17') in 0.040859 seconds
[Worker0] Imported GUID: 667563d97deee41148da5a41c03b7cc1 - Path: Packages/com.unity.device-simulator.devices/README.md - Importer: ScriptedImporter/UnityEditor.QuickSearchModule:UnityEditor.Search:ASIAI0B -> (ImportResultId: 'f7be24a937b31e75fd964c2f030f7819') in 0.0313227 seconds
[Worker0] Imported GUID: fd0fabf15c64048f78995ea8e03f7666 - Path: Packages/com.unity.device-simulator.devices/Editor/Devices/Apple iPad Pro 11.device - Importer: ScriptedImporter/UnityEditor.QuickSearchModule:UnityEditor.Search:ASIAI0B -> (ImportResultId: 'e66a81c303927f5d5e530c740e12806b') in 0.0211189 seconds
[Worker0] Imported GUID: 4307980e684d54cb8b053f4e5a337ea4 - Path: Packages/com.unity.device-simulator.devices/Editor/Devices/DeviceOverlays/Google Pixel 3_Overlay.png - Importer: ScriptedImporter/UnityEditor.QuickSearchModule:UnityEditor.Search:ASIAI0B -> (ImportResultId: 'e8b7ebedf1341513f54f83ae7606affb') in 0.0460864 seconds
[Worker0] Imported GUID: 463ff3d2bc79a4e348e461c61cc041a3 - Path: Packages/com.unity.device-simulator.devices/Editor/Devices/DeviceOverlays/Apple iPad Air (4th generation)_Overlay.png - Importer: ScriptedImporter/UnityEditor.QuickSearchModule:UnityEditor.Search:ASIAI0B -> (ImportResultId: '2e67e57d96c71d0782c61d2ab7994be1') in 0.0471031 seconds
[Worker0] Imported GUID: 575a42456a8e44931b0229e58a21fa73 - Path: Packages/com.unity.device-simulator.devices/Editor/Devices/Google Pixel 5.device - Importer: ScriptedImporter/UnityEditor.QuickSearchModule:UnityEditor.Search:ASIAI0B -> (ImportResultId: '4fbd67e5ee39b25889d3b63ea516bd08') in 0.0279287 seconds
[Worker0] Imported GUID: 756e15ad71749438f9f2baf2ef6c7589 - Path: Packages/com.unity.device-simulator.devices/Editor/Devices/Google Pixel 4.device - Importer: ScriptedImporter/UnityEditor.QuickSearchModule:UnityEditor.Search:ASIAI0B -> (ImportResultId: 'c78b2dae2b6dfb94a798f47e12cf4773') in 0.0214296 seconds
[Worker0] Imported GUID: 6f8f807e009734facb61ce7188e503c9 - Path: Packages/com.unity.device-simulator.devices/Editor/Devices/Apple iPhone XR.device - Importer: ScriptedImporter/UnityEditor.QuickSearchModule:UnityEditor.Search:ASIAI0B -> (ImportResultId: '59249180ed3ea2b59171e8187e27b958') in 0.0205635 seconds
[Worker0] Imported GUID: 5369381cbf82c41f4a75751cfcc53f60 - Path: Packages/com.unity.device-simulator.devices/Editor/Devices/OnePlus 6T.device - Importer: ScriptedImporter/UnityEditor.QuickSearchModule:UnityEditor.Search:ASIAI0B -> (ImportResultId: 'da725192b047f350088e25881eb00bcb') in 0.0189755 seconds
[Worker0] Imported GUID: 0acb33f0317944416add7e96db980ade - Path: Packages/com.unity.device-simulator.devices/Editor/Devices/Xiaomi MI Note Pro.device - Importer: ScriptedImporter/UnityEditor.QuickSearchModule:UnityEditor.Search:ASIAI0B -> (ImportResultId: '8d237e3b393026991d25562295ce4363') in 0.0200865 seconds
[Worker0] Imported GUID: f611191be2a1e4a908a122842ae9d6e7 - Path: Packages/com.unity.device-simulator.devices/Editor/Devices/DeviceOverlays/LGE LG G3_Overlay.png - Importer: ScriptedImporter/UnityEditor.QuickSearchModule:UnityEditor.Search:ASIAI0B -> (ImportResultId: '18bd3bd598a9ab062a8e2d87db9b9f4d') in 0.0484399 seconds
[Worker0] Imported GUID: fa2962799245e4ed881fffd10e466929 - Path: Packages/com.unity.device-simulator.devices/Editor/Devices/Razer Phone.device - Importer: ScriptedImporter/UnityEditor.QuickSearchModule:UnityEditor.Search:ASIAI0B -> (ImportResultId: '67cea5e254095b8269fed87c7b2d6493') in 0.0170717 seconds
[Worker0] Imported GUID: 860b50340fb964578a35e082d8ee69c1 - Path: Packages/com.unity.device-simulator.devices/Editor/Devices/Huawei P9.device - Importer: ScriptedImporter/UnityEditor.QuickSearchModule:UnityEditor.Search:ASIAI0B -> (ImportResultId: 'dae3209caf1740d82d8445fc2bb9e97e') in 0.0192069 seconds
[Worker0] Imported GUID: 05b8109e1c6e541968ebf73e04486d4e - Path: Packages/com.unity.device-simulator.devices/Editor/Devices/DeviceOverlays/Samsung Galaxy S5 Mini_Overlay.png - Importer: ScriptedImporter/UnityEditor.QuickSearchModule:UnityEditor.Search:ASIAI0B -> (ImportResultId: 'b10d3132eb85844ad2d46eeb94ae4bdf') in 0.0368557 seconds
[Worker0] Imported GUID: b61515cf983914d71871724613db4af4 - Path: Packages/com.unity.device-simulator.devices/Editor/Devices/Apple iPad Mini 4.device - Importer: ScriptedImporter/UnityEditor.QuickSearchModule:UnityEditor.Search:ASIAI0B -> (ImportResultId: 'c4c20e6a1a63de1762256c7fb7eba52e') in 0.0193965 seconds
[Worker0] Imported GUID: 2a8eeb6fb112646aeaa50659c246f796 - Path: Packages/com.unity.device-simulator.devices/Editor/Devices/DeviceOverlays/Samsung Galaxy Note10_Overlay.png - Importer: ScriptedImporter/UnityEditor.QuickSearchModule:UnityEditor.Search:ASIAI0B -> (ImportResultId: '1a22e503c739ea33f9a2c1c69472d22a') in 0.0430184 seconds
[Worker0] Imported GUID: 6a06bf94b0946452db0390b612c4a335 - Path: Packages/com.unity.device-simulator.devices/Editor/Devices/DeviceOverlays/Apple iPod Touch 7th Gen_Overlay.png - Importer: ScriptedImporter/UnityEditor.QuickSearchModule:UnityEditor.Search:ASIAI0B -> (ImportResultId: '2ad343795c9e1d07dcac0b707e5d6470') in 0.0374599 seconds
[Worker0] Imported GUID: 9f624c5b20803434f9ff9d87eb938b43 - Path: Packages/com.unity.device-simulator.devices/Editor/Devices/Apple iPhone 13 Pro.device - Importer: ScriptedImporter/UnityEditor.QuickSearchModule:UnityEditor.Search:ASIAI0B -> (ImportResultId: '4672bb80812fcd8edf62264d10572062') in 0.0171885 seconds
[Worker0] Imported GUID: 5167c51e956fe4868a7e623d5e29c482 - Path: Packages/com.unity.device-simulator.devices/Editor/Devices/DeviceOverlays/Motorola Moto G7 Power_Overlay.png - Importer: ScriptedImporter/UnityEditor.QuickSearchModule:UnityEditor.Search:ASIAI0B -> (ImportResultId: 'd934bb756d24edfbd5dd77faeb15cac0') in 0.0455105 seconds
[Worker0] Imported GUID: a8c4fdf00f3d44b0fb01b6ddc53b739a - Path: Packages/com.unity.device-simulator.devices/Editor/Devices/Apple iPhone 12.device - Importer: ScriptedImporter/UnityEditor.QuickSearchModule:UnityEditor.Search:ASIAI0B -> (ImportResultId: 'b49b72784cefafaf60913b29f5597d5a') in 0.0186076 seconds
[Worker0] Imported GUID: c374edee01269464fbd2fd5ea6833ab5 - Path: Packages/com.unity.device-simulator.devices/Editor/Devices/Samsung Galaxy S8.device - Importer: ScriptedImporter/UnityEditor.QuickSearchModule:UnityEditor.Search:ASIAI0B -> (ImportResultId: 'c9fb18666d3fc432ea28f0560ea609db') in 0.0218461 seconds
[Worker0] Imported GUID: 2aa52dd05ab704b4f9abdad2ec567547 - Path: Packages/com.unity.device-simulator.devices/Editor/Devices/Apple iPhone XS Max.device - Importer: ScriptedImporter/UnityEditor.QuickSearchModule:UnityEditor.Search:ASIAI0B -> (ImportResultId: 'c15a51403e11fdcf7bbc20cf10a4bd0c') in 0.018581 seconds
[Worker0] Imported GUID: 2e6d4acfbe1c846b9ad8e09efb79888a - Path: Packages/com.unity.device-simulator.devices/Editor/Devices/DeviceOverlays/Samsung Galaxy S10 5G_Overlay.png - Importer: ScriptedImporter/UnityEditor.QuickSearchModule:UnityEditor.Search:ASIAI0B -> (ImportResultId: '2d9d80c63a11e3b91a65abac5f3f3dfa') in 0.0419336 seconds
[Worker0] Imported GUID: ec6aef778a2714878b7df6ae260c1dba - Path: Packages/com.unity.device-simulator.devices/Editor/Devices/DeviceOverlays/Google Pixel 2 XL_Overlay.png - Importer: ScriptedImporter/UnityEditor.QuickSearchModule:UnityEditor.Search:ASIAI0B -> (ImportResultId: '3fb7063c252085540b9dddf15b50c8b3') in 0.040732 seconds
[Worker0] Imported GUID: d365ae622f9924e358337fabcd327894 - Path: Packages/com.unity.device-simulator.devices/Editor/Devices/DeviceOverlays/Samsung Galaxy S5 Neo_Overlay.png - Importer: ScriptedImporter/UnityEditor.QuickSearchModule:UnityEditor.Search:ASIAI0B -> (ImportResultId: 'cdc3ff374c047975781fe87678e665c0') in 0.0449317 seconds
[Worker0] Imported GUID: 26b781a7104234797a392a5d5c98c6f6 - Path: Packages/com.unity.device-simulator.devices/Editor/Devices/LGE LG G3.device - Importer: ScriptedImporter/UnityEditor.QuickSearchModule:UnityEditor.Search:ASIAI0B -> (ImportResultId: 'e3f79b06fdd72b94a83391cabd07f668') in 0.0211469 seconds
[Worker0] Imported GUID: 102e46de009e849cdba7cdbee965fb23 - Path: Packages/com.unity.device-simulator.devices/Editor/Devices/Motorola Nexus 6.device - Importer: ScriptedImporter/UnityEditor.QuickSearchModule:UnityEditor.Search:ASIAI0B -> (ImportResultId: '5fed8d143dc3e9f2283c99e03e5ca333') in 0.0195707 seconds
[Worker0] Imported GUID: d661a92e251a047559ebc4a35c8645f3 - Path: Packages/com.unity.device-simulator.devices/Editor/Devices/DeviceOverlays/Apple iPhone 8 Plus_Overlay.png - Importer: ScriptedImporter/UnityEditor.QuickSearchModule:UnityEditor.Search:ASIAI0B -> (ImportResultId: '053bb674d60050c887562a7d2565bfed') in 0.0418621 seconds
[Worker0] Imported GUID: e490aee0ddd0b45ea8c796a3e1f49454 - Path: Packages/com.unity.device-simulator.devices/Editor/Devices/Apple iPhone 7.device - Importer: ScriptedImporter/UnityEditor.QuickSearchModule:UnityEditor.Search:ASIAI0B -> (ImportResultId: '45dbd1aaaa7c5c31c902e5028e042ef9') in 0.0187341 seconds
[Worker0] Imported GUID: ac82d78de27024e699d2e94fc8c6959b - Path: Packages/com.unity.device-simulator.devices/Editor/Devices/Apple iPad (7th gen).device - Importer: ScriptedImporter/UnityEditor.QuickSearchModule:UnityEditor.Search:ASIAI0B -> (ImportResultId: '1d795cdda575140acc803eaf0defab35') in 0.0182585 seconds
[Worker0] Imported GUID: d495b6cb264314234bdafe3fa5420138 - Path: Packages/com.unity.device-simulator.devices/Editor/Devices/DeviceOverlays/Xiaomi Redmi Note 3_Overlay.png - Importer: ScriptedImporter/UnityEditor.QuickSearchModule:UnityEditor.Search:ASIAI0B -> (ImportResultId: '3be97d844176d328760fa02cb8f5243c') in 0.045901 seconds
[Worker0] Imported GUID: 784a3880f872f4766afdc433bb60490f - Path: Packages/com.unity.device-simulator.devices/Editor/Devices/Samsung Galaxy S9.device - Importer: ScriptedImporter/UnityEditor.QuickSearchModule:UnityEditor.Search:ASIAI0B -> (ImportResultId: '7e41a7ea2672013bc57aa8ecb71655b6') in 0.0191226 seconds
Worker ready: AssetImportWorkerHW1 1
[Worker0] Imported GUID: afbd419155bb54e7ea6ed1c1dcfb1918 - Path: Packages/com.unity.device-simulator.devices/Editor/Devices/DeviceOverlays/Apple iPad (7th gen)_Overlay.png - Importer: ScriptedImporter/UnityEditor.QuickSearchModule:UnityEditor.Search:ASIAI0B -> (ImportResultId: '7d14f1ad6a907a96fb300df8d891c534') in 0.0340305 seconds
[Worker0] Imported GUID: 71dc6b22beaef4baaae84f0564fe465c - Path: Packages/com.unity.device-simulator.devices/Editor/Devices/DeviceOverlays/Xiaomi Redmi Note7_Overlay.png - Importer: ScriptedImporter/UnityEditor.QuickSearchModule:UnityEditor.Search:ASIAI0B -> (ImportResultId: '01b5a25ac4e31df565b16de18b645bd9') in 0.038083 seconds
[Worker0] Imported GUID: ab756eb8bcab14e2a92d426b2da13c06 - Path: Packages/com.unity.device-simulator.devices/Editor/Devices/Apple Ipod Touch 6th Gen.device - Importer: ScriptedImporter/UnityEditor.QuickSearchModule:UnityEditor.Search:ASIAI0B -> (ImportResultId: '8535503b7d0cdb6bda0f901bbf08a92b') in 0.0201643 seconds
Worker ready: AssetImportWorkerHW2 2
[Worker0] Imported GUID: 06124a325d53342a098428ea6f366bff - Path: Packages/com.unity.device-simulator.devices/Editor/Devices/DeviceOverlays/Samsung Galaxy Note20 Ultra 5G_Overlay.png - Importer: ScriptedImporter/UnityEditor.QuickSearchModule:UnityEditor.Search:ASIAI0B -> (ImportResultId: '512de369316540324089e7cafae453dd') in 0.042101 seconds
[Worker0] Imported GUID: 062565fd37ad7435085a295032a7a3b9 - Path: Packages/com.unity.device-simulator.devices/Editor/Devices/DeviceOverlays/Samsung Galaxy S8_Overlay.png - Importer: ScriptedImporter/UnityEditor.QuickSearchModule:UnityEditor.Search:ASIAI0B -> (ImportResultId: 'a4ecabb39f0409b66f6e4cc3d810bf6f') in 0.0371228 seconds
[Worker0] Imported GUID: e8060c79cb3f0452eb88f19ba52b06ba - Path: Packages/com.unity.device-simulator.devices/Editor/Devices/DeviceOverlays/Xiaomi Redmi 6 Pro_Overlay.png - Importer: ScriptedImporter/UnityEditor.QuickSearchModule:UnityEditor.Search:ASIAI0B -> (ImportResultId: 'd8932718170b34996605c2c96b707413') in 0.0394608 seconds
[Worker0] Imported GUID: a236d171a9e864f6da8591311392184f - Path: Packages/com.unity.device-simulator.devices/Editor/Devices/LG Nexus 5.device - Importer: ScriptedImporter/UnityEditor.QuickSearchModule:UnityEditor.Search:ASIAI0B -> (ImportResultId: '3a43dcb560da93ae19e9ff488edf7a78') in 0.0193228 seconds
[Worker0] Imported GUID: 66e7142b2e49048f984f9778a80d54a3 - Path: Packages/com.unity.device-simulator.devices/Editor/Devices/Google Nexus 4.device - Importer: ScriptedImporter/UnityEditor.QuickSearchModule:UnityEditor.Search:ASIAI0B -> (ImportResultId: '07188456fe69b0da0cb95365d7a655a5') in 0.0219999 seconds
[Worker0] Imported GUID: 370af3aa0887e4281af45044448b57e0 - Path: Packages/com.unity.device-simulator.devices/Editor/Devices/DeviceOverlays/Xiaomi MI MaX_Overlay.png - Importer: ScriptedImporter/UnityEditor.QuickSearchModule:UnityEditor.Search:ASIAI0B -> (ImportResultId: '5da785e776ec766adf57af35df89038d') in 0.0467184 seconds
[Worker0] Imported GUID: 5132d5b4707df409c8d6979b4f8b0f00 - Path: Packages/com.unity.device-simulator.devices/Editor/Devices/DeviceOverlays/Apple iPhone 8_Overlay.png - Importer: ScriptedImporter/UnityEditor.QuickSearchModule:UnityEditor.Search:ASIAI0B -> (ImportResultId: 'c2238679cc3d1540d5e9e73619238450') in 0.0415576 seconds
[Worker0] Imported GUID: 4267810b6229f4c369e545fdf0aa2381 - Path: Packages/com.unity.device-simulator.devices/Editor/Devices/DeviceOverlays/Samsung Galaxy S9_Overlay.png - Importer: ScriptedImporter/UnityEditor.QuickSearchModule:UnityEditor.Search:ASIAI0B -> (ImportResultId: 'cacf58cb686f113d43f234f26aaa7764') in 0.0373896 seconds
[Worker0] Imported GUID: d9677cc8e7be04a06a3d895c41a485f4 - Path: Packages/com.unity.device-simulator.devices/Editor/Devices/Google Pixel 2 XL.device - Importer: ScriptedImporter/UnityEditor.QuickSearchModule:UnityEditor.Search:ASIAI0B -> (ImportResultId: '7d393378f6a93cfce1b64fe71c9b6e01') in 0.0188984 seconds
[Worker0] Imported GUID: 8f88177548d354508b1d381aeb4f40a9 - Path: Packages/com.unity.device-simulator.devices/Editor/Devices/Huawei P40 Pro.device - Importer: ScriptedImporter/UnityEditor.QuickSearchModule:UnityEditor.Search:ASIAI0B -> (ImportResultId: 'fdf5dc5797abfa0d0bf5fa5075dbe192') in 0.0193762 seconds
[Worker0] Imported GUID: 1840ef1df8f4546a78fccfe48bc9209c - Path: Packages/com.unity.device-simulator.devices/Editor/Devices/Motorola Moto G7 Power.device - Importer: ScriptedImporter/UnityEditor.QuickSearchModule:UnityEditor.Search:ASIAI0B -> (ImportResultId: 'b0725920dc92e325baa193ae585bf785') in 0.0203243 seconds
[Worker0] Imported GUID: 9a5bea3fcfd6f443d9e833b5e3aef737 - Path: Packages/com.unity.device-simulator.devices/Editor/Devices/DeviceOverlays/LG Nexus 5_Overlay.png - Importer: ScriptedImporter/UnityEditor.QuickSearchModule:UnityEditor.Search:ASIAI0B -> (ImportResultId: '629e357530dd2614e8670f4bd3245388') in 0.0378007 seconds
[Worker0] Imported GUID: 6b59e80595ad7c0428a5b187644556a2 - Path: Assets/Scripts/NoteIdentifier.cs - Importer: ScriptedImporter/UnityEditor.QuickSearchModule:UnityEditor.Search:ASIAI0B -> (ImportResultId: '1ee9a6c46a2936abdcc6ea40206c6d46') in 0.0246208 seconds
[Worker0] Imported GUID: 4a3d1e023e27b4fea97084ab69aa0c4d - Path: Packages/com.unity.device-simulator.devices/Editor/Devices/DeviceOverlays/Apple iPhone 12 mini_Overlay.png - Importer: ScriptedImporter/UnityEditor.QuickSearchModule:UnityEditor.Search:ASIAI0B -> (ImportResultId: 'ea222a80ff35d0dbc074cb58cfd48314') in 0.0425906 seconds
[Worker0] Imported GUID: 504b5f9f886c0492b8f76bf60ec9fcd6 - Path: Packages/com.unity.device-simulator.devices/Editor/Devices/Google Pixel 2.device - Importer: ScriptedImporter/UnityEditor.QuickSearchModule:UnityEditor.Search:ASIAI0B -> (ImportResultId: '198f1030bf9eeab4cc97a542a3724c7b') in 0.0187577 seconds
[Worker0] Imported GUID: a57a167982b6a40f2ab0d54901339b26 - Path: Packages/com.unity.device-simulator.devices/Editor/Devices/Soony Xperia XZ Premium.device - Importer: ScriptedImporter/UnityEditor.QuickSearchModule:UnityEditor.Search:ASIAI0B -> (ImportResultId: '516176f9afbad66ba64f1d1598bb112b') in 0.0197985 seconds
[Worker0] Imported GUID: 45de6290d84c24619b879ab74fbd0887 - Path: Packages/com.unity.device-simulator.devices/Editor/Devices/DeviceOverlays/Xiaomi MI Note Pro_Overlay.png - Importer: ScriptedImporter/UnityEditor.QuickSearchModule:UnityEditor.Search:ASIAI0B -> (ImportResultId: 'b2f3e1b7c3806f1eb76f4a1e376567f5') in 0.0416017 seconds
[Worker0] Imported GUID: 18127c7029d614b9d8e2d6977450efba - Path: Packages/com.unity.device-simulator.devices/Editor/Devices/Apple iPhone 12 mini.device - Importer: ScriptedImporter/UnityEditor.QuickSearchModule:UnityEditor.Search:ASIAI0B -> (ImportResultId: '137ba0601a71b78de9bf66f3e7c54c70') in 0.0213225 seconds
[Worker0] Imported GUID: b6242b5acc21d4a25a94658b55453a29 - Path: Packages/com.unity.device-simulator.devices/Editor/Devices/DeviceOverlays/Huawei P40 Pro_Overlay.png - Importer: ScriptedImporter/UnityEditor.QuickSearchModule:UnityEditor.Search:ASIAI0B -> (ImportResultId: 'e2de4c6a2fd2817485068961afb588a9') in 0.0434224 seconds
[Worker0] Imported GUID: 88782874619ec4e0f876b6e2031e3257 - Path: Packages/com.unity.device-simulator.devices/Editor/Devices/Samsung Galaxy S10 5G.device - Importer: ScriptedImporter/UnityEditor.QuickSearchModule:UnityEditor.Search:ASIAI0B -> (ImportResultId: '956e65089f99254983ee0bb93f0be298') in 0.0210263 seconds
[Worker0] Imported GUID: ffcd6835a91184f0ebb7872620786860 - Path: Packages/com.unity.device-simulator.devices/Editor/Devices/DeviceOverlays/Google Pixel X_Overlay.png - Importer: ScriptedImporter/UnityEditor.QuickSearchModule:UnityEditor.Search:ASIAI0B -> (ImportResultId: 'f3ea782a8ff244a50f1249d34e7e3a08') in 0.0494808 seconds
[Worker0] Imported GUID: 08b5092e235e64acfa79716da5238225 - Path: Packages/com.unity.device-simulator.devices/Editor/Devices/Samsung Galaxy Z Flip3 5G.device - Importer: ScriptedImporter/UnityEditor.QuickSearchModule:UnityEditor.Search:ASIAI0B -> (ImportResultId: '0e3a492c906342e65c6617299fcbf15c') in 0.0209607 seconds
[Worker0] Imported GUID: cf367131f73c84efe89bdbfffb701055 - Path: Packages/com.unity.device-simulator.devices/Editor/Devices/Apple iPod Touch 7th Gen.device - Importer: ScriptedImporter/UnityEditor.QuickSearchModule:UnityEditor.Search:ASIAI0B -> (ImportResultId: '7a6c7f3a649af7be9f4d9cad3d846981') in 0.0187492 seconds
[Worker0] Imported GUID: 704003a70ca0c4685a4d65b7dc6185e5 - Path: Packages/com.unity.device-simulator.devices/Editor/Devices/vivo NEX 3 5G.device - Importer: ScriptedImporter/UnityEditor.QuickSearchModule:UnityEditor.Search:ASIAI0B -> (ImportResultId: '6aa4c864fa696e848fd0333a83038077') in 0.0186947 seconds
[Worker0] Imported GUID: 6e235d9abb4864f78b12260c5d2e2feb - Path: Packages/com.unity.device-simulator.devices/Editor/Devices/DeviceOverlays/Google Pixel 5_Overlay.png - Importer: ScriptedImporter/UnityEditor.QuickSearchModule:UnityEditor.Search:ASIAI0B -> (ImportResultId: '1f310e3cee133bf4ed9d06c221e19a6f') in 0.0414574 seconds
[Worker0] Imported GUID: 7d0ac44d297334b048465e3456763deb - Path: Packages/com.unity.device-simulator.devices/Editor/Devices/Soony Xperia Z2 Tablet.device - Importer: ScriptedImporter/UnityEditor.QuickSearchModule:UnityEditor.Search:ASIAI0B -> (ImportResultId: 'c94ec57c4466b4692677105821b224ed') in 0.0188973 seconds
[Worker0] Imported GUID: d36243d95705d4b5984fc99ebdb32264 - Path: Packages/com.unity.device-simulator.devices/Editor/Devices/Google Pixel X.device - Importer: ScriptedImporter/UnityEditor.QuickSearchModule:UnityEditor.Search:ASIAI0B -> (ImportResultId: '9b90543ce327bf3d0487bd71ed7b100b') in 0.0184874 seconds
[Worker0] Imported GUID: 279a3fb1138ba452d89de8a1dee3d2c2 - Path: Packages/com.unity.device-simulator.devices/Editor/Devices/Apple iPhone SE (2nd generation).device - Importer: ScriptedImporter/UnityEditor.QuickSearchModule:UnityEditor.Search:ASIAI0B -> (ImportResultId: 'b427e6f7de11e02fbb7fc0d54d060d79') in 0.0177909 seconds
[Worker0] Imported GUID: 5efc8c1a987fc4617abbdf52867d5df5 - Path: Packages/com.unity.device-simulator.devices/Editor/Devices/DeviceOverlays/Apple iPhone XS_Overlay.png - Importer: ScriptedImporter/UnityEditor.QuickSearchModule:UnityEditor.Search:ASIAI0B -> (ImportResultId: 'e6c30566e46bc83b578082a3a2597cf2') in 0.0372623 seconds
[Worker0] Imported GUID: 94a47d51ac5f341c8baba06aa96e4c4a - Path: Packages/com.unity.device-simulator.devices/Editor/Devices/Xiaomi MI Max.device - Importer: ScriptedImporter/UnityEditor.QuickSearchModule:UnityEditor.Search:ASIAI0B -> (ImportResultId: '76aa9a39881150b5e46b9cf11156744e') in 0.0180011 seconds
[Worker0] Imported GUID: 70a812495be834150921b9e5f0524cc3 - Path: Packages/com.unity.device-simulator.devices/Editor/Devices/DeviceOverlays/LG G4_Overlay.png - Importer: ScriptedImporter/UnityEditor.QuickSearchModule:UnityEditor.Search:ASIAI0B -> (ImportResultId: '04957d6541267767b17fb7defa24ecff') in 0.0373268 seconds
[Worker0] Imported GUID: 83e2847d08c1c407490013838a3637bc - Path: Packages/com.unity.device-simulator.devices/Editor/Devices/Google Pixel 3.device - Importer: ScriptedImporter/UnityEditor.QuickSearchModule:UnityEditor.Search:ASIAI0B -> (ImportResultId: 'd63f4e84331c1f305b202892d5546047') in 0.0176354 seconds
[Worker0] Imported GUID: a650681dacef746be99ec30beb0acee7 - Path: Packages/com.unity.device-simulator.devices/Editor/Devices/Apple iPad Pro 12.9 (2018).device - Importer: ScriptedImporter/UnityEditor.QuickSearchModule:UnityEditor.Search:ASIAI0B -> (ImportResultId: '10bffa3441ab178e6be98bcce544ccf1') in 0.018949 seconds
[Worker0] Imported GUID: 5f4f011d5a8e64913a54a00266580404 - Path: Packages/com.unity.device-simulator.devices/Editor/Devices/DeviceOverlays/vivo NEX 3 5G_Overlay.png - Importer: ScriptedImporter/UnityEditor.QuickSearchModule:UnityEditor.Search:ASIAI0B -> (ImportResultId: 'b7fe8d84088cb0e91193947811fd7ae0') in 0.051343 seconds
[Worker0] Imported GUID: d10d2895af4634f5f82e35ace7855106 - Path: Packages/com.unity.device-simulator.devices/Editor/Devices/Samsung Galaxy Z Fold2 5G.device - Importer: ScriptedImporter/UnityEditor.QuickSearchModule:UnityEditor.Search:ASIAI0B -> (ImportResultId: 'b2dd856b7bebee129a223873b126b260') in 0.0170336 seconds
[Worker0] Imported GUID: e4efdc5b9b7bb4e84a486299ae6f2b9a - Path: Packages/com.unity.device-simulator.devices/LICENSE.md - Importer: ScriptedImporter/UnityEditor.QuickSearchModule:UnityEditor.Search:ASIAI0B -> (ImportResultId: '9f1f2755c55b63f54cf4863380dc89f4') in 0.0439451 seconds
[Worker0] Imported GUID: dc01943e575a845289035ea526899063 - Path: Packages/com.unity.device-simulator.devices/Editor/Devices/DeviceOverlays/Apple iPad Mini 4_Overlay.png - Importer: ScriptedImporter/UnityEditor.QuickSearchModule:UnityEditor.Search:ASIAI0B -> (ImportResultId: '37aefe9cb0f2ece1e7790f97f6d7d527') in 0.0386959 seconds
[Worker0] Imported GUID: d842ab63164e042b6881a2834557be45 - Path: Packages/com.unity.device-simulator.devices/Editor/Devices/DeviceOverlays/Nvidia Shield Tablet_Overlay.png - Importer: ScriptedImporter/UnityEditor.QuickSearchModule:UnityEditor.Search:ASIAI0B -> (ImportResultId: 'b661d6cc094dde21497f037d7ec64c58') in 0.0537247 seconds
[Worker0] Imported GUID: 260b0ba254f024e9f8c54b6f67589bcc - Path: Packages/com.unity.device-simulator.devices/Editor/Devices/Xiaomi Redmi Note7.device - Importer: ScriptedImporter/UnityEditor.QuickSearchModule:UnityEditor.Search:ASIAI0B -> (ImportResultId: '063013df84b27eb12ae87a8c32527587') in 0.0184217 seconds
[Worker0] Imported GUID: cc5875dc610004890904b776d94b25d7 - Path: Packages/com.unity.device-simulator.devices/Editor/Devices/DeviceOverlays/Samsung Galaxy Note8_Overlay.png - Importer: ScriptedImporter/UnityEditor.QuickSearchModule:UnityEditor.Search:ASIAI0B -> (ImportResultId: '63e6abd49fc8ffd083f558bbe0e12340') in 0.0385909 seconds
[Worker0] Imported GUID: 99f647a9722924e0e8304095d6ad2b68 - Path: Packages/com.unity.device-simulator.devices/Editor/Devices/DeviceOverlays/Apple iPhone 12 Pro Max_Overlay.png - Importer: ScriptedImporter/UnityEditor.QuickSearchModule:UnityEditor.Search:ASIAI0B -> (ImportResultId: '1210cb6fc6df5cd23375d11e3447d6c8') in 0.0478669 seconds
[Worker0] Imported GUID: eb39befcfbf2743bf91fd131fd8d16e0 - Path: Packages/com.unity.device-simulator.devices/Editor/Devices/Samsung Galaxy S7.device - Importer: ScriptedImporter/UnityEditor.QuickSearchModule:UnityEditor.Search:ASIAI0B -> (ImportResultId: 'e5b1d5bc824461203ca44b15f22a8b2c') in 0.0192877 seconds
[Worker0] Imported GUID: 4ca40c36e99d74826a4e6a8c5648d181 - Path: Packages/com.unity.device-simulator.devices/Editor/Devices/DeviceOverlays/Google Pixel 4_Overlay.png - Importer: ScriptedImporter/UnityEditor.QuickSearchModule:UnityEditor.Search:ASIAI0B -> (ImportResultId: '11cabd391bb9027a619409c0bc79726b') in 0.0469176 seconds
[Worker0] Imported GUID: c16f8d324b4404defa62ab782f70e608 - Path: Packages/com.unity.device-simulator.devices/Editor/Devices/DeviceOverlays/Xiaomi Mi 5_Overlay.png - Importer: ScriptedImporter/UnityEditor.QuickSearchModule:UnityEditor.Search:ASIAI0B -> (ImportResultId: '7a488d95b4d939248174472a64c9da2c') in 0.0495701 seconds
[Worker0] Imported GUID: 221b7273e5f7141c695a4b4a7204def6 - Path: Packages/com.unity.device-simulator.devices/Editor/Devices/LG G4.device - Importer: ScriptedImporter/UnityEditor.QuickSearchModule:UnityEditor.Search:ASIAI0B -> (ImportResultId: '7a95fb6563e3de4bb37eb1cdb5ee5104') in 0.0180974 seconds
[Worker0] Imported GUID: e86c5269120694ac6b3f495bdbc20974 - Path: Packages/com.unity.device-simulator.devices/Editor/Devices/Samsung Galaxy Note20 Ultra 5G.device - Importer: ScriptedImporter/UnityEditor.QuickSearchModule:UnityEditor.Search:ASIAI0B -> (ImportResultId: 'b9d18e09cb4d9ba300701f0610df93a0') in 0.01893 seconds
[Worker0] Imported GUID: 7194e40d0c8644a02a2821689a7cac07 - Path: Packages/com.unity.device-simulator.devices/Editor/Devices/DeviceOverlays/HTC 10_Overlay.png - Importer: ScriptedImporter/UnityEditor.QuickSearchModule:UnityEditor.Search:ASIAI0B -> (ImportResultId: 'a4cc3df731679a9bc576b44de27cd0d1') in 0.0580896 seconds
[Worker0] Imported GUID: de7357ccf7775429899e1c82b0f3dd8c - Path: Packages/com.unity.device-simulator.devices/Editor/Devices/Nvidia Shield Tablet.device - Importer: ScriptedImporter/UnityEditor.QuickSearchModule:UnityEditor.Search:ASIAI0B -> (ImportResultId: 'f5927b5c3f0c7ba05457dcab7a2410b4') in 0.0264828 seconds
[Worker0] Imported GUID: 6e60d186f7f6845108f57f9861f5582c - Path: Packages/com.unity.device-simulator.devices/Editor/Devices/DeviceOverlays/Motorola Moto E_Overlay.png - Importer: ScriptedImporter/UnityEditor.QuickSearchModule:UnityEditor.Search:ASIAI0B -> (ImportResultId: 'f015ea77e58dd3c4d3ba574873ffb174') in 0.0463655 seconds
[Worker0] Imported GUID: d3519dd0c241141978d70a56e557753a - Path: Packages/com.unity.device-simulator.devices/Editor/Devices/DeviceOverlays/Apple iPad Pro 11_Overlay.png - Importer: ScriptedImporter/UnityEditor.QuickSearchModule:UnityEditor.Search:ASIAI0B -> (ImportResultId: 'df1379b4ffb0d1ea06aa4719e932730a') in 0.0458636 seconds
[Worker0] Imported GUID: 7365461b598d4444796af5a6c0f0e292 - Path: Packages/com.unity.device-simulator.devices/Editor/Devices/DeviceOverlays/Apple iPhone 13 Pro Max_Overlay.png - Importer: ScriptedImporter/UnityEditor.QuickSearchModule:UnityEditor.Search:ASIAI0B -> (ImportResultId: '0c19f3aab2cf0a7289be3f65b632b0ac') in 0.0341154 seconds
[Worker0] Imported GUID: bcc38a063519b4a7b871370890d39d88 - Path: Packages/com.unity.device-simulator.devices/package.json - Importer: ScriptedImporter/UnityEditor.QuickSearchModule:UnityEditor.Search:ASIAI0B -> (ImportResultId: '86360cd2ad1e439ea7acdc44cf7901ac') in 0.0348852 seconds
[Worker0] Imported GUID: 1aa81965b6ea24e14bef2ab768b212c1 - Path: Packages/com.unity.device-simulator.devices/Editor/Devices/DeviceOverlays/Samsung Galaxy Z Fold2 5G_1_Overlay.png - Importer: ScriptedImporter/UnityEditor.QuickSearchModule:UnityEditor.Search:ASIAI0B -> (ImportResultId: '62f76fd61ccfd3600632a3e90cbd90e3') in 0.0508717 seconds
[Worker0] Imported GUID: 2866a1fcdbd5d49fb8e2cc9759fa2a24 - Path: Packages/com.unity.device-simulator.devices/Editor/Devices/Apple iPad Air 2.device - Importer: ScriptedImporter/UnityEditor.QuickSearchModule:UnityEditor.Search:ASIAI0B -> (ImportResultId: 'e27831d1de9801895748a87ed1a1c1fb') in 0.0244412 seconds
[Worker0] Imported GUID: f495c9489265b4d9aa3b28c3b304373b - Path: Packages/com.unity.device-simulator.devices/Editor/Devices/Xiaomi Mi 4i.device - Importer: ScriptedImporter/UnityEditor.QuickSearchModule:UnityEditor.Search:ASIAI0B -> (ImportResultId: '3e18293d1521ae59aba1d63e2b609fe2') in 0.0261045 seconds
[Worker0] Imported GUID: 14bf9efc12bc242108dd4e2c947db50e - Path: Packages/com.unity.device-simulator.devices/Editor/Devices/HTC 10.device - Importer: ScriptedImporter/UnityEditor.QuickSearchModule:UnityEditor.Search:ASIAI0B -> (ImportResultId: '42c90749db474ae56c1b1cc0c2ba9ed3') in 0.0184063 seconds
[Worker0] Imported GUID: 955ad435a42d242aa83e72cdc68616f2 - Path: Packages/com.unity.device-simulator.devices/Editor/Devices/DeviceOverlays/Samsung Galaxy S10+_Overlay.png - Importer: ScriptedImporter/UnityEditor.QuickSearchModule:UnityEditor.Search:ASIAI0B -> (ImportResultId: '19f973208a46a2abd90824eadf636d10') in 0.0525836 seconds
[Worker0] Imported GUID: 516581ee84ac74bda916ce0cf59b95bb - Path: Packages/com.unity.device-simulator.devices/Editor/Devices/Apple iPad Air (4th generation).device - Importer: ScriptedImporter/UnityEditor.QuickSearchModule:UnityEditor.Search:ASIAI0B -> (ImportResultId: 'b68a277694a0daa778d4715d4a162c7a') in 0.0259955 seconds
[Worker0] Imported GUID: 2e8d18f06f2414304aeb607e7091f9cc - Path: Packages/com.unity.device-simulator.devices/Editor/Devices/Samsung Galaxy Note8.device - Importer: ScriptedImporter/UnityEditor.QuickSearchModule:UnityEditor.Search:ASIAI0B -> (ImportResultId: '360712b0101a561fe69ac9cdf38fbad3') in 0.0200903 seconds
[Worker0] Imported GUID: 54245c45d0440408da85ea495461a611 - Path: Packages/com.unity.device-simulator.devices/Editor/Devices/Apple iPhone 11.device - Importer: ScriptedImporter/UnityEditor.QuickSearchModule:UnityEditor.Search:ASIAI0B -> (ImportResultId: 'e4fda620c989735c2e469c024f14c7e7') in 0.0165237 seconds
[Worker0] Imported GUID: 89827f431d04d493ab3ff2a7b38254b3 - Path: Packages/com.unity.device-simulator.devices/Tests - Importer: ScriptedImporter/UnityEditor.QuickSearchModule:UnityEditor.Search:ASIAI0B -> (ImportResultId: 'f4401a06a5cb6cfb04bb03046114a98c') in 0.0161096 seconds
[Worker0] Imported GUID: e90955eb8698e43419be2632c7a67a86 - Path: Packages/com.unity.device-simulator.devices/Editor/Devices/DeviceOverlays/Soony Xperia XZ Premium_Overlay.png - Importer: ScriptedImporter/UnityEditor.QuickSearchModule:UnityEditor.Search:ASIAI0B -> (ImportResultId: '05b522bf022b0b51951fbc36e31506ac') in 0.0475766 seconds
[Worker0] Imported GUID: ff4584c40eb014342978d95bf8738c6e - Path: Packages/com.unity.device-simulator.devices/Editor/Devices/Apple iPhone 6S.device - Importer: ScriptedImporter/UnityEditor.QuickSearchModule:UnityEditor.Search:ASIAI0B -> (ImportResultId: '6fa5cd8f977cdb58fc3cb52865e2e3a3') in 0.0169142 seconds
[Worker0] Imported GUID: 8c9cfa26abfee488c85f1582747f6a02 - Path: Assets/Scenes/MainScene.unity - Importer: ScriptedImporter/UnityEditor.QuickSearchModule:UnityEditor.Search:ASIAI0B -> (ImportResultId: '8ba2a02b4d3f7cc557c48573143579a4') in 0.0185529 seconds
[Worker0] Imported GUID: bd62d2be241b443118167899e91a3fb9 - Path: Packages/com.unity.device-simulator.devices/Editor/Devices/DeviceOverlays/Apple iPad (5th generation)_Overlay.png - Importer: ScriptedImporter/UnityEditor.QuickSearchModule:UnityEditor.Search:ASIAI0B -> (ImportResultId: 'd77423fa0177d8b250cef9b0df6374f2') in 0.0465279 seconds
[Worker0] Imported GUID: 364136149c08f4ae58f62db3c2790ef4 - Path: Packages/com.unity.device-simulator.devices/Editor/Devices/Apple iPad Pro 10.15.device - Importer: ScriptedImporter/UnityEditor.QuickSearchModule:UnityEditor.Search:ASIAI0B -> (ImportResultId: 'f8a571d79b6f0f5bf8dffd0b1c269d77') in 0.0196223 seconds
[Worker0] Imported GUID: f0500d40f1b724754a2bff8e51ff4fc8 - Path: Packages/com.unity.device-simulator.devices/Editor/Devices/Apple iPhone 6.device - Importer: ScriptedImporter/UnityEditor.QuickSearchModule:UnityEditor.Search:ASIAI0B -> (ImportResultId: '7a776b7164a084d6e7b8f64770607d76') in 0.0173114 seconds
[Worker0] Imported GUID: fee5d0ced6c834604a4c1405a09a645c - Path: Packages/com.unity.device-simulator.devices/Editor/Devices - Importer: ScriptedImporter/UnityEditor.QuickSearchModule:UnityEditor.Search:ASIAI0B -> (ImportResultId: '2916d78f00a4c9469add5911f9a268cc') in 0.0156877 seconds
[Worker0] Imported GUID: e1698c50541d0434d9f0dd4bf31bdd82 - Path: Packages/com.unity.device-simulator.devices/Editor/Devices/Apple iPhone 12 Pro.device - Importer: ScriptedImporter/UnityEditor.QuickSearchModule:UnityEditor.Search:ASIAI0B -> (ImportResultId: '08af271e599bab925cd124f77a02d7b4') in 0.015513 seconds
[Worker0] Imported GUID: 78d188726e50147fa8f4526c73fcfd38 - Path: Packages/com.unity.device-simulator.devices/Editor/Devices/OnePlus 7 Pro.device - Importer: ScriptedImporter/UnityEditor.QuickSearchModule:UnityEditor.Search:ASIAI0B -> (ImportResultId: 'cc55878bc181b9f3933019274152f625') in 0.0165702 seconds
[Worker0] Imported GUID: a3a736394315c469f84f8b12261bce94 - Path: Packages/com.unity.device-simulator.devices/Editor/Devices/DeviceOverlays/Asus ROG Phone_Overlay.png - Importer: ScriptedImporter/UnityEditor.QuickSearchModule:UnityEditor.Search:ASIAI0B -> (ImportResultId: 'cfbd0de1432a0029ad0e7095ec39e725') in 0.0470709 seconds
[Worker0] Imported GUID: caeb8f3e5854b4e6eba3d8193822a393 - Path: Packages/com.unity.device-simulator.devices/Editor/Devices/Apple iPhone 12 Pro Max.device - Importer: ScriptedImporter/UnityEditor.QuickSearchModule:UnityEditor.Search:ASIAI0B -> (ImportResultId: 'da95ed4fd4fe8f900056d8404115e092') in 0.0192837 seconds
[Worker0] Imported GUID: 2046d430d87744c7288a178d1a9adff9 - Path: Packages/com.unity.device-simulator.devices/Editor/Devices/DeviceOverlays/Soony Xperia Z2 Tablet_Overlay.png - Importer: ScriptedImporter/UnityEditor.QuickSearchModule:UnityEditor.Search:ASIAI0B -> (ImportResultId: '194ec91eddd778fcf08902b2612d96ca') in 0.0437467 seconds
[Worker0] Imported GUID: 48e08a7f1faf3497b9587d1a0076c319 - Path: Packages/com.unity.device-simulator.devices/Tests/Editor - Importer: ScriptedImporter/UnityEditor.QuickSearchModule:UnityEditor.Search:ASIAI0B -> (ImportResultId: 'c7e240c03e7f86a59dfbb2b4e3d4474b') in 0.0155873 seconds
[Worker0] Imported GUID: 997c426cacf98423db26a760b2e903a7 - Path: Packages/com.unity.device-simulator.devices/Editor/Devices/DeviceOverlays/OnePlus 6T_Overlay.png - Importer: ScriptedImporter/UnityEditor.QuickSearchModule:UnityEditor.Search:ASIAI0B -> (ImportResultId: '877fadd4c248c47ace029e0e652d45ef') in 0.0495899 seconds
[Worker0] Imported GUID: bb6fe1eb2ad76444689953049baf368d - Path: Packages/com.unity.device-simulator.devices/CHANGELOG.md - Importer: ScriptedImporter/UnityEditor.QuickSearchModule:UnityEditor.Search:ASIAI0B -> (ImportResultId: '69dc35176be0871519c23d0cb8412c63') in 0.0314391 seconds
[Worker0] Imported GUID: a90f610f1686e43b1846096d7de04af9 - Path: Packages/com.unity.device-simulator.devices/Tests/Editor/DeviceConfigValidation.cs - Importer: ScriptedImporter/UnityEditor.QuickSearchModule:UnityEditor.Search:ASIAI0B -> (ImportResultId: 'f5bd918cf3340f5c0f0017dbd3844b0f') in 0.0177821 seconds
[Worker0] Imported GUID: 254bea8317f4c460d99b8bc95042fdad - Path: Packages/com.unity.device-simulator.devices/Editor/Devices/Xiaomi Mi 5.device - Importer: ScriptedImporter/UnityEditor.QuickSearchModule:UnityEditor.Search:ASIAI0B -> (ImportResultId: 'c7936a143f3a74169dffb9e1d53670d9') in 0.0204989 seconds
[Worker0] Imported GUID: 99920abe3d2f246b0b40c4af7bfc7bdf - Path: Packages/com.unity.device-simulator.devices/Editor/Devices/DeviceOverlays/Google Pixel 2_Overlay.png - Importer: ScriptedImporter/UnityEditor.QuickSearchModule:UnityEditor.Search:ASIAI0B -> (ImportResultId: 'b9b1d86499c4298ee5fe7212b2aea308') in 0.0417036 seconds
[Worker0] Imported GUID: 273c834534f114f699adcbf4284dd265 - Path: Packages/com.unity.device-simulator.devices/Editor/Devices/DeviceOverlays/Samsung Galaxy S7_Overlay.png - Importer: ScriptedImporter/UnityEditor.QuickSearchModule:UnityEditor.Search:ASIAI0B -> (ImportResultId: 'bfb027cca414e47668d9af6427dbc677') in 0.0391532 seconds
[Worker0] Imported GUID: 5d9843470c9474c8596fc213adf00cd5 - Path: Packages/com.unity.device-simulator.devices/Editor/Devices/Apple iPad Mini 2.device - Importer: ScriptedImporter/UnityEditor.QuickSearchModule:UnityEditor.Search:ASIAI0B -> (ImportResultId: 'ee2c9f95324062577a5c89718638f488') in 0.0166634 seconds
[Worker0] Imported GUID: d9cf67830131345019e7040ce5d4f412 - Path: Packages/com.unity.device-simulator.devices/Editor/Devices/Lenovo Phab2 Pro.device - Importer: ScriptedImporter/UnityEditor.QuickSearchModule:UnityEditor.Search:ASIAI0B -> (ImportResultId: 'b2b884b96eab9b312e8628cf68faf955') in 0.0181508 seconds
[Worker0] Imported GUID: fc948800c3ec84a6f9ccf1edb7303685 - Path: Packages/com.unity.device-simulator.devices/Editor/Devices/DeviceOverlays/Huawei P9_Overlay.png - Importer: ScriptedImporter/UnityEditor.QuickSearchModule:UnityEditor.Search:ASIAI0B -> (ImportResultId: 'a3b7d3406cd3f73e8b329f3a1642b614') in 0.0432223 seconds
[Worker0] Imported GUID: cf3601b59ce19432e903da2538e50126 - Path: Packages/com.unity.device-simulator.devices/Editor/Devices/Samsung Galaxy S10+.device - Importer: ScriptedImporter/UnityEditor.QuickSearchModule:UnityEditor.Search:ASIAI0B -> (ImportResultId: 'cd7f9429e43a6641b72c05024d5cb089') in 0.0169951 seconds
[Worker0] Imported GUID: 3437b0a49473742d39710dc765a546c4 - Path: Packages/com.unity.device-simulator.devices/Editor/Devices/Apple iPhone 8 Plus.device - Importer: ScriptedImporter/UnityEditor.QuickSearchModule:UnityEditor.Search:ASIAI0B -> (ImportResultId: '8e032cee1d471c329d1450e7823863eb') in 0.0186363 seconds
[Worker0] Imported GUID: b787db8022e524e38b5d625bbc3af9b8 - Path: Packages/com.unity.device-simulator.devices/Editor/Devices/DeviceOverlays/Apple iPad Pro 10.15_Overlay.png - Importer: ScriptedImporter/UnityEditor.QuickSearchModule:UnityEditor.Search:ASIAI0B -> (ImportResultId: '4339cc5c6421ace4b4d08259cd3fdbd2') in 0.0454694 seconds
[Worker0] Imported GUID: 28231978c00b04390bb662c9e734fe39 - Path: Packages/com.unity.device-simulator.devices/Editor/Devices/Xiaomi Redmi 6 Pro.device - Importer: ScriptedImporter/UnityEditor.QuickSearchModule:UnityEditor.Search:ASIAI0B -> (ImportResultId: '2a9bd86a00ae0fc630647af07ea134b4') in 0.0190738 seconds
[Worker0] Imported GUID: cb221f1d7509b457197cbc6666fc6361 - Path: Packages/com.unity.device-simulator.devices/Editor/Devices/DeviceOverlays/Xiaomi Mi 4i_Overlay.png - Importer: ScriptedImporter/UnityEditor.QuickSearchModule:UnityEditor.Search:ASIAI0B -> (ImportResultId: 'ad35f9af4d694c46b8a327df75107d6a') in 0.0473611 seconds
[Worker0] Imported GUID: 43102b033926b47d898245670417b07e - Path: Packages/com.unity.device-simulator.devices/Editor/Devices/Apple iPad 6th Gen.device - Importer: ScriptedImporter/UnityEditor.QuickSearchModule:UnityEditor.Search:ASIAI0B -> (ImportResultId: '32330e381e14746e4fb4268a74b4361a') in 0.016744 seconds
[Worker0] Imported GUID: 8d0f4f2cf491c4db9ab88910d70080eb - Path: Packages/com.unity.device-simulator.devices/Editor/Devices/DeviceOverlays/Razer Phone_Overlay.png - Importer: ScriptedImporter/UnityEditor.QuickSearchModule:UnityEditor.Search:ASIAI0B -> (ImportResultId: '6e07f5fb08cb652999a95bfc8a2c9f14') in 0.0529101 seconds
[Worker0] Imported GUID: 3e0aa665e7163407c91fe5c3ba0f1b75 - Path: Packages/com.unity.device-simulator.devices/Editor/Devices/DeviceOverlays/Apple iPhone XS Max_Overlay.png - Importer: ScriptedImporter/UnityEditor.QuickSearchModule:UnityEditor.Search:ASIAI0B -> (ImportResultId: 'd4aa5cee87e0e841131c4209b80ca17e') in 0.0438374 seconds
[Worker0] Imported GUID: d2ba4e425913b44b28c405de3052ed00 - Path: Packages/com.unity.device-simulator.devices/Editor/Devices/Samsung Galaxy J7 (2017).device - Importer: ScriptedImporter/UnityEditor.QuickSearchModule:UnityEditor.Search:ASIAI0B -> (ImportResultId: '560074310bf8893a1176c9bda8fe7374') in 0.0166552 seconds
[Worker0] Imported GUID: 96adde0d08970497797cbd82f872dfda - Path: Packages/com.unity.device-simulator.devices/Editor/Devices/DeviceOverlays/Samsung Galaxy Note9_Overlay.png - Importer: ScriptedImporter/UnityEditor.QuickSearchModule:UnityEditor.Search:ASIAI0B -> (ImportResultId: '905a3b99c388449a93f5d5677fe2b67a') in 0.0486702 seconds
[Worker0] Imported GUID: 0c7a6e2f11c4f406c810ef56f2a5d77b - Path: Packages/com.unity.device-simulator.devices/Editor/Devices/DeviceOverlays/Samsung Galaxy Note10+ 5G_Overlay.png - Importer: ScriptedImporter/UnityEditor.QuickSearchModule:UnityEditor.Search:ASIAI0B -> (ImportResultId: 'b676b8eeb33ddd819acf23c822a9ccaf') in 0.04074 seconds
[Worker0] Imported GUID: b83324161be2e419c9803ad3bee1743b - Path: Packages/com.unity.device-simulator.devices/Editor/Devices/DeviceOverlays/Apple iPhone 13 Pro_Overlay.png - Importer: ScriptedImporter/UnityEditor.QuickSearchModule:UnityEditor.Search:ASIAI0B -> (ImportResultId: '5c608cc23e9fb27fa8042e10aaeced74') in 0.0444685 seconds
[Worker0] Imported GUID: e2e530d060cf246d18f0f60856cebb00 - Path: Packages/com.unity.device-simulator.devices/Editor/Devices/DeviceOverlays/Google Nexus 4_Overlay.png - Importer: ScriptedImporter/UnityEditor.QuickSearchModule:UnityEditor.Search:ASIAI0B -> (ImportResultId: 'b0fe71977ccdf98a97f1513af5c24614') in 0.0479916 seconds
[Worker0] Imported GUID: 4ec9861b5c38346c3a708eb80adc442c - Path: Packages/com.unity.device-simulator.devices/Editor/Devices/DeviceOverlays/Samsung Galaxy Z Fold2 5G_2_Overlay.png - Importer: ScriptedImporter/UnityEditor.QuickSearchModule:UnityEditor.Search:ASIAI0B -> (ImportResultId: '48a64d2f8da1db57a2cc7749cd1cde24') in 0.0472165 seconds
TrimDiskCacheJob: Current cache size 0mb
Asset Pipeline Refresh (id=d716a61dfdf4d3446943aa71981e1147): Total: 0.005 seconds - Initiated by RefreshV2(AllowForceSynchronousImport)
Asset Pipeline Refresh (id=b5acee5739f642445bd91d45996b8399): Total: 0.005 seconds - Initiated by RefreshV2(AllowForceSynchronousImport)
Asset Pipeline Refresh (id=23ce3b0eacdbcb74a8f9fc5c527924f2): Total: 0.006 seconds - Initiated by RefreshV2(AllowForceSynchronousImport)
Asset Pipeline Refresh (id=3ac75ce9e036d8c42a984b339e484cc4): Total: 0.007 seconds - Initiated by RefreshV2(AllowForceSynchronousImport)
GetVirtualKey: Could not map char: z (122) to any virtual key
GetVirtualKey: Could not map char: y (121) to any virtual key
GetVirtualKey: Could not map char: x (120) to any virtual key
GetVirtualKey: Could not map char: c (99) to any virtual key
GetVirtualKey: Could not map char: v (118) to any virtual key
GetVirtualKey: Could not map char: V (86) to any virtual key
GetVirtualKey: Could not map char: d (100) to any virtual key
GetVirtualKey: Could not map char: f (102) to any virtual key
GetVirtualKey: Could not map char: f (102) to any virtual key
GetVirtualKey: Could not map char: a (97) to any virtual key
GetVirtualKey: Could not map char: d (100) to any virtual key
GetVirtualKey: Could not map char: c (99) to any virtual key
GetVirtualKey: Could not map char: r (114) to any virtual key
GetVirtualKey: Could not map char: i (105) to any virtual key
GetVirtualKey: Could not map char: l (108) to any virtual key
GetVirtualKey: Could not map char: f (102) to any virtual key
GetVirtualKey: Could not map char: k (107) to any virtual key
GetVirtualKey: Could not map char: p (112) to any virtual key
GetVirtualKey: Could not map char: p (112) to any virtual key
GetVirtualKey: Could not map char: p (112) to any virtual key
GetVirtualKey: Could not map char: c (99) to any virtual key
GetVirtualKey: Could not map char: r (114) to any virtual key
GetVirtualKey: Could not map char: P (80) to any virtual key
GetVirtualKey: Could not map char: n (110) to any virtual key
GetVirtualKey: Could not map char: n (110) to any virtual key
GetVirtualKey: Could not map char: g (103) to any virtual key
GetVirtualKey: Could not map char: f (102) to any virtual key
GetVirtualKey: Could not map char: f (102) to any virtual key
GetVirtualKey: Could not map char: a (97) to any virtual key
GetVirtualKey: Could not map char: a (97) to any virtual key
GetVirtualKey: Could not map char: c (99) to any virtual key
GetVirtualKey: Could not map char: u (117) to any virtual key
GetVirtualKey: Could not map char: n (110) to any virtual key
GetVirtualKey: Could not map char: o (111) to any virtual key
GetVirtualKey: Could not map char: s (115) to any virtual key
GetVirtualKey: Could not map char: s (115) to any virtual key
GetVirtualKey: Could not map char: b (98) to any virtual key
GetVirtualKey: Could not map char: b (98) to any virtual key
GetVirtualKey: Could not map char: x (120) to any virtual key
GetVirtualKey: Could not map char: c (99) to any virtual key
GetVirtualKey: Could not map char: v (118) to any virtual key
GetVirtualKey: Could not map char: d (100) to any virtual key
GetVirtualKey: Could not map char: n (110) to any virtual key
Request Asset Garbage Collect because used heap size increased from 423.9 MB to 0.67 GB, exceeding the threshold of 256.0 MB.
Unloading 25 Unused Serialized files (Serialized files now loaded: 0)
Unloading 108 unused Assets / (17.2 MB). Loaded Objects now: 9601.
Memory consumption went from 0.67 GB to 0.65 GB.
Total: 25.809000 ms (FindLiveObjects: 0.588400 ms CreateObjectMapping: 1.263300 ms MarkObjects: 18.436500 ms  DeleteObjects: 5.519100 ms)

[ScriptCompilation] Requested script compilation because: AssetDatabase observed changes in script compilation related files
Refreshing native plugins compatible for Editor in 3.46 ms, found 5 plugins.

Asset Pipeline Refresh (id=e314886cadfa6e847ac75393ddf84a47): Total: 0.446 seconds - Initiated by RefreshV2(NoUpdateAssetOptions)
	(Values over 0.05ms)
	Summary:
		Imports: total=0 (actual=0, local cache=0, cache server=0)
		Asset DB Process Time: managed=0 ms, native=255 ms
		Asset DB Callback time: managed=170 ms, native=18 ms
		Scripting: domain reloads=0, domain reload time=0 ms, compile time=2 ms, other=0 ms
		Project Asset Count: scripts=1551, non-scripts=3230
		Asset File Changes: new=0, changed=1, moved=0, deleted=0
		Scan Filter Count: 0
	ApplyChangesToAssetFolders: 0.229ms
	Scan: 59.305ms
	Collect global state as custom dependencies: 0.203ms
	OnSourceAssetsModified: 3.364ms
	CategorizeScriptCompilationAssets: 0.091ms
	ProcessAssetsWithTransientArtifactChanges: 0.585ms
	CategorizeAssets: 44.568ms
	CompileScripts: 1.700ms
	ImportOutOfDateAssets: 132.288ms (21.736ms without children)
		ReloadNativeAssets: 0.101ms
		UnloadImportedAssets: 0.411ms
		EnsureUptoDateAssetsAreRegisteredWithGuidPM: 1.488ms
		ImportSchedulerStart: 108.523ms
	PostProcessAllAssets: 178.772ms
		XRBuildSystem.XRAssetImported 5.981ms
		PostProcessCallbackCreateDeferredMaterials 0.083ms
		ObjectImages.AssetImported 0.068ms
		MonoPostProcessAllAssets: 168.255ms
			AssetPostprocessor.OnPostprocessAllAssets 108.223ms
			SpriteSlicePostprocessor.OnPostprocessAllAssets 10.401ms
			ShaderGraphAssetPostProcessor.OnPostprocessAllAssets 4.045ms
			RetainedModeAssetPostprocessor.OnPostprocessAllAssets 3.207ms
			BuilderAssetPostprocessor.OnPostprocessAllAssets 2.913ms
			SpriteEditorTexturePostprocessor.OnPostprocessAllAssets 2.631ms
			TMPro_TexturePostProcessor.OnPostprocessAllAssets 2.353ms
			MaterialPostprocessor.OnPostprocessAllAssets 2.041ms
			SyncVS.PostprocessSyncProject 1.798ms
			AssetProcessor.OnPostprocessAllAssets 1.569ms
			UVCSAssetPostprocessor.OnPostprocessAllAssets 1.442ms
			InputActionJsonNameModifierAssetProcessor.OnPostprocessAllAssets 1.323ms
			AudioMixerPostprocessor.OnPostprocessAllAssets 1.319ms
			ArtifactBrowserPostProcessor.OnPostprocessAllAssets 1.169ms
			SampleDependencyImporterPostProcessor.OnPostprocessAllAssets 1.132ms
			TextAssetPostProcessor.OnPostprocessAllAssets 1.094ms
			AssetChangedListener.OnPostprocessAllAssets 1.010ms
			SpriteShapeAssetPostProcessor.OnPostprocessAllAssets 0.993ms
			AssetEvents.OnPostprocessAllAssets 0.953ms
			SpriteLibraryAssetPostprocessor.OnPostprocessAllAssets 0.899ms
			StyleCatalogPostProcessor.OnPostprocessAllAssets 0.810ms
			PostProcessor.OnPostprocessAllAssets 0.797ms
			ConfigAssetsTracker.OnPostprocessAllAssets 0.686ms
			ScenarioDriftAssetsTracker.OnPostprocessAllAssets 0.662ms
			SamplePostprocessor.OnPostprocessAllAssets 0.659ms
			PSDImportPostProcessor.OnPostprocessAllAssets 0.584ms
			PSDImporterAssetPostProcessor.OnPostprocessAllAssets 0.465ms
			SpeedTreePostProcessor.OnPostprocessAllAssets 0.426ms
			AudioContainerPostProcessor.OnPostprocessAllAssets 0.272ms
			RenderPipelineGlobalSettingsPostprocessor.OnPostprocessAllAssets 0.210ms
			InputActionAssetPostprocessor.OnPostprocessAllAssets 0.068ms
			UniversalRenderPipelineGlobalSettingsPostprocessor.OnPostprocessAllAssets 0.053ms
	PostAssetChangesProfiler: 7.415ms
	GatherAllCurrentPrimaryImportResultRevisions: 0.471ms
	UnloadStreamsBegin: 3.231ms
	PersistCurrentRevisions: 0.467ms
	Untracked: 13.179ms

[Licensing::Client] Successfully resolved entitlement details
info: Microsoft.AspNetCore.Hosting.Diagnostics[1]
      Request starting HTTP/2 POST http://ilpp/UnityILPP.PostProcessing/Ping - application/grpc -
info: Microsoft.AspNetCore.Routing.EndpointMiddleware[0]
      Executing endpoint 'gRPC - /UnityILPP.PostProcessing/Ping'
info: Microsoft.AspNetCore.Routing.EndpointMiddleware[1]
      Executed endpoint 'gRPC - /UnityILPP.PostProcessing/Ping'
info: Microsoft.AspNetCore.Hosting.Diagnostics[2]
      Request finished HTTP/2 POST http://ilpp/UnityILPP.PostProcessing/Ping - 200 - application/grpc 1.8385ms
Starting: D:\UNITY\Installs\6000.5.4f1\Editor\Data\Tools\BuildPipeline\bee_backend.exe --ipc --defer-dag-verification --dagfile="Library/Bee/1300b0aE.dag" --continue-on-failure --profile="Library/Bee/backend1.traceevents" ScriptAssemblies
WorkingDir: D:/UNITY/MyProjects/ari-tuner/AriTuner
[Licensing::Client] Successfully resolved entitlement details
info: Microsoft.AspNetCore.Hosting.Diagnostics[1]
      Request starting HTTP/2 POST http://ilpp/UnityILPP.PostProcessing/ConfigurePostProcessors - application/grpc -
info: Microsoft.AspNetCore.Routing.EndpointMiddleware[0]
      Executing endpoint 'gRPC - /UnityILPP.PostProcessing/ConfigurePostProcessors'
info: Unity.ILPP.Runner.PostProcessingAssemblyLoadContext[0]
      Current configuration matches the requested one, skipping
info: Microsoft.AspNetCore.Routing.EndpointMiddleware[1]
      Executed endpoint 'gRPC - /UnityILPP.PostProcessing/ConfigurePostProcessors'
info: Microsoft.AspNetCore.Hosting.Diagnostics[2]
      Request finished HTTP/2 POST http://ilpp/UnityILPP.PostProcessing/ConfigurePostProcessors - 200 - application/grpc 14.2907ms
info: Microsoft.AspNetCore.Hosting.Diagnostics[1]
      Request starting HTTP/2 POST http://ilpp/UnityILPP.PostProcessing/PostProcessAssembly - application/grpc -
info: Microsoft.AspNetCore.Routing.EndpointMiddleware[0]
      Executing endpoint 'gRPC - /UnityILPP.PostProcessing/PostProcessAssembly'
info: Unity.ILPP.Runner.PostProcessingPipeline[0]
      Processing assembly Library/Bee/artifacts/1300b0aE.dag/Assembly-CSharp.dll, with 150 defines and 352 references
info: Unity.ILPP.Runner.PostProcessingPipeline[0]
      processors: Unity.Jobs.CodeGen.JobsILPostProcessor, zzzUnity.Burst.CodeGen.BurstILPostProcessor
info: Unity.ILPP.Runner.PostProcessingPipeline[0]
      running Unity.Jobs.CodeGen.JobsILPostProcessor
info: Unity.ILPP.Runner.PostProcessingAssemblyLoadContext[0]
      Resolved Unity.Collections, Version=0.0.0.0, Culture=neutral, PublicKeyToken=null with Library\Bee\artifacts\1300b0aE.dag\Unity.Collections.dll
[Worker2] Imported GUID: 6b59e80595ad7c0428a5b187644556a2 - Path: Assets/Scripts/NoteIdentifier.cs - Importer: ScriptedImporter/UnityEditor.QuickSearchModule:UnityEditor.Search:ASIAI0B -> (ImportResultId: '3801ee8643f27ca46ccf881ee8784b86') in 1.3539777 seconds
info: Unity.ILPP.Runner.PostProcessingAssemblyLoadContext[0]
      Resolved UnityEditor.CoreModule, Version=0.0.0.0, Culture=neutral, PublicKeyToken=null with D:\UNITY\Installs\6000.5.4f1\Editor\Data\Managed\UnityEngine\UnityEditor.CoreModule.dll
info: Unity.ILPP.Runner.PostProcessingAssemblyLoadContext[0]
      Resolved UnityEngine.CoreModule, Version=0.0.0.0, Culture=neutral, PublicKeyToken=null with D:\UNITY\Installs\6000.5.4f1\Editor\Data\Managed\UnityEngine\UnityEngine.CoreModule.dll
info: Unity.ILPP.Runner.PostProcessingAssemblyLoadContext[0]
      Resolved Unity.Scripting, Version=0.0.0.0, Culture=neutral, PublicKeyToken=null with D:\UNITY\Installs\6000.5.4f1\Editor\Data\Managed\UnityEngine\Unity.Scripting.dll
info: Unity.ILPP.Runner.PostProcessingPipeline[0]
      running zzzUnity.Burst.CodeGen.BurstILPostProcessor
info: Unity.ILPP.Runner.PostProcessingAssemblyLoadContext[0]
      Resolved Unity.Burst.Cecil.Rocks, Version=0.11.6.0, Culture=neutral, PublicKeyToken=50cebf1cceb9d05e with Library\PackageCache\com.unity.burst@6bb9aca3ef38\Unity.Burst.CodeGen\Unity.Burst.Cecil.Rocks.dll
info: Microsoft.AspNetCore.Routing.EndpointMiddleware[1]
      Executed endpoint 'gRPC - /UnityILPP.PostProcessing/PostProcessAssembly'
info: Microsoft.AspNetCore.Hosting.Diagnostics[2]
      Request finished HTTP/2 POST http://ilpp/UnityILPP.PostProcessing/PostProcessAssembly - 200 - application/grpc 4047.4533ms
ExitCode: 0 Duration: 4s817ms
[ 859/1104  0s] ILPP-Configuration Library/ilpp-configuration.nevergeneratedoutput
[1100/1104  0s] Csc Library/Bee/artifacts/1300b0aE.dag/Assembly-CSharp.dll (+2 others)
[1101/1104  4s] ILPostProcess Library/Bee/artifacts/1300b0aE.dag/post-processed/Assembly-CSharp.dll (+pdb)
Processing assembly Library/Bee/artifacts/1300b0aE.dag/Assembly-CSharp.dll, with 150 defines and 352 references

processors: Unity.Jobs.CodeGen.JobsILPostProcessor, zzzUnity.Burst.CodeGen.BurstILPostProcessor

running Unity.Jobs.CodeGen.JobsILPostProcessor

running zzzUnity.Burst.CodeGen.BurstILPostProcessor
[1102/1104  0s] CopyFiles Library/ScriptAssemblies/Assembly-CSharp.pdb
[1103/1104  0s] CopyFiles Library/ScriptAssemblies/Assembly-CSharp.dll
*** Tundra build success (4.77 seconds), 5 items updated, 1104 evaluated
Reloading assemblies after forced synchronous recompile.
Attempted to call .Dispose on an already disposed CancellationTokenSource
Begin MonoManager ReloadAssembly
Native extension for Android target not found
Native extension for UWP target not found
Native extension for WindowsStandalone target not found
[MODES] ModeService[none].Initialize
[MODES] ModeService[none].LoadModes
ScheduleIndexationOnStartup MainProcess:True IndexOnStartup:True
Mono: successfully reloaded assembly
- Finished resetting the current domain, in  2.557 seconds
Domain Reload Profiling: 4344ms
	BeginReloadAssembly (1338ms)
		DisableScriptedObjects (226ms)
		CreateAndSetChildDomain (833ms)
	RebuildCommonClasses (11ms)
	RebuildNativeTypeToScriptingClass (15ms)
	initialDomainReloadingComplete (51ms)
	LoadAllAssembliesAndSetupDomain (370ms)
		LoadAssemblies (132ms)
		AnalyzeDomain (216ms)
			TypeCache.Refresh (11ms)
			BuildScriptInfoCaches (193ms)
			ResolveRequiredComponents (9ms)
	FinalizeReload (2558ms)
		SetupLoadedEditorAssemblies (0ms)
			InitializePlatformSupportModulesInManaged (14ms)
			BeforeProcessingInitializeOnLoad (202ms)
			ProcessInitializeOnLoadAttributes (408ms)
			ProcessInitializeOnLoadMethodAttributes (169ms)
		AwakeInstancesAfterBackupRestoration (1232ms)

Asset Pipeline Refresh (id=a3d722d32a8559c4b9847058d40c74ec): Total: 6.224 seconds - Initiated by RefreshV2(AllowForceSynchronousImport)
	(Values over 0.05ms)
	Summary:
		Imports: total=0 (actual=0, local cache=0, cache server=0)
		Asset DB Process Time: managed=0 ms, native=2758 ms
		Asset DB Callback time: managed=29 ms, native=1 ms
		Scripting: domain reloads=1, domain reload time=1837 ms, compile time=1597 ms, other=0 ms
		Project Asset Count: scripts=1551, non-scripts=3230
		Asset File Changes: new=0, changed=0, moved=0, deleted=0
		Scan Filter Count: 0
	InvokePackagesCallback: 2.634ms
	ApplyChangesToAssetFolders: 0.369ms
	Collect global state as custom dependencies: 4.798ms
	ProcessAssetsWithTransientArtifactChanges: 4.420ms
	CategorizeAssets: 67.069ms
	CompileScripts: 1596.540ms
	ImportOutOfDateAssets: 2618.610ms (2572.637ms without children)
		CollectScriptTypesHashes: 5.226ms
		ReloadNativeAssets: 1.653ms
		UnloadImportedAssets: 1.804ms
		EnsureUptoDateAssetsAreRegisteredWithGuidPM: 0.902ms
		ImportSchedulerStart: 41.585ms
	PostProcessAllAssets: 29.732ms
		MonoPostProcessAllAssets: 29.726ms
			AssetPostprocessor.OnPostprocessAllAssets 108.223ms
			SpriteSlicePostprocessor.OnPostprocessAllAssets 10.401ms
			UniversalRenderPipelineGlobalSettingsPostprocessor.OnPostprocessAllAssets 9.870ms
			ShaderGraphAssetPostProcessor.OnPostprocessAllAssets 4.045ms
			RetainedModeAssetPostprocessor.OnPostprocessAllAssets 3.207ms
			SyncVS.PostprocessSyncProject 3.093ms
			BuilderAssetPostprocessor.OnPostprocessAllAssets 2.913ms
			SpriteEditorTexturePostprocessor.OnPostprocessAllAssets 2.631ms
			TMPro_TexturePostProcessor.OnPostprocessAllAssets 2.353ms
			MaterialPostprocessor.OnPostprocessAllAssets 2.041ms
			WindowAssetPostprocessingWatcher.OnPostprocessAllAssets 2.027ms
			SpeedTree9Postprocessor.OnPostprocessAllAssets 1.957ms
			AssetProcessor.OnPostprocessAllAssets 1.569ms
			UVCSAssetPostprocessor.OnPostprocessAllAssets 1.442ms
			InputActionJsonNameModifierAssetProcessor.OnPostprocessAllAssets 1.323ms
			AudioMixerPostprocessor.OnPostprocessAllAssets 1.319ms
			ArtifactBrowserPostProcessor.OnPostprocessAllAssets 1.169ms
			SampleDependencyImporterPostProcessor.OnPostprocessAllAssets 1.132ms
			TextAssetPostProcessor.OnPostprocessAllAssets 1.094ms
			AssetChangedListener.OnPostprocessAllAssets 1.010ms
			SpriteShapeAssetPostProcessor.OnPostprocessAllAssets 0.993ms
			EditModeScopePostprocessor.OnPostprocessAllAssets 0.971ms
			AssetEvents.OnPostprocessAllAssets 0.953ms
			SpriteLibraryAssetPostprocessor.OnPostprocessAllAssets 0.899ms
			StyleCatalogPostProcessor.OnPostprocessAllAssets 0.810ms
			PostProcessor.OnPostprocessAllAssets 0.797ms
			RenderPipelineGlobalSettingsPostprocessor.OnPostprocessAllAssets 0.748ms
			ConfigAssetsTracker.OnPostprocessAllAssets 0.686ms
			ScenarioDriftAssetsTracker.OnPostprocessAllAssets 0.662ms
			SamplePostprocessor.OnPostprocessAllAssets 0.659ms
			PSDImportPostProcessor.OnPostprocessAllAssets 0.584ms
			PSDImporterAssetPostProcessor.OnPostprocessAllAssets 0.465ms
			SpeedTreePostProcessor.OnPostprocessAllAssets 0.426ms
			ShaderReflectionAssetPostProcessor.OnPostprocessAllAssets 0.359ms
			ReferencedClipsPostProcessor.OnPostprocessAllAssets 0.288ms
			InputActionAssetPostprocessor.OnPostprocessAllAssets 0.287ms
			AudioContainerPostProcessor.OnPostprocessAllAssets 0.272ms
			ProjectSettingsPostprocessor.OnPostprocessAllAssets 0.209ms
			AssetDatabaseCallbacks.OnPostprocessAllAssets 0.153ms
			TerrainToolbarOverlayPostProcessor.OnPostprocessAllAssets 0.149ms
	GatherAllCurrentPrimaryImportResultRevisions: 0.395ms
	PersistCurrentRevisions: 0.186ms
	GenerateScriptTypeHashes: 6.659ms
	GenerateScriptTypeSerializationHashes: 10.250ms
	Untracked: 1891.426ms

[Licensing::Client] Successfully resolved entitlement details
[Licensing::Client] Successfully resolved entitlement details
Asset Pipeline Refresh (id=001c511a257076043bf7392eec2da93c): Total: 0.004 seconds - Initiated by RefreshV2(AllowForceSynchronousImport)
[Licensing::Client] Successfully resolved entitlement details
[ScriptCompilation] Requested script compilation because: AssetDatabase observed changes in script compilation related files
Refreshing native plugins compatible for Editor in 7.41 ms, found 5 plugins.

Asset Pipeline Refresh (id=139b4b5e40801994da142a6a94ca8bb4): Total: 0.329 seconds - Initiated by RefreshV2(NoUpdateAssetOptions)
	(Values over 0.05ms)
	Summary:
		Imports: total=0 (actual=0, local cache=0, cache server=0)
		Asset DB Process Time: managed=0 ms, native=226 ms
		Asset DB Callback time: managed=89 ms, native=12 ms
		Scripting: domain reloads=0, domain reload time=0 ms, compile time=2 ms, other=0 ms
		Project Asset Count: scripts=1551, non-scripts=3230
		Asset File Changes: new=0, changed=1, moved=0, deleted=0
		Scan Filter Count: 0
	ApplyChangesToAssetFolders: 0.312ms
	Scan: 41.098ms
	Collect global state as custom dependencies: 0.162ms
	OnSourceAssetsModified: 2.091ms
	CategorizeScriptCompilationAssets: 0.074ms
	ProcessAssetsWithTransientArtifactChanges: 0.358ms
	CategorizeAssets: 41.698ms
	CompileScripts: 1.597ms
	ImportOutOfDateAssets: 127.368ms (22.537ms without children)
		ReloadNativeAssets: 0.140ms
		UnloadImportedAssets: 0.663ms
		EnsureUptoDateAssetsAreRegisteredWithGuidPM: 1.733ms
		ImportSchedulerStart: 102.262ms
	PostProcessAllAssets: 89.590ms
		XRBuildSystem.XRAssetImported 1.091ms
		PostProcessCallbackCreateDeferredMaterials 0.074ms
		MonoPostProcessAllAssets: 87.123ms
			BuilderAssetPostprocessor.OnPostprocessAllAssets 19.110ms
			AssetChangedListener.OnPostprocessAllAssets 16.463ms
			AssetPostprocessor.OnPostprocessAllAssets 12.405ms
			SpriteSlicePostprocessor.OnPostprocessAllAssets 6.264ms
			ShaderGraphAssetPostProcessor.OnPostprocessAllAssets 4.262ms
			RetainedModeAssetPostprocessor.OnPostprocessAllAssets 3.479ms
			TMPro_TexturePostProcessor.OnPostprocessAllAssets 2.225ms
			SpriteEditorTexturePostprocessor.OnPostprocessAllAssets 1.727ms
			MaterialPostprocessor.OnPostprocessAllAssets 1.428ms
			UVCSAssetPostprocessor.OnPostprocessAllAssets 1.337ms
			SampleDependencyImporterPostProcessor.OnPostprocessAllAssets 1.139ms
			SyncVS.PostprocessSyncProject 1.112ms
			ArtifactBrowserPostProcessor.OnPostprocessAllAssets 1.086ms
			TextAssetPostProcessor.OnPostprocessAllAssets 1.030ms
			AudioMixerPostprocessor.OnPostprocessAllAssets 0.915ms
			PostProcessor.OnPostprocessAllAssets 0.791ms
			InputActionJsonNameModifierAssetProcessor.OnPostprocessAllAssets 0.778ms
			SpriteShapeAssetPostProcessor.OnPostprocessAllAssets 0.728ms
			StyleCatalogPostProcessor.OnPostprocessAllAssets 0.715ms
			ScenarioDriftAssetsTracker.OnPostprocessAllAssets 0.641ms
			ConfigAssetsTracker.OnPostprocessAllAssets 0.577ms
			SpriteLibraryAssetPostprocessor.OnPostprocessAllAssets 0.562ms
			AssetEvents.OnPostprocessAllAssets 0.537ms
			SamplePostprocessor.OnPostprocessAllAssets 0.455ms
			SpeedTreePostProcessor.OnPostprocessAllAssets 0.423ms
			PSDImportPostProcessor.OnPostprocessAllAssets 0.341ms
			InputActionAssetPostprocessor.OnPostprocessAllAssets 0.290ms
			PSDImporterAssetPostProcessor.OnPostprocessAllAssets 0.224ms
			RenderPipelineGlobalSettingsPostprocessor.OnPostprocessAllAssets 0.213ms
			AudioContainerPostProcessor.OnPostprocessAllAssets 0.199ms
			AssetProcessor.OnPostprocessAllAssets 0.193ms
	PostAssetChangesProfiler: 9.759ms
	GatherAllCurrentPrimaryImportResultRevisions: 0.968ms
	PersistCurrentRevisions: 0.519ms
	Untracked: 13.663ms

[Licensing::Client] Successfully resolved entitlement details
info: Microsoft.AspNetCore.Hosting.Diagnostics[1]
      Request starting HTTP/2 POST http://ilpp/UnityILPP.PostProcessing/Ping - application/grpc -
info: Microsoft.AspNetCore.Routing.EndpointMiddleware[0]
      Executing endpoint 'gRPC - /UnityILPP.PostProcessing/Ping'
info: Microsoft.AspNetCore.Routing.EndpointMiddleware[1]
      Executed endpoint 'gRPC - /UnityILPP.PostProcessing/Ping'
info: Microsoft.AspNetCore.Hosting.Diagnostics[2]
      Request finished HTTP/2 POST http://ilpp/UnityILPP.PostProcessing/Ping - 200 - application/grpc 0.4125ms
Starting: D:\UNITY\Installs\6000.5.4f1\Editor\Data\Tools\BuildPipeline\bee_backend.exe --ipc --defer-dag-verification --dagfile="Library/Bee/1300b0aE.dag" --continue-on-failure --profile="Library/Bee/backend1.traceevents" ScriptAssemblies
WorkingDir: D:/UNITY/MyProjects/ari-tuner/AriTuner
[Licensing::Client] Successfully resolved entitlement details
info: Microsoft.AspNetCore.Hosting.Diagnostics[1]
      Request starting HTTP/2 POST http://ilpp/UnityILPP.PostProcessing/ConfigurePostProcessors - application/grpc -
info: Microsoft.AspNetCore.Routing.EndpointMiddleware[0]
      Executing endpoint 'gRPC - /UnityILPP.PostProcessing/ConfigurePostProcessors'
info: Unity.ILPP.Runner.PostProcessingAssemblyLoadContext[0]
      Current configuration matches the requested one, skipping
info: Microsoft.AspNetCore.Routing.EndpointMiddleware[1]
      Executed endpoint 'gRPC - /UnityILPP.PostProcessing/ConfigurePostProcessors'
info: Microsoft.AspNetCore.Hosting.Diagnostics[2]
      Request finished HTTP/2 POST http://ilpp/UnityILPP.PostProcessing/ConfigurePostProcessors - 200 - application/grpc 1.7830ms
ExitCode: 3 Duration: 0s440ms
[ 859/1104  0s] ILPP-Configuration Library/ilpp-configuration.nevergeneratedoutput
[1100/1104  0s] Csc Library/Bee/artifacts/1300b0aE.dag/Assembly-CSharp.dll (+2 others)
##### CommandLine
"D:\UNITY\Installs\6000.5.4f1\Editor\Data\DotNetSdk\dotnet.exe" exec "D:/UNITY/Installs/6000.5.4f1/Editor/Data/DotNetSdk/sdk/8.0.318/Roslyn/bincore/csc.dll" /nostdlib /noconfig /shared "@Library/Bee/artifacts/1300b0aE.dag/Assembly-CSharp.rsp" "@Library/Bee/artifacts/1300b0aE.dag/Assembly-CSharp.rsp2"
##### Contents of Library\Bee\artifacts\1300b0aE.dag\Assembly-CSharp.rsp
-target:library
-out:"Library/Bee/artifacts/1300b0aE.dag/Assembly-CSharp.dll"
-refout:"Library/Bee/artifacts/1300b0aE.dag/Assembly-CSharp.ref.dll"
-define:UNITY_6000_5_4
-define:UNITY_6000_5
-define:UNITY_6000
-define:UNITY_5_3_OR_NEWER
-define:UNITY_5_4_OR_NEWER
-define:UNITY_5_5_OR_NEWER
-define:UNITY_5_6_OR_NEWER
-define:UNITY_2017_1_OR_NEWER
-define:UNITY_2017_2_OR_NEWER
-define:UNITY_2017_3_OR_NEWER
-define:UNITY_2017_4_OR_NEWER
-define:UNITY_2018_1_OR_NEWER
-define:UNITY_2018_2_OR_NEWER
-define:UNITY_2018_3_OR_NEWER
-define:UNITY_2018_4_OR_NEWER
-define:UNITY_2019_1_OR_NEWER
-define:UNITY_2019_2_OR_NEWER
-define:UNITY_2019_3_OR_NEWER
-define:UNITY_2019_4_OR_NEWER
-define:UNITY_2020_1_OR_NEWER
-define:UNITY_2020_2_OR_NEWER
-define:UNITY_2020_3_OR_NEWER
-define:UNITY_2021_1_OR_NEWER
-define:UNITY_2021_2_OR_NEWER
-define:UNITY_2021_3_OR_NEWER
-define:UNITY_2022_1_OR_NEWER
-define:UNITY_2022_2_OR_NEWER
-define:UNITY_2022_3_OR_NEWER
-define:UNITY_2023_1_OR_NEWER
-define:UNITY_2023_2_OR_NEWER
-define:UNITY_2023_3_OR_NEWER
-define:UNITY_6000_0_OR_NEWER
-define:UNITY_6000_1_OR_NEWER
-define:UNITY_6000_2_OR_NEWER
-define:UNITY_6000_3_OR_NEWER
-define:UNITY_6000_4_OR_NEWER
-define:UNITY_6000_5_OR_NEWER
-define:UNITY_INCLUDE_TESTS
-define:ENABLE_AR
-define:ENABLE_AUDIO
-define:ENABLE_AUDIO_SCRIPTABLE_PIPELINE
-define:ENABLE_CACHING
-define:ENABLE_CLOTH
-define:ENABLE_EVENT_QUEUE
-define:ENABLE_MICROPHONE
-define:ENABLE_MULTIPLE_DISPLAYS
-define:ENABLE_PHYSICS
-define:ENABLE_TEXTURE_STREAMING
-define:ENABLE_LZMA
-define:ENABLE_UNITYEVENTS
-define:ENABLE_VR
-define:ENABLE_WEBCAM
-define:ENABLE_UNITYWEBREQUEST
-define:ENABLE_WWW
-define:ENABLE_CLOUD_SERVICES
-define:ENABLE_CLOUD_SERVICES_ADS
-define:ENABLE_CLOUD_SERVICES_USE_WEBREQUEST
-define:ENABLE_UNITY_CONSENT
-define:ENABLE_UNITY_CLOUD_IDENTIFIERS
-define:ENABLE_CLOUD_SERVICES_CRASH_REPORTING
-define:ENABLE_CLOUD_SERVICES_NATIVE_CRASH_REPORTING
-define:ENABLE_CLOUD_SERVICES_PURCHASING
-define:ENABLE_CLOUD_SERVICES_ANALYTICS
-define:ENABLE_CLOUD_SERVICES_BUILD
-define:ENABLE_EDITOR_GAME_SERVICES
-define:ENABLE_UNITY_GAME_SERVICES_ANALYTICS_SUPPORT
-define:ENABLE_CLOUD_LICENSE
-define:ENABLE_EDITOR_HUB_LICENSE
-define:ENABLE_WEBSOCKET_CLIENT
-define:ENABLE_GENERATE_NATIVE_PLUGINS_FOR_ASSEMBLIES_API
-define:ENABLE_DIRECTOR_AUDIO
-define:ENABLE_DIRECTOR_TEXTURE
-define:ENABLE_MANAGED_JOBS
-define:ENABLE_MANAGED_TRANSFORM_JOBS
-define:ENABLE_MANAGED_ANIMATION_JOBS
-define:ENABLE_MANAGED_AUDIO_JOBS
-define:ENABLE_ENGINE_CODE_STRIPPING
-define:ENABLE_ONSCREEN_KEYBOARD
-define:ENABLE_MANAGED_UNITYTLS
-define:INCLUDE_DYNAMIC_GI
-define:ENABLE_SCRIPTING_GC_WBARRIERS
-define:PLATFORM_SUPPORTS_MONO
-define:ENABLE_MARSHALLING_TESTS
-define:ENABLE_VIDEO
-define:ENABLE_NAVIGATION_OFFMESHLINK_TO_NAVMESHLINK
-define:ENABLE_ACCELERATOR_CLIENT_DEBUGGING
-define:ENABLE_ACCESSIBILITY_SCREEN_READER
-define:ENABLE_ACCESSIBILITY_SETTINGS
-define:TEXTCORE_1_0_OR_NEWER
-define:EDITOR_ONLY_NAVMESH_BUILDER_DEPRECATED
-define:PLATFORM_ANDROID
-define:UNITY_ANDROID
-define:UNITY_ANDROID_API
-define:ENABLE_EGL
-define:ENABLE_NETWORK
-define:ENABLE_RUNTIME_GI
-define:ENABLE_CRUNCH_TEXTURE_COMPRESSION
-define:ENABLE_CLOUD_SERVICES_ENGINE_DIAGNOSTICS
-define:ENABLE_FIREBASE_IDENTIFIERS
-define:UNITY_CAN_SHOW_SPLASH_SCREEN
-define:UNITY_HAS_GOOGLEVR
-define:UNITY_HAS_TANGO
-define:ENABLE_SPATIALTRACKING
-define:ENABLE_ETC_COMPRESSION
-define:PLATFORM_EXTENDS_VULKAN_DEVICE
-define:PLATFORM_HAS_MULTIPLE_SWAPCHAINS
-define:UNITY_ANDROID_SUPPORTS_SHADOWFILES
-define:PLATFORM_UPDATES_TIME_OUTSIDE_OF_PLAYER_LOOP
-define:PLATFORM_EXTENDS_VULKAN_PIPELINE_CACHE
-define:PLATFORM_SUPPORTS_SPLIT_GRAPHICS_JOBS
-define:PLATFORM_HAS_ADDITIONAL_API_CHECKS
-define:PLATFORM_HAS_GRAPHICS_JOBS_SUPPORT_CHECK_OVERRIDE
-define:PLATFORM_IMPLEMENTS_INSIGHTS_ANR
-define:PLATFORM_SUPPORTS_INSIGHTS_DEVICE_INFO
-define:ENABLE_ANDROID_ADVERTISING_IDS
-define:PLATFORM_HAS_BUGGY_MSAA_RESOLVE
-define:ENABLE_ANDROID_APP_SET_ID
-define:ENABLE_INSIGHTS_PLATFORM_SPECIFIC_RESOURCES
-define:PLATFORM_REQUIRES_TETHERED_VULKAN_COMMAND_POOL
-define:ENABLE_UNITYADS_RUNTIME
-define:UNITY_UNITYADS_API
-define:ENABLE_MONO
-define:NET_STANDARD_2_0
-define:NET_STANDARD
-define:NET_STANDARD_2_1
-define:NETSTANDARD
-define:NETSTANDARD2_1
-define:ENABLE_PROFILER
-define:DEBUG
-define:TRACE
-define:UNITY_ASSERTIONS
-define:UNITY_EDITOR
-define:UNITY_EDITOR_64
-define:UNITY_EDITOR_WIN
-define:ENABLE_UNITY_COLLECTIONS_CHECKS
-define:ENABLE_BURST_AOT
-define:UNITY_TEAM_LICENSE
-define:ENABLE_CUSTOM_RENDER_TEXTURE
-define:ENABLE_DIRECTOR
-define:ENABLE_LOCALIZATION
-define:ENABLE_SPRITES
-define:ENABLE_TERRAIN
-define:ENABLE_TILEMAP
-define:ENABLE_TIMELINE
-define:ENABLE_INPUT_SYSTEM
-define:TEXTCORE_FONT_ENGINE_1_5_OR_NEWER
-define:TEXTCORE_TEXT_ENGINE_1_5_OR_NEWER
-define:TEXTCORE_FONT_ENGINE_1_6_OR_NEWER
-define:CSHARP_7_OR_LATER
-define:CSHARP_7_3_OR_NEWER
-r:"D:/UNITY/Installs/6000.5.4f1/Editor/Data/BCLExtensions/TargetingPacks/netstandard2.1/ref/Microsoft.Bcl.AsyncInterfaces.dll"
-r:"D:/UNITY/Installs/6000.5.4f1/Editor/Data/BCLExtensions/TargetingPacks/netstandard2.1/ref/Microsoft.Extensions.DependencyInjection.Abstractions.dll"
-r:"D:/UNITY/Installs/6000.5.4f1/Editor/Data/BCLExtensions/TargetingPacks/netstandard2.1/ref/Microsoft.Extensions.Logging.Abstractions.dll"
-r:"D:/UNITY/Installs/6000.5.4f1/Editor/Data/BCLExtensions/TargetingPacks/netstandard2.1/ref/System.Collections.Immutable.dll"
-r:"D:/UNITY/Installs/6000.5.4f1/Editor/Data/BCLExtensions/TargetingPacks/netstandard2.1/ref/System.Diagnostics.DiagnosticSource.dll"
-r:"D:/UNITY/Installs/6000.5.4f1/Editor/Data/BCLExtensions/TargetingPacks/netstandard2.1/ref/System.IO.Hashing.dll"
-r:"D:/UNITY/Installs/6000.5.4f1/Editor/Data/BCLExtensions/TargetingPacks/netstandard2.1/ref/System.Reflection.Metadata.dll"
-r:"D:/UNITY/Installs/6000.5.4f1/Editor/Data/BCLExtensions/TargetingPacks/netstandard2.1/ref/System.Runtime.CompilerServices.Unsafe.dll"
-r:"D:/UNITY/Installs/6000.5.4f1/Editor/Data/BCLExtensions/TargetingPacks/netstandard2.1/ref/System.Text.Encodings.Web.dll"
-r:"D:/UNITY/Installs/6000.5.4f1/Editor/Data/BCLExtensions/TargetingPacks/netstandard2.1/ref/System.Text.Json.dll"
-r:"D:/UNITY/Installs/6000.5.4f1/Editor/Data/Managed/UnityEngine/Unity.Scripting.dll"
-r:"D:/UNITY/Installs/6000.5.4f1/Editor/Data/Managed/UnityEngine/UnityEditor.AIModule.dll"
-r:"D:/UNITY/Installs/6000.5.4f1/Editor/Data/Managed/UnityEngine/UnityEditor.AccessibilityModule.dll"
-r:"D:/UNITY/Installs/6000.5.4f1/Editor/Data/Managed/UnityEngine/UnityEditor.AdaptivePerformanceModule.dll"
-r:"D:/UNITY/Installs/6000.5.4f1/Editor/Data/Managed/UnityEngine/UnityEditor.AssetComplianceModule.dll"
-r:"D:/UNITY/Installs/6000.5.4f1/Editor/Data/Managed/UnityEngine/UnityEditor.BuildProfileModule.dll"
-r:"D:/UNITY/Installs/6000.5.4f1/Editor/Data/Managed/UnityEngine/UnityEditor.ClothModule.dll"
-r:"D:/UNITY/Installs/6000.5.4f1/Editor/Data/Managed/UnityEngine/UnityEditor.ContentLoadModule.dll"
-r:"D:/UNITY/Installs/6000.5.4f1/Editor/Data/Managed/UnityEngine/UnityEditor.CoreBusinessMetricsModule.dll"
-r:"D:/UNITY/Installs/6000.5.4f1/Editor/Data/Managed/UnityEngine/UnityEditor.CoreModule.dll"
-r:"D:/UNITY/Installs/6000.5.4f1/Editor/Data/Managed/UnityEngine/UnityEditor.DeviceSimulatorModule.dll"
-r:"D:/UNITY/Installs/6000.5.4f1/Editor/Data/Managed/UnityEngine/UnityEditor.DiagnosticsModule.dll"
-r:"D:/UNITY/Installs/6000.5.4f1/Editor/Data/Managed/UnityEngine/UnityEditor.EditorToolbarModule.dll"
-r:"D:/UNITY/Installs/6000.5.4f1/Editor/Data/Managed/UnityEngine/UnityEditor.EmbreeModule.dll"
-r:"D:/UNITY/Installs/6000.5.4f1/Editor/Data/Managed/UnityEngine/UnityEditor.GIModule.dll"
-r:"D:/UNITY/Installs/6000.5.4f1/Editor/Data/Managed/UnityEngine/UnityEditor.GenericRemoteModule.dll"
-r:"D:/UNITY/Installs/6000.5.4f1/Editor/Data/Managed/UnityEngine/UnityEditor.GraphToolkitModule.dll"
-r:"D:/UNITY/Installs/6000.5.4f1/Editor/Data/Managed/UnityEngine/UnityEditor.GraphViewModule.dll"
-r:"D:/UNITY/Installs/6000.5.4f1/Editor/Data/Managed/UnityEngine/UnityEditor.GraphicsStateCollectionSerializerModule.dll"
-r:"D:/UNITY/Installs/6000.5.4f1/Editor/Data/Managed/UnityEngine/UnityEditor.GridAndSnapModule.dll"
-r:"D:/UNITY/Installs/6000.5.4f1/Editor/Data/Managed/UnityEngine/UnityEditor.GridModule.dll"
-r:"D:/UNITY/Installs/6000.5.4f1/Editor/Data/Managed/UnityEngine/UnityEditor.HierarchyModule.dll"
-r:"D:/UNITY/Installs/6000.5.4f1/Editor/Data/Managed/UnityEngine/UnityEditor.LightingModule.dll"
-r:"D:/UNITY/Installs/6000.5.4f1/Editor/Data/Managed/UnityEngine/UnityEditor.MathematicsModule.dll"
-r:"D:/UNITY/Installs/6000.5.4f1/Editor/Data/Managed/UnityEngine/UnityEditor.MediaModule.dll"
-r:"D:/UNITY/Installs/6000.5.4f1/Editor/Data/Managed/UnityEngine/UnityEditor.MultiplayerModule.dll"
-r:"D:/UNITY/Installs/6000.5.4f1/Editor/Data/Managed/UnityEngine/UnityEditor.Physics2DModule.dll"
-r:"D:/UNITY/Installs/6000.5.4f1/Editor/Data/Managed/UnityEngine/UnityEditor.PhysicsCore2DModule.dll"
-r:"D:/UNITY/Installs/6000.5.4f1/Editor/Data/Managed/UnityEngine/UnityEditor.PhysicsModule.dll"
-r:"D:/UNITY/Installs/6000.5.4f1/Editor/Data/Managed/UnityEngine/UnityEditor.PlayModeModule.dll"
-r:"D:/UNITY/Installs/6000.5.4f1/Editor/Data/Managed/UnityEngine/UnityEditor.PresetsUIModule.dll"
-r:"D:/UNITY/Installs/6000.5.4f1/Editor/Data/Managed/UnityEngine/UnityEditor.ProjectAuditorModule.dll"
-r:"D:/UNITY/Installs/6000.5.4f1/Editor/Data/Managed/UnityEngine/UnityEditor.PropertiesModule.dll"
-r:"D:/UNITY/Installs/6000.5.4f1/Editor/Data/Managed/UnityEngine/UnityEditor.QuickInstallModule.dll"
-r:"D:/UNITY/Installs/6000.5.4f1/Editor/Data/Managed/UnityEngine/UnityEditor.QuickSearchModule.dll"
-r:"D:/UNITY/Installs/6000.5.4f1/Editor/Data/Managed/UnityEngine/UnityEditor.SafeModeModule.dll"
-r:"D:/UNITY/Installs/6000.5.4f1/Editor/Data/Managed/UnityEngine/UnityEditor.SceneTemplateModule.dll"
-r:"D:/UNITY/Installs/6000.5.4f1/Editor/Data/Managed/UnityEngine/UnityEditor.SceneViewModule.dll"
-r:"D:/UNITY/Installs/6000.5.4f1/Editor/Data/Managed/UnityEngine/UnityEditor.ShaderBuildSettingsModule.dll"
-r:"D:/UNITY/Installs/6000.5.4f1/Editor/Data/Managed/UnityEngine/UnityEditor.ShaderCompilationModule.dll"
-r:"D:/UNITY/Installs/6000.5.4f1/Editor/Data/Managed/UnityEngine/UnityEditor.ShaderFoundryModule.dll"
-r:"D:/UNITY/Installs/6000.5.4f1/Editor/Data/Managed/UnityEngine/UnityEditor.SketchUpModule.dll"
-r:"D:/UNITY/Installs/6000.5.4f1/Editor/Data/Managed/UnityEngine/UnityEditor.SpriteMaskModule.dll"
-r:"D:/UNITY/Installs/6000.5.4f1/Editor/Data/Managed/UnityEngine/UnityEditor.SpriteShapeModule.dll"
-r:"D:/UNITY/Installs/6000.5.4f1/Editor/Data/Managed/UnityEngine/UnityEditor.SubstanceModule.dll"
-r:"D:/UNITY/Installs/6000.5.4f1/Editor/Data/Managed/UnityEngine/UnityEditor.TerrainModule.dll"
-r:"D:/UNITY/Installs/6000.5.4f1/Editor/Data/Managed/UnityEngine/UnityEditor.TextCoreFontEngineModule.dll"
-r:"D:/UNITY/Installs/6000.5.4f1/Editor/Data/Managed/UnityEngine/UnityEditor.TextCoreTextEngineModule.dll"
-r:"D:/UNITY/Installs/6000.5.4f1/Editor/Data/Managed/UnityEngine/UnityEditor.TextRenderingModule.dll"
-r:"D:/UNITY/Installs/6000.5.4f1/Editor/Data/Managed/UnityEngine/UnityEditor.TilemapModule.dll"
-r:"D:/UNITY/Installs/6000.5.4f1/Editor/Data/Managed/UnityEngine/UnityEditor.TreeModule.dll"
-r:"D:/UNITY/Installs/6000.5.4f1/Editor/Data/Managed/UnityEngine/UnityEditor.U2DModule.dll"
-r:"D:/UNITY/Installs/6000.5.4f1/Editor/Data/Managed/UnityEngine/UnityEditor.UIAutomationModule.dll"
-r:"D:/UNITY/Installs/6000.5.4f1/Editor/Data/Managed/UnityEngine/UnityEditor.UIBuilderModule.dll"
-r:"D:/UNITY/Installs/6000.5.4f1/Editor/Data/Managed/UnityEngine/UnityEditor.UIElementsModule.dll"
-r:"D:/UNITY/Installs/6000.5.4f1/Editor/Data/Managed/UnityEngine/UnityEditor.UIElementsSamplesModule.dll"
-r:"D:/UNITY/Installs/6000.5.4f1/Editor/Data/Managed/UnityEngine/UnityEditor.UIToolkitAuthoringModule.dll"
-r:"D:/UNITY/Installs/6000.5.4f1/Editor/Data/Managed/UnityEngine/UnityEditor.UmbraModule.dll"
-r:"D:/UNITY/Installs/6000.5.4f1/Editor/Data/Managed/UnityEngine/UnityEditor.UnityConnectModule.dll"
-r:"D:/UNITY/Installs/6000.5.4f1/Editor/Data/Managed/UnityEngine/UnityEditor.VFXModule.dll"
-r:"D:/UNITY/Installs/6000.5.4f1/Editor/Data/Managed/UnityEngine/UnityEditor.VectorGraphicsModule.dll"
-r:"D:/UNITY/Installs/6000.5.4f1/Editor/Data/Managed/UnityEngine/UnityEditor.VideoModule.dll"
-r:"D:/UNITY/Installs/6000.5.4f1/Editor/Data/Managed/UnityEngine/UnityEditor.XRModule.dll"
-r:"D:/UNITY/Installs/6000.5.4f1/Editor/Data/Managed/UnityEngine/UnityEditor.dll"
-r:"D:/UNITY/Installs/6000.5.4f1/Editor/Data/Managed/UnityEngine/UnityEngine.AIModule.dll"
-r:"D:/UNITY/Installs/6000.5.4f1/Editor/Data/Managed/UnityEngine/UnityEngine.ARModule.dll"
-r:"D:/UNITY/Installs/6000.5.4f1/Editor/Data/Managed/UnityEngine/UnityEngine.AccessibilityModule.dll"
-r:"D:/UNITY/Installs/6000.5.4f1/Editor/Data/Managed/UnityEngine/UnityEngine.AdaptivePerformanceModule.dll"
-r:"D:/UNITY/Installs/6000.5.4f1/Editor/Data/Managed/UnityEngine/UnityEngine.AndroidJNIModule.dll"
-r:"D:/UNITY/Installs/6000.5.4f1/Editor/Data/Managed/UnityEngine/UnityEngine.AnimationModule.dll"
-r:"D:/UNITY/Installs/6000.5.4f1/Editor/Data/Managed/UnityEngine/UnityEngine.AssetBundleModule.dll"
-r:"D:/UNITY/Installs/6000.5.4f1/Editor/Data/Managed/UnityEngine/UnityEngine.AudioModule.dll"
-r:"D:/UNITY/Installs/6000.5.4f1/Editor/Data/Managed/UnityEngine/UnityEngine.ClothModule.dll"
-r:"D:/UNITY/Installs/6000.5.4f1/Editor/Data/Managed/UnityEngine/UnityEngine.ContentLoadModule.dll"
-r:"D:/UNITY/Installs/6000.5.4f1/Editor/Data/Managed/UnityEngine/UnityEngine.CoreModule.dll"
-r:"D:/UNITY/Installs/6000.5.4f1/Editor/Data/Managed/UnityEngine/UnityEngine.CrashReportingModule.dll"
-r:"D:/UNITY/Installs/6000.5.4f1/Editor/Data/Managed/UnityEngine/UnityEngine.DSPGraphModule.dll"
-r:"D:/UNITY/Installs/6000.5.4f1/Editor/Data/Managed/UnityEngine/UnityEngine.DirectorModule.dll"
-r:"D:/UNITY/Installs/6000.5.4f1/Editor/Data/Managed/UnityEngine/UnityEngine.GIModule.dll"
-r:"D:/UNITY/Installs/6000.5.4f1/Editor/Data/Managed/UnityEngine/UnityEngine.GameCenterModule.dll"
-r:"D:/UNITY/Installs/6000.5.4f1/Editor/Data/Managed/UnityEngine/UnityEngine.GraphicsStateCollectionSerializerModule.dll"
-r:"D:/UNITY/Installs/6000.5.4f1/Editor/Data/Managed/UnityEngine/UnityEngine.GridModule.dll"
-r:"D:/UNITY/Installs/6000.5.4f1/Editor/Data/Managed/UnityEngine/UnityEngine.HierarchyCoreModule.dll"
-r:"D:/UNITY/Installs/6000.5.4f1/Editor/Data/Managed/UnityEngine/UnityEngine.HotReloadModule.dll"
-r:"D:/UNITY/Installs/6000.5.4f1/Editor/Data/Managed/UnityEngine/UnityEngine.IMGUIModule.dll"
-r:"D:/UNITY/Installs/6000.5.4f1/Editor/Data/Managed/UnityEngine/UnityEngine.IdentifiersModule.dll"
-r:"D:/UNITY/Installs/6000.5.4f1/Editor/Data/Managed/UnityEngine/UnityEngine.ImageConversionModule.dll"
-r:"D:/UNITY/Installs/6000.5.4f1/Editor/Data/Managed/UnityEngine/UnityEngine.InputForUIModule.dll"
-r:"D:/UNITY/Installs/6000.5.4f1/Editor/Data/Managed/UnityEngine/UnityEngine.InputLegacyModule.dll"
-r:"D:/UNITY/Installs/6000.5.4f1/Editor/Data/Managed/UnityEngine/UnityEngine.InputModule.dll"
-r:"D:/UNITY/Installs/6000.5.4f1/Editor/Data/Managed/UnityEngine/UnityEngine.InsightsModule.dll"
-r:"D:/UNITY/Installs/6000.5.4f1/Editor/Data/Managed/UnityEngine/UnityEngine.JSONSerializeModule.dll"
-r:"D:/UNITY/Installs/6000.5.4f1/Editor/Data/Managed/UnityEngine/UnityEngine.LocalizationModule.dll"
-r:"D:/UNITY/Installs/6000.5.4f1/Editor/Data/Managed/UnityEngine/UnityEngine.MarshallingModule.dll"
-r:"D:/UNITY/Installs/6000.5.4f1/Editor/Data/Managed/UnityEngine/UnityEngine.MathematicsModule.dll"
-r:"D:/UNITY/Installs/6000.5.4f1/Editor/Data/Managed/UnityEngine/UnityEngine.MultiplayerModule.dll"
-r:"D:/UNITY/Installs/6000.5.4f1/Editor/Data/Managed/UnityEngine/UnityEngine.ParticleSystemModule.dll"
-r:"D:/UNITY/Installs/6000.5.4f1/Editor/Data/Managed/UnityEngine/UnityEngine.PerformanceReportingModule.dll"
-r:"D:/UNITY/Installs/6000.5.4f1/Editor/Data/Managed/UnityEngine/UnityEngine.Physics2DModule.dll"
-r:"D:/UNITY/Installs/6000.5.4f1/Editor/Data/Managed/UnityEngine/UnityEngine.PhysicsBackendPhysXModule.dll"
-r:"D:/UNITY/Installs/6000.5.4f1/Editor/Data/Managed/UnityEngine/UnityEngine.PhysicsCore2DModule.dll"
-r:"D:/UNITY/Installs/6000.5.4f1/Editor/Data/Managed/UnityEngine/UnityEngine.PhysicsModule.dll"
-r:"D:/UNITY/Installs/6000.5.4f1/Editor/Data/Managed/UnityEngine/UnityEngine.PropertiesModule.dll"
-r:"D:/UNITY/Installs/6000.5.4f1/Editor/Data/Managed/UnityEngine/UnityEngine.RenderAs2DModule.dll"
-r:"D:/UNITY/Installs/6000.5.4f1/Editor/Data/Managed/UnityEngine/UnityEngine.RuntimeInitializeOnLoadManagerInitializerModule.dll"
-r:"D:/UNITY/Installs/6000.5.4f1/Editor/Data/Managed/UnityEngine/UnityEngine.ScreenCaptureModule.dll"
-r:"D:/UNITY/Installs/6000.5.4f1/Editor/Data/Managed/UnityEngine/UnityEngine.ScriptingModule.dll"
-r:"D:/UNITY/Installs/6000.5.4f1/Editor/Data/Managed/UnityEngine/UnityEngine.ShaderVariantAnalyticsModule.dll"
-r:"D:/UNITY/Installs/6000.5.4f1/Editor/Data/Managed/UnityEngine/UnityEngine.SharedInternalsModule.dll"
-r:"D:/UNITY/Installs/6000.5.4f1/Editor/Data/Managed/UnityEngine/UnityEngine.SpriteMaskModule.dll"
-r:"D:/UNITY/Installs/6000.5.4f1/Editor/Data/Managed/UnityEngine/UnityEngine.SpriteShapeModule.dll"
-r:"D:/UNITY/Installs/6000.5.4f1/Editor/Data/Managed/UnityEngine/UnityEngine.StreamingModule.dll"
-r:"D:/UNITY/Installs/6000.5.4f1/Editor/Data/Managed/UnityEngine/UnityEngine.SubstanceModule.dll"
-r:"D:/UNITY/Installs/6000.5.4f1/Editor/Data/Managed/UnityEngine/UnityEngine.SubsystemsModule.dll"
-r:"D:/UNITY/Installs/6000.5.4f1/Editor/Data/Managed/UnityEngine/UnityEngine.TLSModule.dll"
-r:"D:/UNITY/Installs/6000.5.4f1/Editor/Data/Managed/UnityEngine/UnityEngine.TerrainModule.dll"
-r:"D:/UNITY/Installs/6000.5.4f1/Editor/Data/Managed/UnityEngine/UnityEngine.TerrainPhysicsModule.dll"
-r:"D:/UNITY/Installs/6000.5.4f1/Editor/Data/Managed/UnityEngine/UnityEngine.TextCoreFontEngineModule.dll"
-r:"D:/UNITY/Installs/6000.5.4f1/Editor/Data/Managed/UnityEngine/UnityEngine.TextCoreTextEngineModule.dll"
-r:"D:/UNITY/Installs/6000.5.4f1/Editor/Data/Managed/UnityEngine/UnityEngine.TextRenderingModule.dll"
-r:"D:/UNITY/Installs/6000.5.4f1/Editor/Data/Managed/UnityEngine/UnityEngine.TilemapModule.dll"
-r:"D:/UNITY/Installs/6000.5.4f1/Editor/Data/Managed/UnityEngine/UnityEngine.U2DRuntimeModule.dll"
-r:"D:/UNITY/Installs/6000.5.4f1/Editor/Data/Managed/UnityEngine/UnityEngine.UIElementsModule.dll"
-r:"D:/UNITY/Installs/6000.5.4f1/Editor/Data/Managed/UnityEngine/UnityEngine.UIModule.dll"
-r:"D:/UNITY/Installs/6000.5.4f1/Editor/Data/Managed/UnityEngine/UnityEngine.UmbraModule.dll"
-r:"D:/UNITY/Installs/6000.5.4f1/Editor/Data/Managed/UnityEngine/UnityEngine.UnityAnalyticsCommonModule.dll"
-r:"D:/UNITY/Installs/6000.5.4f1/Editor/Data/Managed/UnityEngine/UnityEngine.UnityAnalyticsModule.dll"
-r:"D:/UNITY/Installs/6000.5.4f1/Editor/Data/Managed/UnityEngine/UnityEngine.UnityConnectModule.dll"
-r:"D:/UNITY/Installs/6000.5.4f1/Editor/Data/Managed/UnityEngine/UnityEngine.UnityConsentModule.dll"
-r:"D:/UNITY/Installs/6000.5.4f1/Editor/Data/Managed/UnityEngine/UnityEngine.UnityCurlModule.dll"
-r:"D:/UNITY/Installs/6000.5.4f1/Editor/Data/Managed/UnityEngine/UnityEngine.UnityWebRequestAssetBundleModule.dll"
-r:"D:/UNITY/Installs/6000.5.4f1/Editor/Data/Managed/UnityEngine/UnityEngine.UnityWebRequestAudioModule.dll"
-r:"D:/UNITY/Installs/6000.5.4f1/Editor/Data/Managed/UnityEngine/UnityEngine.UnityWebRequestModule.dll"
-r:"D:/UNITY/Installs/6000.5.4f1/Editor/Data/Managed/UnityEngine/UnityEngine.UnityWebRequestTextureModule.dll"
-r:"D:/UNITY/Installs/6000.5.4f1/Editor/Data/Managed/UnityEngine/UnityEngine.UnityWebRequestWWWModule.dll"
-r:"D:/UNITY/Installs/6000.5.4f1/Editor/Data/Managed/UnityEngine/UnityEngine.VFXModule.dll"
-r:"D:/UNITY/Installs/6000.5.4f1/Editor/Data/Managed/UnityEngine/UnityEngine.VectorGraphicsModule.dll"
-r:"D:/UNITY/Installs/6000.5.4f1/Editor/Data/Managed/UnityEngine/UnityEngine.VehiclesModule.dll"
-r:"D:/UNITY/Installs/6000.5.4f1/Editor/Data/Managed/UnityEngine/UnityEngine.VideoModule.dll"
-r:"D:/UNITY/Installs/6000.5.4f1/Editor/Data/Managed/UnityEngine/UnityEngine.WindModule.dll"
-r:"D:/UNITY/Installs/6000.5.4f1/Editor/Data/Managed/UnityEngine/UnityEngine.XRModule.dll"
-r:"D:/UNITY/Installs/6000.5.4f1/Editor/Data/Managed/UnityEngine/UnityEngine.dll"
-r:"D:/UNITY/Installs/6000.5.4f1/Editor/Data/NetStandard/Extensions/2.0.0/System.Runtime.InteropServices.WindowsRuntime.dll"
-r:"D:/UNITY/Installs/6000.5.4f1/Editor/Data/NetStandard/compat/2.1.0/shims/netfx/System.ComponentModel.Composition.dll"
-r:"D:/UNITY/Installs/6000.5.4f1/Editor/Data/NetStandard/compat/2.1.0/shims/netfx/System.Core.dll"
-r:"D:/UNITY/Installs/6000.5.4f1/Editor/Data/NetStandard/compat/2.1.0/shims/netfx/System.Data.dll"
-r:"D:/UNITY/Installs/6000.5.4f1/Editor/Data/NetStandard/compat/2.1.0/shims/netfx/System.Drawing.dll"
-r:"D:/UNITY/Installs/6000.5.4f1/Editor/Data/NetStandard/compat/2.1.0/shims/netfx/System.IO.Compression.FileSystem.dll"
-r:"D:/UNITY/Installs/6000.5.4f1/Editor/Data/NetStandard/compat/2.1.0/shims/netfx/System.Net.dll"
-r:"D:/UNITY/Installs/6000.5.4f1/Editor/Data/NetStandard/compat/2.1.0/shims/netfx/System.Numerics.dll"
-r:"D:/UNITY/Installs/6000.5.4f1/Editor/Data/NetStandard/compat/2.1.0/shims/netfx/System.Runtime.Serialization.dll"
-r:"D:/UNITY/Installs/6000.5.4f1/Editor/Data/NetStandard/compat/2.1.0/shims/netfx/System.ServiceModel.Web.dll"
-r:"D:/UNITY/Installs/6000.5.4f1/Editor/Data/NetStandard/compat/2.1.0/shims/netfx/System.Transactions.dll"
-r:"D:/UNITY/Installs/6000.5.4f1/Editor/Data/NetStandard/compat/2.1.0/shims/netfx/System.Web.dll"
-r:"D:/UNITY/Installs/6000.5.4f1/Editor/Data/NetStandard/compat/2.1.0/shims/netfx/System.Windows.dll"
-r:"D:/UNITY/Installs/6000.5.4f1/Editor/Data/NetStandard/compat/2.1.0/shims/netfx/System.Xml.Linq.dll"
-r:"D:/UNITY/Installs/6000.5.4f1/Editor/Data/NetStandard/compat/2.1.0/shims/netfx/System.Xml.Serialization.dll"
-r:"D:/UNITY/Installs/6000.5.4f1/Editor/Data/NetStandard/compat/2.1.0/shims/netfx/System.Xml.dll"
-r:"D:/UNITY/Installs/6000.5.4f1/Editor/Data/NetStandard/compat/2.1.0/shims/netfx/System.dll"
-r:"D:/UNITY/Installs/6000.5.4f1/Editor/Data/NetStandard/compat/2.1.0/shims/netfx/mscorlib.dll"
-r:"D:/UNITY/Installs/6000.5.4f1/Editor/Data/NetStandard/compat/2.1.0/shims/netstandard/Microsoft.Win32.Primitives.dll"
-r:"D:/UNITY/Installs/6000.5.4f1/Editor/Data/NetStandard/compat/2.1.0/shims/netstandard/System.AppContext.dll"
-r:"D:/UNITY/Installs/6000.5.4f1/Editor/Data/NetStandard/compat/2.1.0/shims/netstandard/System.Buffers.dll"
-r:"D:/UNITY/Installs/6000.5.4f1/Editor/Data/NetStandard/compat/2.1.0/shims/netstandard/System.Collections.Concurrent.dll"
-r:"D:/UNITY/Installs/6000.5.4f1/Editor/Data/NetStandard/compat/2.1.0/shims/netstandard/System.Collections.NonGeneric.dll"
-r:"D:/UNITY/Installs/6000.5.4f1/Editor/Data/NetStandard/compat/2.1.0/shims/netstandard/System.Collections.Specialized.dll"
-r:"D:/UNITY/Installs/6000.5.4f1/Editor/Data/NetStandard/compat/2.1.0/shims/netstandard/System.Collections.dll"
-r:"D:/UNITY/Installs/6000.5.4f1/Editor/Data/NetStandard/compat/2.1.0/shims/netstandard/System.ComponentModel.EventBasedAsync.dll"
-r:"D:/UNITY/Installs/6000.5.4f1/Editor/Data/NetStandard/compat/2.1.0/shims/netstandard/System.ComponentModel.Primitives.dll"
-r:"D:/UNITY/Installs/6000.5.4f1/Editor/Data/NetStandard/compat/2.1.0/shims/netstandard/System.ComponentModel.TypeConverter.dll"
-r:"D:/UNITY/Installs/6000.5.4f1/Editor/Data/NetStandard/compat/2.1.0/shims/netstandard/System.ComponentModel.dll"
-r:"D:/UNITY/Installs/6000.5.4f1/Editor/Data/NetStandard/compat/2.1.0/shims/netstandard/System.Console.dll"
-r:"D:/UNITY/Installs/6000.5.4f1/Editor/Data/NetStandard/compat/2.1.0/shims/netstandard/System.Data.Common.dll"
-r:"D:/UNITY/Installs/6000.5.4f1/Editor/Data/NetStandard/compat/2.1.0/shims/netstandard/System.Diagnostics.Contracts.dll"
-r:"D:/UNITY/Installs/6000.5.4f1/Editor/Data/NetStandard/compat/2.1.0/shims/netstandard/System.Diagnostics.Debug.dll"
-r:"D:/UNITY/Installs/6000.5.4f1/Editor/Data/NetStandard/compat/2.1.0/shims/netstandard/System.Diagnostics.FileVersionInfo.dll"
-r:"D:/UNITY/Installs/6000.5.4f1/Editor/Data/NetStandard/compat/2.1.0/shims/netstandard/System.Diagnostics.Process.dll"
-r:"D:/UNITY/Installs/6000.5.4f1/Editor/Data/NetStandard/compat/2.1.0/shims/netstandard/System.Diagnostics.StackTrace.dll"
-r:"D:/UNITY/Installs/6000.5.4f1/Editor/Data/NetStandard/compat/2.1.0/shims/netstandard/System.Diagnostics.TextWriterTraceListener.dll"
-r:"D:/UNITY/Installs/6000.5.4f1/Editor/Data/NetStandard/compat/2.1.0/shims/netstandard/System.Diagnostics.Tools.dll"
-r:"D:/UNITY/Installs/6000.5.4f1/Editor/Data/NetStandard/compat/2.1.0/shims/netstandard/System.Diagnostics.TraceSource.dll"
-r:"D:/UNITY/Installs/6000.5.4f1/Editor/Data/NetStandard/compat/2.1.0/shims/netstandard/System.Diagnostics.Tracing.dll"
-r:"D:/UNITY/Installs/6000.5.4f1/Editor/Data/NetStandard/compat/2.1.0/shims/netstandard/System.Drawing.Primitives.dll"
-r:"D:/UNITY/Installs/6000.5.4f1/Editor/Data/NetStandard/compat/2.1.0/shims/netstandard/System.Dynamic.Runtime.dll"
-r:"D:/UNITY/Installs/6000.5.4f1/Editor/Data/NetStandard/compat/2.1.0/shims/netstandard/System.Globalization.Calendars.dll"
-r:"D:/UNITY/Installs/6000.5.4f1/Editor/Data/NetStandard/compat/2.1.0/shims/netstandard/System.Globalization.Extensions.dll"
-r:"D:/UNITY/Installs/6000.5.4f1/Editor/Data/NetStandard/compat/2.1.0/shims/netstandard/System.Globalization.dll"
-r:"D:/UNITY/Installs/6000.5.4f1/Editor/Data/NetStandard/compat/2.1.0/shims/netstandard/System.IO.Compression.ZipFile.dll"
-r:"D:/UNITY/Installs/6000.5.4f1/Editor/Data/NetStandard/compat/2.1.0/shims/netstandard/System.IO.Compression.dll"
-r:"D:/UNITY/Installs/6000.5.4f1/Editor/Data/NetStandard/compat/2.1.0/shims/netstandard/System.IO.FileSystem.DriveInfo.dll"
-r:"D:/UNITY/Installs/6000.5.4f1/Editor/Data/NetStandard/compat/2.1.0/shims/netstandard/System.IO.FileSystem.Primitives.dll"
-r:"D:/UNITY/Installs/6000.5.4f1/Editor/Data/NetStandard/compat/2.1.0/shims/netstandard/System.IO.FileSystem.Watcher.dll"
-r:"D:/UNITY/Installs/6000.5.4f1/Editor/Data/NetStandard/compat/2.1.0/shims/netstandard/System.IO.FileSystem.dll"
-r:"D:/UNITY/Installs/6000.5.4f1/Editor/Data/NetStandard/compat/2.1.0/shims/netstandard/System.IO.IsolatedStorage.dll"
-r:"D:/UNITY/Installs/6000.5.4f1/Editor/Data/NetStandard/compat/2.1.0/shims/netstandard/System.IO.MemoryMappedFiles.dll"
-r:"D:/UNITY/Installs/6000.5.4f1/Editor/Data/NetStandard/compat/2.1.0/shims/netstandard/System.IO.Pipes.dll"
-r:"D:/UNITY/Installs/6000.5.4f1/Editor/Data/NetStandard/compat/2.1.0/shims/netstandard/System.IO.UnmanagedMemoryStream.dll"
-r:"D:/UNITY/Installs/6000.5.4f1/Editor/Data/NetStandard/compat/2.1.0/shims/netstandard/System.IO.dll"
-r:"D:/UNITY/Installs/6000.5.4f1/Editor/Data/NetStandard/compat/2.1.0/shims/netstandard/System.Linq.Expressions.dll"
-r:"D:/UNITY/Installs/6000.5.4f1/Editor/Data/NetStandard/compat/2.1.0/shims/netstandard/System.Linq.Parallel.dll"
-r:"D:/UNITY/Installs/6000.5.4f1/Editor/Data/NetStandard/compat/2.1.0/shims/netstandard/System.Linq.Queryable.dll"
-r:"D:/UNITY/Installs/6000.5.4f1/Editor/Data/NetStandard/compat/2.1.0/shims/netstandard/System.Linq.dll"
-r:"D:/UNITY/Installs/6000.5.4f1/Editor/Data/NetStandard/compat/2.1.0/shims/netstandard/System.Memory.dll"
-r:"D:/UNITY/Installs/6000.5.4f1/Editor/Data/NetStandard/compat/2.1.0/shims/netstandard/System.Net.Http.dll"
-r:"D:/UNITY/Installs/6000.5.4f1/Editor/Data/NetStandard/compat/2.1.0/shims/netstandard/System.Net.NameResolution.dll"
-r:"D:/UNITY/Installs/6000.5.4f1/Editor/Data/NetStandard/compat/2.1.0/shims/netstandard/System.Net.NetworkInformation.dll"
-r:"D:/UNITY/Installs/6000.5.4f1/Editor/Data/NetStandard/compat/2.1.0/shims/netstandard/System.Net.Ping.dll"
-r:"D:/UNITY/Installs/6000.5.4f1/Editor/Data/NetStandard/compat/2.1.0/shims/netstandard/System.Net.Primitives.dll"
-r:"D:/UNITY/Installs/6000.5.4f1/Editor/Data/NetStandard/compat/2.1.0/shims/netstandard/System.Net.Requests.dll"
-r:"D:/UNITY/Installs/6000.5.4f1/Editor/Data/NetStandard/compat/2.1.0/shims/netstandard/System.Net.Security.dll"
-r:"D:/UNITY/Installs/6000.5.4f1/Editor/Data/NetStandard/compat/2.1.0/shims/netstandard/System.Net.Sockets.dll"
-r:"D:/UNITY/Installs/6000.5.4f1/Editor/Data/NetStandard/compat/2.1.0/shims/netstandard/System.Net.WebHeaderCollection.dll"
-r:"D:/UNITY/Installs/6000.5.4f1/Editor/Data/NetStandard/compat/2.1.0/shims/netstandard/System.Net.WebSockets.Client.dll"
-r:"D:/UNITY/Installs/6000.5.4f1/Editor/Data/NetStandard/compat/2.1.0/shims/netstandard/System.Net.WebSockets.dll"
-r:"D:/UNITY/Installs/6000.5.4f1/Editor/Data/NetStandard/compat/2.1.0/shims/netstandard/System.Numerics.Vectors.dll"
-r:"D:/UNITY/Installs/6000.5.4f1/Editor/Data/NetStandard/compat/2.1.0/shims/netstandard/System.ObjectModel.dll"
-r:"D:/UNITY/Installs/6000.5.4f1/Editor/Data/NetStandard/compat/2.1.0/shims/netstandard/System.Reflection.DispatchProxy.dll"
-r:"D:/UNITY/Installs/6000.5.4f1/Editor/Data/NetStandard/compat/2.1.0/shims/netstandard/System.Reflection.Emit.ILGeneration.dll"
-r:"D:/UNITY/Installs/6000.5.4f1/Editor/Data/NetStandard/compat/2.1.0/shims/netstandard/System.Reflection.Emit.Lightweight.dll"
-r:"D:/UNITY/Installs/6000.5.4f1/Editor/Data/NetStandard/compat/2.1.0/shims/netstandard/System.Reflection.Emit.dll"
-r:"D:/UNITY/Installs/6000.5.4f1/Editor/Data/NetStandard/compat/2.1.0/shims/netstandard/System.Reflection.Extensions.dll"
-r:"D:/UNITY/Installs/6000.5.4f1/Editor/Data/NetStandard/compat/2.1.0/shims/netstandard/System.Reflection.Primitives.dll"
-r:"D:/UNITY/Installs/6000.5.4f1/Editor/Data/NetStandard/compat/2.1.0/shims/netstandard/System.Reflection.dll"
-r:"D:/UNITY/Installs/6000.5.4f1/Editor/Data/NetStandard/compat/2.1.0/shims/netstandard/System.Resources.Reader.dll"
-r:"D:/UNITY/Installs/6000.5.4f1/Editor/Data/NetStandard/compat/2.1.0/shims/netstandard/System.Resources.ResourceManager.dll"
-r:"D:/UNITY/Installs/6000.5.4f1/Editor/Data/NetStandard/compat/2.1.0/shims/netstandard/System.Resources.Writer.dll"
-r:"D:/UNITY/Installs/6000.5.4f1/Editor/Data/NetStandard/compat/2.1.0/shims/netstandard/System.Runtime.CompilerServices.VisualC.dll"
-r:"D:/UNITY/Installs/6000.5.4f1/Editor/Data/NetStandard/compat/2.1.0/shims/netstandard/System.Runtime.Extensions.dll"
-r:"D:/UNITY/Installs/6000.5.4f1/Editor/Data/NetStandard/compat/2.1.0/shims/netstandard/System.Runtime.Handles.dll"
-r:"D:/UNITY/Installs/6000.5.4f1/Editor/Data/NetStandard/compat/2.1.0/shims/netstandard/System.Runtime.InteropServices.RuntimeInformation.dll"
-r:"D:/UNITY/Installs/6000.5.4f1/Editor/Data/NetStandard/compat/2.1.0/shims/netstandard/System.Runtime.InteropServices.dll"
-r:"D:/UNITY/Installs/6000.5.4f1/Editor/Data/NetStandard/compat/2.1.0/shims/netstandard/System.Runtime.Numerics.dll"
-r:"D:/UNITY/Installs/6000.5.4f1/Editor/Data/NetStandard/compat/2.1.0/shims/netstandard/System.Runtime.Serialization.Formatters.dll"
-r:"D:/UNITY/Installs/6000.5.4f1/Editor/Data/NetStandard/compat/2.1.0/shims/netstandard/System.Runtime.Serialization.Json.dll"
-r:"D:/UNITY/Installs/6000.5.4f1/Editor/Data/NetStandard/compat/2.1.0/shims/netstandard/System.Runtime.Serialization.Primitives.dll"
-r:"D:/UNITY/Installs/6000.5.4f1/Editor/Data/NetStandard/compat/2.1.0/shims/netstandard/System.Runtime.Serialization.Xml.dll"
-r:"D:/UNITY/Installs/6000.5.4f1/Editor/Data/NetStandard/compat/2.1.0/shims/netstandard/System.Runtime.dll"
-r:"D:/UNITY/Installs/6000.5.4f1/Editor/Data/NetStandard/compat/2.1.0/shims/netstandard/System.Security.Claims.dll"
-r:"D:/UNITY/Installs/6000.5.4f1/Editor/Data/NetStandard/compat/2.1.0/shims/netstandard/System.Security.Cryptography.Algorithms.dll"
-r:"D:/UNITY/Installs/6000.5.4f1/Editor/Data/NetStandard/compat/2.1.0/shims/netstandard/System.Security.Cryptography.Csp.dll"
-r:"D:/UNITY/Installs/6000.5.4f1/Editor/Data/NetStandard/compat/2.1.0/shims/netstandard/System.Security.Cryptography.Encoding.dll"
-r:"D:/UNITY/Installs/6000.5.4f1/Editor/Data/NetStandard/compat/2.1.0/shims/netstandard/System.Security.Cryptography.Primitives.dll"
-r:"D:/UNITY/Installs/6000.5.4f1/Editor/Data/NetStandard/compat/2.1.0/shims/netstandard/System.Security.Cryptography.X509Certificates.dll"
-r:"D:/UNITY/Installs/6000.5.4f1/Editor/Data/NetStandard/compat/2.1.0/shims/netstandard/System.Security.Principal.dll"
-r:"D:/UNITY/Installs/6000.5.4f1/Editor/Data/NetStandard/compat/2.1.0/shims/netstandard/System.Security.SecureString.dll"
-r:"D:/UNITY/Installs/6000.5.4f1/Editor/Data/NetStandard/compat/2.1.0/shims/netstandard/System.Text.Encoding.Extensions.dll"
-r:"D:/UNITY/Installs/6000.5.4f1/Editor/Data/NetStandard/compat/2.1.0/shims/netstandard/System.Text.Encoding.dll"
-r:"D:/UNITY/Installs/6000.5.4f1/Editor/Data/NetStandard/compat/2.1.0/shims/netstandard/System.Text.RegularExpressions.dll"
-r:"D:/UNITY/Installs/6000.5.4f1/Editor/Data/NetStandard/compat/2.1.0/shims/netstandard/System.Threading.Overlapped.dll"
-r:"D:/UNITY/Installs/6000.5.4f1/Editor/Data/NetStandard/compat/2.1.0/shims/netstandard/System.Threading.Tasks.Extensions.dll"
-r:"D:/UNITY/Installs/6000.5.4f1/Editor/Data/NetStandard/compat/2.1.0/shims/netstandard/System.Threading.Tasks.Parallel.dll"
-r:"D:/UNITY/Installs/6000.5.4f1/Editor/Data/NetStandard/compat/2.1.0/shims/netstandard/System.Threading.Tasks.dll"
-r:"D:/UNITY/Installs/6000.5.4f1/Editor/Data/NetStandard/compat/2.1.0/shims/netstandard/System.Threading.Thread.dll"
-r:"D:/UNITY/Installs/6000.5.4f1/Editor/Data/NetStandard/compat/2.1.0/shims/netstandard/System.Threading.ThreadPool.dll"
-r:"D:/UNITY/Installs/6000.5.4f1/Editor/Data/NetStandard/compat/2.1.0/shims/netstandard/System.Threading.Timer.dll"
-r:"D:/UNITY/Installs/6000.5.4f1/Editor/Data/NetStandard/compat/2.1.0/shims/netstandard/System.Threading.dll"
-r:"D:/UNITY/Installs/6000.5.4f1/Editor/Data/NetStandard/compat/2.1.0/shims/netstandard/System.ValueTuple.dll"
-r:"D:/UNITY/Installs/6000.5.4f1/Editor/Data/NetStandard/compat/2.1.0/shims/netstandard/System.Xml.ReaderWriter.dll"
-r:"D:/UNITY/Installs/6000.5.4f1/Editor/Data/NetStandard/compat/2.1.0/shims/netstandard/System.Xml.XDocument.dll"
-r:"D:/UNITY/Installs/6000.5.4f1/Editor/Data/NetStandard/compat/2.1.0/shims/netstandard/System.Xml.XPath.XDocument.dll"
-r:"D:/UNITY/Installs/6000.5.4f1/Editor/Data/NetStandard/compat/2.1.0/shims/netstandard/System.Xml.XPath.dll"
-r:"D:/UNITY/Installs/6000.5.4f1/Editor/Data/NetStandard/compat/2.1.0/shims/netstandard/System.Xml.XmlDocument.dll"
-r:"D:/UNITY/Installs/6000.5.4f1/Editor/Data/NetStandard/compat/2.1.0/shims/netstandard/System.Xml.XmlSerializer.dll"
-r:"D:/UNITY/Installs/6000.5.4f1/Editor/Data/NetStandard/ref/2.1.0/netstandard.dll"
-r:"D:/UNITY/Installs/6000.5.4f1/Editor/Data/PlaybackEngines/AndroidPlayer/Unity.Android.Gradle.dll"
-r:"D:/UNITY/Installs/6000.5.4f1/Editor/Data/PlaybackEngines/AndroidPlayer/Unity.Android.Types.dll"
-r:"Library/PackageCache/com.unity.collections@a43cabe808ca/Unity.Collections.LowLevel.ILSupport/Unity.Collections.LowLevel.ILSupport.dll"
-r:"Library/PackageCache/com.unity.ext.nunit@44f7d31723bd/net472/unity-custom/nunit.framework.dll"
-r:"Library/PackageCache/com.unity.nuget.mono-cecil@ecb9724e46ff/Mono.Cecil.dll"
-r:"Library/PackageCache/com.unity.visualscripting@8bed5ad90189/Runtime/VisualScripting.Flow/Dependencies/NCalc/Unity.VisualScripting.Antlr3.Runtime.dll"
-r:"Library/Bee/artifacts/1300b0aE.dag/PsdPlugin.ref.dll"
-r:"Library/Bee/artifacts/1300b0aE.dag/Unity.2D.Animation.Editor.ref.dll"
-r:"Library/Bee/artifacts/1300b0aE.dag/Unity.2D.Animation.Runtime.ref.dll"
-r:"Library/Bee/artifacts/1300b0aE.dag/Unity.2D.Aseprite.Common.ref.dll"
-r:"Library/Bee/artifacts/1300b0aE.dag/Unity.2D.Aseprite.Editor.ref.dll"
-r:"Library/Bee/artifacts/1300b0aE.dag/Unity.2D.Common.Editor.ref.dll"
-r:"Library/Bee/artifacts/1300b0aE.dag/Unity.2D.Common.Path.Editor.ref.dll"
-r:"Library/Bee/artifacts/1300b0aE.dag/Unity.2D.Common.Runtime.ref.dll"
-r:"Library/Bee/artifacts/1300b0aE.dag/Unity.2D.IK.Editor.ref.dll"
-r:"Library/Bee/artifacts/1300b0aE.dag/Unity.2D.IK.Runtime.ref.dll"
-r:"Library/Bee/artifacts/1300b0aE.dag/Unity.2D.Psdimporter.Editor.ref.dll"
-r:"Library/Bee/artifacts/1300b0aE.dag/Unity.2D.Sprite.Editor.ref.dll"
-r:"Library/Bee/artifacts/1300b0aE.dag/Unity.2D.SpriteShape.Editor.ref.dll"
-r:"Library/Bee/artifacts/1300b0aE.dag/Unity.2D.SpriteShape.Runtime.ref.dll"
-r:"Library/Bee/artifacts/1300b0aE.dag/Unity.2D.Tilemap.Editor.ref.dll"
-r:"Library/Bee/artifacts/1300b0aE.dag/Unity.2D.Tilemap.Extras.Editor.ref.dll"
-r:"Library/Bee/artifacts/1300b0aE.dag/Unity.2D.Tilemap.Extras.ref.dll"
-r:"Library/Bee/artifacts/1300b0aE.dag/Unity.2D.Tooling.Editor.ref.dll"
-r:"Library/Bee/artifacts/1300b0aE.dag/Unity.Burst.Editor.ref.dll"
-r:"Library/Bee/artifacts/1300b0aE.dag/Unity.Burst.ref.dll"
-r:"Library/Bee/artifacts/1300b0aE.dag/Unity.Collections.Editor.ref.dll"
-r:"Library/Bee/artifacts/1300b0aE.dag/Unity.Collections.ref.dll"
-r:"Library/Bee/artifacts/1300b0aE.dag/Unity.InputSystem.ForUI.ref.dll"
-r:"Library/Bee/artifacts/1300b0aE.dag/Unity.InputSystem.ref.dll"
-r:"Library/Bee/artifacts/1300b0aE.dag/Unity.InternalAPIEditorBridge.001.ref.dll"
-r:"Library/Bee/artifacts/1300b0aE.dag/Unity.InternalAPIEditorBridge.ShaderGraph.Editor.ref.dll"
-r:"Library/Bee/artifacts/1300b0aE.dag/Unity.InternalAPIEngineBridge.001.ref.dll"
-r:"Library/Bee/artifacts/1300b0aE.dag/Unity.InternalAPIEngineBridge.004.ref.dll"
-r:"Library/Bee/artifacts/1300b0aE.dag/Unity.InternalAPIEngineBridge.RenderPipelines.Core.Editor.ref.dll"
-r:"Library/Bee/artifacts/1300b0aE.dag/Unity.InternalAPIEngineBridge.RenderPipelines.Core.Runtime.Shared.ref.dll"
-r:"Library/Bee/artifacts/1300b0aE.dag/Unity.Mathematics.ref.dll"
-r:"Library/Bee/artifacts/1300b0aE.dag/Unity.Multiplayer.Center.Common.ref.dll"
-r:"Library/Bee/artifacts/1300b0aE.dag/Unity.Multiplayer.Center.Editor.ref.dll"
-r:"Library/Bee/artifacts/1300b0aE.dag/Unity.PathTracing.Editor.ref.dll"
-r:"Library/Bee/artifacts/1300b0aE.dag/Unity.PathTracing.Runtime.ref.dll"
-r:"Library/Bee/artifacts/1300b0aE.dag/Unity.PlasticSCM.Editor.ref.dll"
-r:"Library/Bee/artifacts/1300b0aE.dag/Unity.Rendering.LightTransport.Editor.ref.dll"
-r:"Library/Bee/artifacts/1300b0aE.dag/Unity.RenderPipeline.Universal.ShaderLibrary.ref.dll"
-r:"Library/Bee/artifacts/1300b0aE.dag/Unity.RenderPipelines.Core.Editor.ref.dll"
-r:"Library/Bee/artifacts/1300b0aE.dag/Unity.RenderPipelines.Core.Editor.Shared.ref.dll"
-r:"Library/Bee/artifacts/1300b0aE.dag/Unity.RenderPipelines.Core.Runtime.ref.dll"
-r:"Library/Bee/artifacts/1300b0aE.dag/Unity.RenderPipelines.Core.Runtime.Shared.ref.dll"
-r:"Library/Bee/artifacts/1300b0aE.dag/Unity.RenderPipelines.Core.ShaderLibrary.ref.dll"
-r:"Library/Bee/artifacts/1300b0aE.dag/Unity.RenderPipelines.GPUDriven.Runtime.ref.dll"
-r:"Library/Bee/artifacts/1300b0aE.dag/Unity.RenderPipelines.ShaderGraph.ShaderGraphLibrary.ref.dll"
-r:"Library/Bee/artifacts/1300b0aE.dag/Unity.RenderPipelines.Universal.2D.Editor.Overrides.ref.dll"
-r:"Library/Bee/artifacts/1300b0aE.dag/Unity.RenderPipelines.Universal.2D.Runtime.ref.dll"
-r:"Library/Bee/artifacts/1300b0aE.dag/Unity.RenderPipelines.Universal.Config.Runtime.ref.dll"
-r:"Library/Bee/artifacts/1300b0aE.dag/Unity.RenderPipelines.Universal.Editor.ref.dll"
-r:"Library/Bee/artifacts/1300b0aE.dag/Unity.RenderPipelines.Universal.Runtime.ref.dll"
-r:"Library/Bee/artifacts/1300b0aE.dag/Unity.RenderPipelines.Universal.Shaders.ref.dll"
-r:"Library/Bee/artifacts/1300b0aE.dag/Unity.Rider.Editor.ref.dll"
-r:"Library/Bee/artifacts/1300b0aE.dag/Unity.Searcher.Editor.ref.dll"
-r:"Library/Bee/artifacts/1300b0aE.dag/Unity.ShaderGraph.Editor.ref.dll"
-r:"Library/Bee/artifacts/1300b0aE.dag/Unity.SurfaceCache.Runtime.ref.dll"
-r:"Library/Bee/artifacts/1300b0aE.dag/Unity.TextMeshPro.Editor.ref.dll"
-r:"Library/Bee/artifacts/1300b0aE.dag/Unity.TextMeshPro.ref.dll"
-r:"Library/Bee/artifacts/1300b0aE.dag/Unity.Timeline.Editor.ref.dll"
-r:"Library/Bee/artifacts/1300b0aE.dag/Unity.Timeline.ref.dll"
-r:"Library/Bee/artifacts/1300b0aE.dag/Unity.UnifiedRayTracing.Runtime.ref.dll"
-r:"Library/Bee/artifacts/1300b0aE.dag/Unity.VisualScripting.Core.Editor.ref.dll"
-r:"Library/Bee/artifacts/1300b0aE.dag/Unity.VisualScripting.Core.ref.dll"
-r:"Library/Bee/artifacts/1300b0aE.dag/Unity.VisualScripting.Flow.Editor.ref.dll"
-r:"Library/Bee/artifacts/1300b0aE.dag/Unity.VisualScripting.Flow.ref.dll"
-r:"Library/Bee/artifacts/1300b0aE.dag/Unity.VisualScripting.SettingsProvider.Editor.ref.dll"
-r:"Library/Bee/artifacts/1300b0aE.dag/Unity.VisualScripting.Shared.Editor.ref.dll"
-r:"Library/Bee/artifacts/1300b0aE.dag/Unity.VisualScripting.State.Editor.ref.dll"
-r:"Library/Bee/artifacts/1300b0aE.dag/Unity.VisualScripting.State.ref.dll"
-r:"Library/Bee/artifacts/1300b0aE.dag/Unity.VisualStudio.Editor.ref.dll"
-r:"Library/Bee/artifacts/1300b0aE.dag/UnityEditor.UI.Analytics.ref.dll"
-r:"Library/Bee/artifacts/1300b0aE.dag/UnityEditor.UI.ref.dll"
-r:"Library/Bee/artifacts/1300b0aE.dag/UnityEngine.UI.ref.dll"
-analyzer:"D:/UNITY/Installs/6000.5.4f1/Editor/Data/BCLExtensions/TargetingPacks/netstandard2.1/analyzers/dotnet/roslyn4.0/cs/Microsoft.Extensions.Logging.Generators.dll"
-analyzer:"D:/UNITY/Installs/6000.5.4f1/Editor/Data/BCLExtensions/TargetingPacks/netstandard2.1/analyzers/dotnet/roslyn4.0/cs/System.Text.Json.SourceGeneration.dll"
-analyzer:"D:/UNITY/Installs/6000.5.4f1/Editor/Data/Tools/BuildPipeline/Unity.Analyzers.Common/Unity.Analyzers.Common.dll"
-analyzer:"D:/UNITY/Installs/6000.5.4f1/Editor/Data/Tools/BuildPipeline/Unity.Analyzers.LongLiving/Unity.Analyzers.LongLiving.dll"
-analyzer:"D:/UNITY/Installs/6000.5.4f1/Editor/Data/Tools/BuildPipeline/Unity.SourceGenerators/Unity.Properties.SourceGenerator.dll"
-analyzer:"D:/UNITY/Installs/6000.5.4f1/Editor/Data/Tools/BuildPipeline/Unity.SourceGenerators/Unity.SourceGenerators.dll"
-analyzer:"D:/UNITY/Installs/6000.5.4f1/Editor/Data/Tools/BuildPipeline/Unity.SourceGenerators/Unity.UIToolkit.SourceGenerator.dll"
"Assets/Scripts/NoteIdentifier.cs"
-langversion:9.0
/deterministic
/optimize+
/debug:portable
/nologo
/RuntimeMetadataVersion:v4.0.30319
/nowarn:0169
/nowarn:0649
/nowarn:0282
/nowarn:1701
/nowarn:1702
/utf8output
/preferreduilang:en-US
/additionalfile:"Library/Bee/artifacts/1300b0aE.dag/Assembly-CSharp.UnityAdditionalFile.txt"
##### Custom Environment Variables
DOTNET_HOST_PATH=D:\UNITY\Installs\6000.5.4f1\Editor\Data\DotNetSdk\dotnet.exe
DOTNET_MULTILEVEL_LOOKUP=0
##### ExitCode
1
##### Output
Assets\Scripts\NoteIdentifier.cs(45,13): error CS1501: No overload for method 'StopRecording' takes 1 arguments
*** Tundra build failed (0.40 seconds), 2 items updated, 1104 evaluated
## Script Compilation Error for: Csc Library/Bee/artifacts/1300b0aE.dag/Assembly-CSharp.dll (+2 others)
## CmdLine: "D:\UNITY\Installs\6000.5.4f1\Editor\Data\DotNetSdk\dotnet.exe" exec "D:/UNITY/Installs/6000.5.4f1/Editor/Data/DotNetSdk/sdk/8.0.318/Roslyn/bincore/csc.dll" /nostdlib /noconfig /shared "@Library/Bee/artifacts/1300b0aE.dag/Assembly-CSharp.rsp" "@Library/Bee/artifacts/1300b0aE.dag/Assembly-CSharp.rsp2"
## Output:
Assets\Scripts\NoteIdentifier.cs(45,13): error CS1501: No overload for method 'StopRecording' takes 1 arguments

Assets\Scripts\NoteIdentifier.cs(45,13): error CS1501: No overload for method 'StopRecording' takes 1 arguments
Total cache size 211526171
Total cache size after purge 211526171, took 00:00:00.8678419
[ScriptCompilation] Requested script compilation because: AssetDatabase observed changes in script compilation related files
Refreshing native plugins compatible for Editor in 5.47 ms, found 5 plugins.
Asset Pipeline Refresh (id=13a67b6f32245e340b5e3844dd94431b): Total: 0.254 seconds - Initiated by RefreshV2(NoUpdateAssetOptions)
info: Microsoft.AspNetCore.Hosting.Diagnostics[1]
      Request starting HTTP/2 POST http://ilpp/UnityILPP.PostProcessing/Ping - application/grpc -
info: Microsoft.AspNetCore.Routing.EndpointMiddleware[0]
      Executing endpoint 'gRPC - /UnityILPP.PostProcessing/Ping'
info: Microsoft.AspNetCore.Routing.EndpointMiddleware[1]
      Executed endpoint 'gRPC - /UnityILPP.PostProcessing/Ping'
info: Microsoft.AspNetCore.Hosting.Diagnostics[2]
      Request finished HTTP/2 POST http://ilpp/UnityILPP.PostProcessing/Ping - 200 - application/grpc 0.2529ms
Starting: D:\UNITY\Installs\6000.5.4f1\Editor\Data\Tools\BuildPipeline\bee_backend.exe --ipc --defer-dag-verification --dagfile="Library/Bee/1300b0aE.dag" --continue-on-failure --profile="Library/Bee/backend1.traceevents" ScriptAssemblies
WorkingDir: D:/UNITY/MyProjects/ari-tuner/AriTuner
[Licensing::Client] Successfully resolved entitlement details
info: Microsoft.AspNetCore.Hosting.Diagnostics[1]
      Request starting HTTP/2 POST http://ilpp/UnityILPP.PostProcessing/ConfigurePostProcessors - application/grpc -
info: Microsoft.AspNetCore.Routing.EndpointMiddleware[0]
      Executing endpoint 'gRPC - /UnityILPP.PostProcessing/ConfigurePostProcessors'
info: Unity.ILPP.Runner.PostProcessingAssemblyLoadContext[0]
      Current configuration matches the requested one, skipping
info: Microsoft.AspNetCore.Routing.EndpointMiddleware[1]
      Executed endpoint 'gRPC - /UnityILPP.PostProcessing/ConfigurePostProcessors'
info: Microsoft.AspNetCore.Hosting.Diagnostics[2]
      Request finished HTTP/2 POST http://ilpp/UnityILPP.PostProcessing/ConfigurePostProcessors - 200 - application/grpc 2.1444ms
info: Microsoft.AspNetCore.Hosting.Diagnostics[1]
      Request starting HTTP/2 POST http://ilpp/UnityILPP.PostProcessing/PostProcessAssembly - application/grpc -
info: Microsoft.AspNetCore.Routing.EndpointMiddleware[0]
      Executing endpoint 'gRPC - /UnityILPP.PostProcessing/PostProcessAssembly'
info: Unity.ILPP.Runner.PostProcessingPipeline[0]
      Processing assembly Library/Bee/artifacts/1300b0aE.dag/Assembly-CSharp.dll, with 150 defines and 352 references
info: Unity.ILPP.Runner.PostProcessingPipeline[0]
      processors: Unity.Jobs.CodeGen.JobsILPostProcessor, zzzUnity.Burst.CodeGen.BurstILPostProcessor
info: Unity.ILPP.Runner.PostProcessingPipeline[0]
      running Unity.Jobs.CodeGen.JobsILPostProcessor
info: Unity.ILPP.Runner.PostProcessingPipeline[0]
      running zzzUnity.Burst.CodeGen.BurstILPostProcessor
info: Microsoft.AspNetCore.Routing.EndpointMiddleware[1]
      Executed endpoint 'gRPC - /UnityILPP.PostProcessing/PostProcessAssembly'
info: Microsoft.AspNetCore.Hosting.Diagnostics[2]
      Request finished HTTP/2 POST http://ilpp/UnityILPP.PostProcessing/PostProcessAssembly - 200 - application/grpc 27.5994ms
ExitCode: 0 Duration: 0s510ms
[ 859/1104  0s] ILPP-Configuration Library/ilpp-configuration.nevergeneratedoutput
[1100/1104  0s] Csc Library/Bee/artifacts/1300b0aE.dag/Assembly-CSharp.dll (+2 others)
[1101/1104  0s] ILPostProcess Library/Bee/artifacts/1300b0aE.dag/post-processed/Assembly-CSharp.dll (+pdb)
Processing assembly Library/Bee/artifacts/1300b0aE.dag/Assembly-CSharp.dll, with 150 defines and 352 references

processors: Unity.Jobs.CodeGen.JobsILPostProcessor, zzzUnity.Burst.CodeGen.BurstILPostProcessor

running Unity.Jobs.CodeGen.JobsILPostProcessor

running zzzUnity.Burst.CodeGen.BurstILPostProcessor
[1102/1104  0s] CopyFiles Library/ScriptAssemblies/Assembly-CSharp.dll
[1103/1104  0s] CopyFiles Library/ScriptAssemblies/Assembly-CSharp.pdb
*** Tundra build success (0.48 seconds), 5 items updated, 1104 evaluated
Reloading assemblies after finishing script compilation.
Reloading assemblies after forced synchronous recompile.
[Licensing::Client] Successfully resolved entitlement details
Begin MonoManager ReloadAssembly
Total cache size 211526171
Total cache size after purge 211526171, took 00:00:00.4830630
Refreshing native plugins compatible for Editor in 7.88 ms, found 5 plugins.
Native extension for Android target not found
Native extension for UWP target not found
Native extension for WindowsStandalone target not found
[MODES] ModeService[none].Initialize
[MODES] ModeService[none].LoadModes
ScheduleIndexationOnStartup MainProcess:True IndexOnStartup:True
Mono: successfully reloaded assembly
- Finished resetting the current domain, in 10.171 seconds
Domain Reload Profiling: 15030ms
	BeginReloadAssembly (3118ms)
		DisableScriptedObjects (603ms)
		CreateAndSetChildDomain (1666ms)
	RebuildCommonClasses (32ms)
	RebuildNativeTypeToScriptingClass (57ms)
	initialDomainReloadingComplete (224ms)
	LoadAllAssembliesAndSetupDomain (1421ms)
		LoadAssemblies (503ms)
		AnalyzeDomain (806ms)
			TypeCache.Refresh (41ms)
			BuildScriptInfoCaches (729ms)
			ResolveRequiredComponents (31ms)
	FinalizeReload (10177ms)
		SetupLoadedEditorAssemblies (0ms)
			InitializePlatformSupportModulesInManaged (52ms)
			BeforeProcessingInitializeOnLoad (824ms)
			ProcessInitializeOnLoadAttributes (1588ms)
			ProcessInitializeOnLoadMethodAttributes (700ms)
			AfterProcessingInitializeOnLoad (10ms)
		AwakeInstancesAfterBackupRestoration (5100ms)

Asset Pipeline Refresh (id=6125bf0ec42c22a48b15a3f3906d85f4): Total: 15.908 seconds - Initiated by StopAssetImportingV2(ForceSynchronousImport | ForceDomainReload)
	(Values over 0.05ms)
	Summary:
		Imports: total=0 (actual=0, local cache=0, cache server=0)
		Asset DB Process Time: managed=0 ms, native=10797 ms
		Asset DB Callback time: managed=121 ms, native=0 ms
		Scripting: domain reloads=1, domain reload time=4978 ms, compile time=10 ms, other=0 ms
		Project Asset Count: scripts=1551, non-scripts=3230
		Asset File Changes: new=0, changed=0, moved=0, deleted=0
		Scan Filter Count: 0
	InvokePackagesCallback: 7.710ms
	ApplyChangesToAssetFolders: 1.031ms
	Collect global state as custom dependencies: 21.358ms
	ProcessAssetsWithTransientArtifactChanges: 19.623ms
	CategorizeAssets: 227.227ms
	CompileScripts: 9.834ms
	ImportOutOfDateAssets: 10389.128ms (10235.101ms without children)
		CollectScriptTypesHashes: 5.252ms
		ReloadNativeAssets: 3.840ms
		UnloadImportedAssets: 0.608ms
		EnsureUptoDateAssetsAreRegisteredWithGuidPM: 2.960ms
		ImportSchedulerStart: 146.303ms
	PostProcessAllAssets: 121.478ms
		MonoPostProcessAllAssets: 121.465ms
			UniversalRenderPipelineGlobalSettingsPostprocessor.OnPostprocessAllAssets 34.568ms
			SyncVS.PostprocessSyncProject 17.328ms
			SpeedTree9Postprocessor.OnPostprocessAllAssets 8.856ms
			WindowAssetPostprocessingWatcher.OnPostprocessAllAssets 6.592ms
			EditModeScopePostprocessor.OnPostprocessAllAssets 3.256ms
			RenderPipelineGlobalSettingsPostprocessor.OnPostprocessAllAssets 2.307ms
			ShaderGraphAssetPostProcessor.OnPostprocessAllAssets 2.161ms
			ShaderReflectionAssetPostProcessor.OnPostprocessAllAssets 2.047ms
			TerrainToolbarOverlayPostProcessor.OnPostprocessAllAssets 1.549ms
			InputActionAssetPostprocessor.OnPostprocessAllAssets 1.163ms
			ReferencedClipsPostProcessor.OnPostprocessAllAssets 0.935ms
			ProjectSettingsPostprocessor.OnPostprocessAllAssets 0.706ms
			AssetChangedListener.OnPostprocessAllAssets 0.619ms
			AssetDatabaseCallbacks.OnPostprocessAllAssets 0.544ms
			SpriteEditorTexturePostprocessor.OnPostprocessAllAssets 0.395ms
			AssetPostprocessor.OnPostprocessAllAssets 0.137ms
			SpriteShapeAssetPostProcessor.OnPostprocessAllAssets 0.118ms
			SpriteSlicePostprocessor.OnPostprocessAllAssets 0.075ms
			PostProcessor.OnPostprocessAllAssets 0.061ms
	GatherAllCurrentPrimaryImportResultRevisions: 0.504ms
	PersistCurrentRevisions: 0.684ms
	GenerateScriptTypeHashes: 14.721ms
	GenerateScriptTypeSerializationHashes: 25.883ms
	Untracked: 5096.210ms

[Licensing::Client] Successfully resolved entitlement details
[Licensing::Client] Successfully resolved entitlement details
[Licensing::Client] Successfully resolved entitlement details
[ScriptCompilation] Requested script compilation because: AssetDatabase observed changes in script compilation related files
Refreshing native plugins compatible for Editor in 5.82 ms, found 5 plugins.

Asset Pipeline Refresh (id=235ec4e5be3a81f45b6f23e0c03292a8): Total: 0.322 seconds - Initiated by RefreshV2(NoUpdateAssetOptions)
	(Values over 0.05ms)
	Summary:
		Imports: total=0 (actual=0, local cache=0, cache server=0)
		Asset DB Process Time: managed=0 ms, native=212 ms
		Asset DB Callback time: managed=95 ms, native=12 ms
		Scripting: domain reloads=0, domain reload time=0 ms, compile time=1 ms, other=0 ms
		Project Asset Count: scripts=1551, non-scripts=3230
		Asset File Changes: new=0, changed=1, moved=0, deleted=0
		Scan Filter Count: 0
	ApplyChangesToAssetFolders: 0.167ms
	Scan: 31.471ms
	Collect global state as custom dependencies: 0.172ms
	OnSourceAssetsModified: 1.820ms
	CategorizeScriptCompilationAssets: 0.069ms
	ProcessAssetsWithTransientArtifactChanges: 0.681ms
	CategorizeAssets: 44.874ms
	CompileScripts: 1.351ms
	ImportOutOfDateAssets: 123.757ms (20.703ms without children)
		ReloadNativeAssets: 0.087ms
		UnloadImportedAssets: 0.363ms
		EnsureUptoDateAssetsAreRegisteredWithGuidPM: 1.142ms
		ImportSchedulerStart: 101.454ms
	PostProcessAllAssets: 95.927ms
		XRBuildSystem.XRAssetImported 1.071ms
		PostProcessCallbackCreateDeferredMaterials 0.072ms
		MonoPostProcessAllAssets: 93.285ms
			AssetChangedListener.OnPostprocessAllAssets 18.626ms
			BuilderAssetPostprocessor.OnPostprocessAllAssets 14.318ms
			AssetPostprocessor.OnPostprocessAllAssets 11.582ms
			SpriteSlicePostprocessor.OnPostprocessAllAssets 7.991ms
			ShaderGraphAssetPostProcessor.OnPostprocessAllAssets 6.378ms
			RetainedModeAssetPostprocessor.OnPostprocessAllAssets 2.928ms
			SpriteEditorTexturePostprocessor.OnPostprocessAllAssets 2.570ms
			MaterialPostprocessor.OnPostprocessAllAssets 2.108ms
			TMPro_TexturePostProcessor.OnPostprocessAllAssets 1.843ms
			SyncVS.PostprocessSyncProject 1.614ms
			SpriteShapeAssetPostProcessor.OnPostprocessAllAssets 1.530ms
			ArtifactBrowserPostProcessor.OnPostprocessAllAssets 1.528ms
			AudioMixerPostprocessor.OnPostprocessAllAssets 1.347ms
			TextAssetPostProcessor.OnPostprocessAllAssets 1.298ms
			InputActionJsonNameModifierAssetProcessor.OnPostprocessAllAssets 1.191ms
			PostProcessor.OnPostprocessAllAssets 0.956ms
			StyleCatalogPostProcessor.OnPostprocessAllAssets 0.941ms
			SpriteLibraryAssetPostprocessor.OnPostprocessAllAssets 0.853ms
			AssetEvents.OnPostprocessAllAssets 0.841ms
			SampleDependencyImporterPostProcessor.OnPostprocessAllAssets 0.826ms
			SpeedTreePostProcessor.OnPostprocessAllAssets 0.646ms
			SamplePostprocessor.OnPostprocessAllAssets 0.613ms
			PSDImportPostProcessor.OnPostprocessAllAssets 0.563ms
			UVCSAssetPostprocessor.OnPostprocessAllAssets 0.554ms
			ConfigAssetsTracker.OnPostprocessAllAssets 0.542ms
			ScenarioDriftAssetsTracker.OnPostprocessAllAssets 0.497ms
			InputActionAssetPostprocessor.OnPostprocessAllAssets 0.450ms
			AudioContainerPostProcessor.OnPostprocessAllAssets 0.357ms
			PSDImporterAssetPostProcessor.OnPostprocessAllAssets 0.346ms
			AssetProcessor.OnPostprocessAllAssets 0.222ms
			RenderPipelineGlobalSettingsPostprocessor.OnPostprocessAllAssets 0.210ms
			SpeedTree9Postprocessor.OnPostprocessAllAssets 0.051ms
	PostAssetChangesProfiler: 9.913ms
	GatherAllCurrentPrimaryImportResultRevisions: 0.277ms
	PersistCurrentRevisions: 0.548ms
	Untracked: 10.521ms

[Licensing::Client] Successfully resolved entitlement details
info: Microsoft.AspNetCore.Hosting.Diagnostics[1]
      Request starting HTTP/2 POST http://ilpp/UnityILPP.PostProcessing/Ping - application/grpc -
info: Microsoft.AspNetCore.Routing.EndpointMiddleware[0]
      Executing endpoint 'gRPC - /UnityILPP.PostProcessing/Ping'
info: Microsoft.AspNetCore.Routing.EndpointMiddleware[1]
      Executed endpoint 'gRPC - /UnityILPP.PostProcessing/Ping'
info: Microsoft.AspNetCore.Hosting.Diagnostics[2]
      Request finished HTTP/2 POST http://ilpp/UnityILPP.PostProcessing/Ping - 200 - application/grpc 0.3176ms
Starting: D:\UNITY\Installs\6000.5.4f1\Editor\Data\Tools\BuildPipeline\bee_backend.exe --ipc --defer-dag-verification --dagfile="Library/Bee/1300b0aE.dag" --continue-on-failure --profile="Library/Bee/backend1.traceevents" ScriptAssemblies
WorkingDir: D:/UNITY/MyProjects/ari-tuner/AriTuner
[Licensing::Client] Successfully resolved entitlement details
info: Microsoft.AspNetCore.Hosting.Diagnostics[1]
      Request starting HTTP/2 POST http://ilpp/UnityILPP.PostProcessing/ConfigurePostProcessors - application/grpc -
info: Microsoft.AspNetCore.Routing.EndpointMiddleware[0]
      Executing endpoint 'gRPC - /UnityILPP.PostProcessing/ConfigurePostProcessors'
info: Unity.ILPP.Runner.PostProcessingAssemblyLoadContext[0]
      Current configuration matches the requested one, skipping
info: Microsoft.AspNetCore.Routing.EndpointMiddleware[1]
      Executed endpoint 'gRPC - /UnityILPP.PostProcessing/ConfigurePostProcessors'
info: Microsoft.AspNetCore.Hosting.Diagnostics[2]
      Request finished HTTP/2 POST http://ilpp/UnityILPP.PostProcessing/ConfigurePostProcessors - 200 - application/grpc 1.5502ms
info: Microsoft.AspNetCore.Hosting.Diagnostics[1]
      Request starting HTTP/2 POST http://ilpp/UnityILPP.PostProcessing/PostProcessAssembly - application/grpc -
info: Microsoft.AspNetCore.Routing.EndpointMiddleware[0]
      Executing endpoint 'gRPC - /UnityILPP.PostProcessing/PostProcessAssembly'
info: Unity.ILPP.Runner.PostProcessingPipeline[0]
      Processing assembly Library/Bee/artifacts/1300b0aE.dag/Assembly-CSharp.dll, with 150 defines and 352 references
info: Unity.ILPP.Runner.PostProcessingPipeline[0]
      processors: Unity.Jobs.CodeGen.JobsILPostProcessor, zzzUnity.Burst.CodeGen.BurstILPostProcessor
info: Unity.ILPP.Runner.PostProcessingPipeline[0]
      running Unity.Jobs.CodeGen.JobsILPostProcessor
info: Unity.ILPP.Runner.PostProcessingPipeline[0]
      running zzzUnity.Burst.CodeGen.BurstILPostProcessor
info: Microsoft.AspNetCore.Routing.EndpointMiddleware[1]
      Executed endpoint 'gRPC - /UnityILPP.PostProcessing/PostProcessAssembly'
info: Microsoft.AspNetCore.Hosting.Diagnostics[2]
      Request finished HTTP/2 POST http://ilpp/UnityILPP.PostProcessing/PostProcessAssembly - 200 - application/grpc 35.2189ms
ExitCode: 0 Duration: 0s514ms
[ 859/1104  0s] ILPP-Configuration Library/ilpp-configuration.nevergeneratedoutput
[1100/1104  0s] Csc Library/Bee/artifacts/1300b0aE.dag/Assembly-CSharp.dll (+2 others)
[1101/1104  0s] ILPostProcess Library/Bee/artifacts/1300b0aE.dag/post-processed/Assembly-CSharp.dll (+pdb)
Processing assembly Library/Bee/artifacts/1300b0aE.dag/Assembly-CSharp.dll, with 150 defines and 352 references

processors: Unity.Jobs.CodeGen.JobsILPostProcessor, zzzUnity.Burst.CodeGen.BurstILPostProcessor

running Unity.Jobs.CodeGen.JobsILPostProcessor

running zzzUnity.Burst.CodeGen.BurstILPostProcessor
[1102/1104  0s] CopyFiles Library/ScriptAssemblies/Assembly-CSharp.dll
[1103/1104  0s] CopyFiles Library/ScriptAssemblies/Assembly-CSharp.pdb
*** Tundra build success (0.47 seconds), 5 items updated, 1104 evaluated
Reloading assemblies after finishing script compilation.
Reloading assemblies after forced synchronous recompile.
Begin MonoManager ReloadAssembly
Total cache size 211526171
Total cache size after purge 211526171, took 00:00:00.6056950
Refreshing native plugins compatible for Editor in 6.90 ms, found 5 plugins.
Native extension for Android target not found
Native extension for UWP target not found
Native extension for WindowsStandalone target not found
[MODES] ModeService[none].Initialize
[MODES] ModeService[none].LoadModes
ScheduleIndexationOnStartup MainProcess:True IndexOnStartup:True
Mono: successfully reloaded assembly
- Finished resetting the current domain, in  8.563 seconds
Domain Reload Profiling: 13192ms
	BeginReloadAssembly (2950ms)
		DisableScriptedObjects (554ms)
		CreateAndSetChildDomain (1530ms)
	RebuildCommonClasses (29ms)
	RebuildNativeTypeToScriptingClass (68ms)
	initialDomainReloadingComplete (215ms)
	LoadAllAssembliesAndSetupDomain (1366ms)
		LoadAssemblies (514ms)
		AnalyzeDomain (810ms)
			TypeCache.Refresh (34ms)
			BuildScriptInfoCaches (738ms)
			ResolveRequiredComponents (30ms)
	FinalizeReload (8565ms)
		SetupLoadedEditorAssemblies (0ms)
			InitializePlatformSupportModulesInManaged (55ms)
			BeforeProcessingInitializeOnLoad (796ms)
			ProcessInitializeOnLoadAttributes (1496ms)
			ProcessInitializeOnLoadMethodAttributes (656ms)
			AfterProcessingInitializeOnLoad (8ms)
		AwakeInstancesAfterBackupRestoration (3787ms)

Asset Pipeline Refresh (id=2798df122efabc54dbf6be52bdab81ec): Total: 13.719 seconds - Initiated by StopAssetImportingV2(ForceSynchronousImport | ForceDomainReload)
	(Values over 0.05ms)
	Summary:
		Imports: total=0 (actual=0, local cache=0, cache server=0)
		Asset DB Process Time: managed=0 ms, native=8865 ms
		Asset DB Callback time: managed=29 ms, native=0 ms
		Scripting: domain reloads=1, domain reload time=4820 ms, compile time=2 ms, other=0 ms
		Project Asset Count: scripts=1551, non-scripts=3230
		Asset File Changes: new=0, changed=0, moved=0, deleted=0
		Scan Filter Count: 0
	InvokeCustomDependenciesCallbacks: 0.071ms
	InvokePackagesCallback: 2.901ms
	ApplyChangesToAssetFolders: 1.743ms
	Collect global state as custom dependencies: 8.014ms
	ProcessAssetsWithTransientArtifactChanges: 15.349ms
	CategorizeAssets: 98.271ms
	CompileScripts: 2.272ms
	ImportOutOfDateAssets: 8625.690ms (8585.572ms without children)
		CollectScriptTypesHashes: 5.445ms
		ReloadNativeAssets: 1.361ms
		UnloadImportedAssets: 0.577ms
		EnsureUptoDateAssetsAreRegisteredWithGuidPM: 1.152ms
		ImportSchedulerStart: 37.000ms
	PostProcessAllAssets: 29.808ms
		MonoPostProcessAllAssets: 29.803ms
			AssetChangedListener.OnPostprocessAllAssets 18.626ms
			BuilderAssetPostprocessor.OnPostprocessAllAssets 14.318ms
			AssetPostprocessor.OnPostprocessAllAssets 11.582ms
			UniversalRenderPipelineGlobalSettingsPostprocessor.OnPostprocessAllAssets 10.117ms
			SpriteSlicePostprocessor.OnPostprocessAllAssets 7.991ms
			ShaderGraphAssetPostProcessor.OnPostprocessAllAssets 6.378ms
			SyncVS.PostprocessSyncProject 3.353ms
			RetainedModeAssetPostprocessor.OnPostprocessAllAssets 2.928ms
			SpriteEditorTexturePostprocessor.OnPostprocessAllAssets 2.570ms
			SpeedTree9Postprocessor.OnPostprocessAllAssets 2.166ms
			MaterialPostprocessor.OnPostprocessAllAssets 2.108ms
			WindowAssetPostprocessingWatcher.OnPostprocessAllAssets 1.869ms
			TMPro_TexturePostProcessor.OnPostprocessAllAssets 1.843ms
			SpriteShapeAssetPostProcessor.OnPostprocessAllAssets 1.530ms
			ArtifactBrowserPostProcessor.OnPostprocessAllAssets 1.528ms
			AudioMixerPostprocessor.OnPostprocessAllAssets 1.347ms
			TextAssetPostProcessor.OnPostprocessAllAssets 1.298ms
			InputActionJsonNameModifierAssetProcessor.OnPostprocessAllAssets 1.191ms
			PostProcessor.OnPostprocessAllAssets 0.956ms
			StyleCatalogPostProcessor.OnPostprocessAllAssets 0.941ms
			EditModeScopePostprocessor.OnPostprocessAllAssets 0.920ms
			SpriteLibraryAssetPostprocessor.OnPostprocessAllAssets 0.853ms
			AssetEvents.OnPostprocessAllAssets 0.841ms
			SampleDependencyImporterPostProcessor.OnPostprocessAllAssets 0.826ms
			RenderPipelineGlobalSettingsPostprocessor.OnPostprocessAllAssets 0.732ms
			SpeedTreePostProcessor.OnPostprocessAllAssets 0.646ms
			SamplePostprocessor.OnPostprocessAllAssets 0.613ms
			PSDImportPostProcessor.OnPostprocessAllAssets 0.563ms
			UVCSAssetPostprocessor.OnPostprocessAllAssets 0.554ms
			ConfigAssetsTracker.OnPostprocessAllAssets 0.542ms
			ScenarioDriftAssetsTracker.OnPostprocessAllAssets 0.497ms
			ShaderReflectionAssetPostProcessor.OnPostprocessAllAssets 0.393ms
			AudioContainerPostProcessor.OnPostprocessAllAssets 0.357ms
			PSDImporterAssetPostProcessor.OnPostprocessAllAssets 0.346ms
			InputActionAssetPostprocessor.OnPostprocessAllAssets 0.285ms
			ReferencedClipsPostProcessor.OnPostprocessAllAssets 0.256ms
			ProjectSettingsPostprocessor.OnPostprocessAllAssets 0.225ms
			AssetProcessor.OnPostprocessAllAssets 0.222ms
			TerrainToolbarOverlayPostProcessor.OnPostprocessAllAssets 0.173ms
			AssetDatabaseCallbacks.OnPostprocessAllAssets 0.148ms
	GatherAllCurrentPrimaryImportResultRevisions: 0.527ms
	PersistCurrentRevisions: 0.165ms
	GenerateScriptTypeHashes: 3.217ms
	GenerateScriptTypeSerializationHashes: 5.282ms
	Untracked: 4922.504ms

[Licensing::Client] Successfully resolved entitlement details
[Licensing::Client] Successfully resolved entitlement details
Asset Pipeline Refresh (id=3d2a3bed9c5c49043ad87dbbeff38494): Total: 0.004 seconds - Initiated by RefreshV2(AllowForceSynchronousImport)
[Licensing::Client] Successfully resolved entitlement details
Importing 'GUID: 8c9cfa26abfee488c85f1582747f6a02 - Path: Assets/Scenes/MainScene.unity' with importer (DefaultImporter)
Imported 'GUID: 8c9cfa26abfee488c85f1582747f6a02' -> (Import Result ID: '8a07ca1448b084e4ced961d303c556ed') in 0.015 seconds [static dependencies only]. Details - ImportResultOutputID=54d5b2ce481f87d93f90eaf84abf5744 DependenciesID=ba231cbd368e9aa87bfe2dccde0715e8 StaticDependenciesID=8ea4026f2c56ac31c744a7b50f89e3db 
Asset Pipeline Refresh (id=3241fb6b5bc345f449964581b74d9025): Total: 0.131 seconds - Initiated by StopAssetImportingV2(NoUpdateAssetOptions)
SpriteAtlasPacking completed in 0.007064 sec
Entering Playmode with Reload Domain disabled.
If you experience any issues, please disable "Enter Play Mode Options" in Editor Settings
Loaded scene 'Temp/__Backupscenes/0.backup'
	Deserialize:            1.949 ms
	Integration:            349.479 ms
	Integration of assets:  0.028 ms
	Thread Wait Time:       0.017 ms
	Total Operation Time:   351.473 ms
Microphone: Головной телефон (Redmi Buds 3 Pro)
UnityEngine.Debug:ExtractStackTraceNoAlloc (byte*,int,string)
UnityEngine.StackTraceUtility:ExtractStackTrace ()
UnityEngine.DebugLogHandler:Internal_Log (UnityEngine.LogType,UnityEngine.LogOption,string,UnityEngine.Object)
UnityEngine.DebugLogHandler:LogFormat (UnityEngine.LogType,UnityEngine.Object,string,object[])
UnityEngine.Logger:Log (UnityEngine.LogType,object)
UnityEngine.Debug:Log (object)
NoteIdentifier:Start () (at Assets/Scripts/NoteIdentifier.cs:18)

(Filename: Assets/Scripts/NoteIdentifier.cs Line: 18)

Microphone: Onboard MIC (Технология Intel® Smart Sound для цифровых микрофонов)
UnityEngine.Debug:ExtractStackTraceNoAlloc (byte*,int,string)
UnityEngine.StackTraceUtility:ExtractStackTrace ()
UnityEngine.DebugLogHandler:Internal_Log (UnityEngine.LogType,UnityEngine.LogOption,string,UnityEngine.Object)
UnityEngine.DebugLogHandler:LogFormat (UnityEngine.LogType,UnityEngine.Object,string,object[])
UnityEngine.Logger:Log (UnityEngine.LogType,object)
UnityEngine.Debug:Log (object)
NoteIdentifier:Start () (at Assets/Scripts/NoteIdentifier.cs:18)

(Filename: Assets/Scripts/NoteIdentifier.cs Line: 18)

Unloading 24 Unused Serialized files (Serialized files now loaded: 0)
Loaded scene 'Temp/__Backupscenes/0.backup'
	Deserialize:            0.986 ms
	Integration:            306.874 ms
	Integration of assets:  0.002 ms
	Thread Wait Time:       0.049 ms
	Total Operation Time:   307.910 ms
Unloading 188 unused Assets / (141.3 KB). Loaded Objects now: 9518.
Memory consumption went from 0.68 GB to 0.68 GB.
Total: 30.644200 ms (FindLiveObjects: 0.498800 ms CreateObjectMapping: 1.235700 ms MarkObjects: 19.903600 ms  DeleteObjects: 9.003800 ms)

[Licensing::Client] Successfully resolved entitlement details
[Licensing::Client] Successfully resolved entitlement details
[ScriptCompilation] Requested script compilation because: AssetDatabase observed changes in script compilation related files
Refreshing native plugins compatible for Editor in 5.23 ms, found 5 plugins.

Asset Pipeline Refresh (id=24600711fab6314488f83aabacb351e2): Total: 0.313 seconds - Initiated by RefreshV2(NoUpdateAssetOptions)
	(Values over 0.05ms)
	Summary:
		Imports: total=0 (actual=0, local cache=0, cache server=0)
		Asset DB Process Time: managed=0 ms, native=292 ms
		Asset DB Callback time: managed=4 ms, native=14 ms
		Scripting: domain reloads=0, domain reload time=0 ms, compile time=2 ms, other=0 ms
		Project Asset Count: scripts=1551, non-scripts=3230
		Asset File Changes: new=0, changed=1, moved=0, deleted=0
		Scan Filter Count: 0
	ApplyChangesToAssetFolders: 0.420ms
	Scan: 62.162ms
	Collect global state as custom dependencies: 0.268ms
	OnSourceAssetsModified: 0.144ms
	CategorizeScriptCompilationAssets: 0.066ms
	ProcessAssetsWithTransientArtifactChanges: 0.581ms
	CategorizeAssets: 52.178ms
	CompileScripts: 1.588ms
	ImportOutOfDateAssets: 141.695ms (24.378ms without children)
		ReloadNativeAssets: 0.119ms
		UnloadImportedAssets: 0.193ms
		EnsureUptoDateAssetsAreRegisteredWithGuidPM: 1.156ms
		ImportSchedulerStart: 115.841ms
	PostProcessAllAssets: 12.288ms
		XRBuildSystem.XRAssetImported 7.345ms
		PostProcessCallbackCreateDeferredMaterials 0.080ms
		MonoPostProcessAllAssets: 4.478ms
			AssetChangedListener.OnPostprocessAllAssets 1.140ms
			SyncVS.PostprocessSyncProject 1.095ms
			SpriteEditorTexturePostprocessor.OnPostprocessAllAssets 0.450ms
			ShaderGraphAssetPostProcessor.OnPostprocessAllAssets 0.290ms
			AssetPostprocessor.OnPostprocessAllAssets 0.197ms
			RenderPipelineGlobalSettingsPostprocessor.OnPostprocessAllAssets 0.117ms
			PostProcessor.OnPostprocessAllAssets 0.064ms
			SpriteShapeAssetPostProcessor.OnPostprocessAllAssets 0.056ms
	PostAssetChangesProfiler: 6.396ms
	GatherAllCurrentPrimaryImportResultRevisions: 0.965ms
	PersistCurrentRevisions: 0.409ms
	Untracked: 28.993ms

[Licensing::Client] Successfully resolved entitlement details
info: Microsoft.AspNetCore.Hosting.Diagnostics[1]
      Request starting HTTP/2 POST http://ilpp/UnityILPP.PostProcessing/Ping - application/grpc -
info: Microsoft.AspNetCore.Routing.EndpointMiddleware[0]
      Executing endpoint 'gRPC - /UnityILPP.PostProcessing/Ping'
info: Microsoft.AspNetCore.Routing.EndpointMiddleware[1]
      Executed endpoint 'gRPC - /UnityILPP.PostProcessing/Ping'
info: Microsoft.AspNetCore.Hosting.Diagnostics[2]
      Request finished HTTP/2 POST http://ilpp/UnityILPP.PostProcessing/Ping - 200 - application/grpc 0.3959ms
Starting: D:\UNITY\Installs\6000.5.4f1\Editor\Data\Tools\BuildPipeline\bee_backend.exe --ipc --defer-dag-verification --dagfile="Library/Bee/1300b0aE.dag" --continue-on-failure --profile="Library/Bee/backend1.traceevents" ScriptAssemblies
WorkingDir: D:/UNITY/MyProjects/ari-tuner/AriTuner
[Licensing::Client] Successfully resolved entitlement details
info: Microsoft.AspNetCore.Hosting.Diagnostics[1]
      Request starting HTTP/2 POST http://ilpp/UnityILPP.PostProcessing/ConfigurePostProcessors - application/grpc -
info: Microsoft.AspNetCore.Routing.EndpointMiddleware[0]
      Executing endpoint 'gRPC - /UnityILPP.PostProcessing/ConfigurePostProcessors'
info: Unity.ILPP.Runner.PostProcessingAssemblyLoadContext[0]
      Current configuration matches the requested one, skipping
info: Microsoft.AspNetCore.Routing.EndpointMiddleware[1]
      Executed endpoint 'gRPC - /UnityILPP.PostProcessing/ConfigurePostProcessors'
info: Microsoft.AspNetCore.Hosting.Diagnostics[2]
      Request finished HTTP/2 POST http://ilpp/UnityILPP.PostProcessing/ConfigurePostProcessors - 200 - application/grpc 1.0732ms
info: Microsoft.AspNetCore.Hosting.Diagnostics[1]
      Request starting HTTP/2 POST http://ilpp/UnityILPP.PostProcessing/PostProcessAssembly - application/grpc -
info: Microsoft.AspNetCore.Routing.EndpointMiddleware[0]
      Executing endpoint 'gRPC - /UnityILPP.PostProcessing/PostProcessAssembly'
info: Unity.ILPP.Runner.PostProcessingPipeline[0]
      Processing assembly Library/Bee/artifacts/1300b0aE.dag/Assembly-CSharp.dll, with 150 defines and 352 references
info: Unity.ILPP.Runner.PostProcessingPipeline[0]
      processors: Unity.Jobs.CodeGen.JobsILPostProcessor, zzzUnity.Burst.CodeGen.BurstILPostProcessor
info: Unity.ILPP.Runner.PostProcessingPipeline[0]
      running Unity.Jobs.CodeGen.JobsILPostProcessor
info: Unity.ILPP.Runner.PostProcessingPipeline[0]
      running zzzUnity.Burst.CodeGen.BurstILPostProcessor
info: Microsoft.AspNetCore.Routing.EndpointMiddleware[1]
      Executed endpoint 'gRPC - /UnityILPP.PostProcessing/PostProcessAssembly'
info: Microsoft.AspNetCore.Hosting.Diagnostics[2]
      Request finished HTTP/2 POST http://ilpp/UnityILPP.PostProcessing/PostProcessAssembly - 200 - application/grpc 32.7345ms
ExitCode: 0 Duration: 0s513ms
[ 859/1104  0s] ILPP-Configuration Library/ilpp-configuration.nevergeneratedoutput
[1100/1104  0s] Csc Library/Bee/artifacts/1300b0aE.dag/Assembly-CSharp.dll (+2 others)
[1101/1104  0s] ILPostProcess Library/Bee/artifacts/1300b0aE.dag/post-processed/Assembly-CSharp.dll (+pdb)
Processing assembly Library/Bee/artifacts/1300b0aE.dag/Assembly-CSharp.dll, with 150 defines and 352 references

processors: Unity.Jobs.CodeGen.JobsILPostProcessor, zzzUnity.Burst.CodeGen.BurstILPostProcessor

running Unity.Jobs.CodeGen.JobsILPostProcessor

running zzzUnity.Burst.CodeGen.BurstILPostProcessor
[1102/1104  0s] CopyFiles Library/ScriptAssemblies/Assembly-CSharp.pdb
[1103/1104  0s] CopyFiles Library/ScriptAssemblies/Assembly-CSharp.dll
*** Tundra build success (0.48 seconds), 5 items updated, 1104 evaluated
Reloading assemblies after finishing script compilation.
Reloading assemblies after forced synchronous recompile.
Begin MonoManager ReloadAssembly
Total cache size 211526171
Total cache size after purge 211526171, took 00:00:00.4089758
Refreshing native plugins compatible for Editor in 6.93 ms, found 5 plugins.
Native extension for Android target not found
Native extension for UWP target not found
Native extension for WindowsStandalone target not found
[MODES] ModeService[none].Initialize
[MODES] ModeService[none].LoadModes
ScheduleIndexationOnStartup MainProcess:True IndexOnStartup:True
Mono: successfully reloaded assembly
- Finished resetting the current domain, in 10.083 seconds
Domain Reload Profiling: 14919ms
	BeginReloadAssembly (3097ms)
		DisableScriptedObjects (427ms)
		CreateAndSetChildDomain (1797ms)
	RebuildCommonClasses (43ms)
	RebuildNativeTypeToScriptingClass (64ms)
	initialDomainReloadingComplete (205ms)
	LoadAllAssembliesAndSetupDomain (1424ms)
		LoadAssemblies (544ms)
		AnalyzeDomain (834ms)
			TypeCache.Refresh (41ms)
			BuildScriptInfoCaches (755ms)
			ResolveRequiredComponents (33ms)
	FinalizeReload (10086ms)
		SetupLoadedEditorAssemblies (0ms)
			InitializePlatformSupportModulesInManaged (53ms)
			BeforeProcessingInitializeOnLoad (869ms)
			ProcessInitializeOnLoadAttributes (1515ms)
			ProcessInitializeOnLoadMethodAttributes (655ms)
			AfterProcessingInitializeOnLoad (8ms)
		AwakeInstancesAfterBackupRestoration (5061ms)

Asset Pipeline Refresh (id=5ad6e179e0e1f5943ac2771785914d55): Total: 15.710 seconds - Initiated by StopAssetImportingV2(ForceSynchronousImport | ForceDomainReload)
	(Values over 0.05ms)
	Summary:
		Imports: total=0 (actual=0, local cache=0, cache server=0)
		Asset DB Process Time: managed=0 ms, native=10656 ms
		Asset DB Callback time: managed=113 ms, native=0 ms
		Scripting: domain reloads=1, domain reload time=4935 ms, compile time=4 ms, other=0 ms
		Project Asset Count: scripts=1551, non-scripts=3230
		Asset File Changes: new=0, changed=0, moved=0, deleted=0
		Scan Filter Count: 0
	InvokePackagesCallback: 3.611ms
	ApplyChangesToAssetFolders: 0.937ms
	Collect global state as custom dependencies: 9.789ms
	ProcessAssetsWithTransientArtifactChanges: 20.359ms
	CategorizeAssets: 196.207ms
	CompileScripts: 4.057ms
	ImportOutOfDateAssets: 10292.844ms (10130.636ms without children)
		CollectScriptTypesHashes: 2.953ms
		ReloadNativeAssets: 3.987ms
		UnloadImportedAssets: 0.781ms
		EnsureUptoDateAssetsAreRegisteredWithGuidPM: 2.426ms
		ImportSchedulerStart: 154.880ms
	PostProcessAllAssets: 113.029ms
		MonoPostProcessAllAssets: 113.016ms
			UniversalRenderPipelineGlobalSettingsPostprocessor.OnPostprocessAllAssets 37.993ms
			SyncVS.PostprocessSyncProject 9.649ms
			SpeedTree9Postprocessor.OnPostprocessAllAssets 5.983ms
			WindowAssetPostprocessingWatcher.OnPostprocessAllAssets 5.419ms
			EditModeScopePostprocessor.OnPostprocessAllAssets 3.001ms
			RenderPipelineGlobalSettingsPostprocessor.OnPostprocessAllAssets 2.431ms
			AssetChangedListener.OnPostprocessAllAssets 1.140ms
			ShaderReflectionAssetPostProcessor.OnPostprocessAllAssets 1.110ms
			ReferencedClipsPostProcessor.OnPostprocessAllAssets 1.036ms
			InputActionAssetPostprocessor.OnPostprocessAllAssets 0.926ms
			ProjectSettingsPostprocessor.OnPostprocessAllAssets 0.555ms
			AssetDatabaseCallbacks.OnPostprocessAllAssets 0.536ms
			TerrainToolbarOverlayPostProcessor.OnPostprocessAllAssets 0.482ms
			SpriteEditorTexturePostprocessor.OnPostprocessAllAssets 0.450ms
			ShaderGraphAssetPostProcessor.OnPostprocessAllAssets 0.290ms
			AssetPostprocessor.OnPostprocessAllAssets 0.197ms
			PostProcessor.OnPostprocessAllAssets 0.064ms
			SpriteShapeAssetPostProcessor.OnPostprocessAllAssets 0.056ms
	GatherAllCurrentPrimaryImportResultRevisions: 0.434ms
	PersistCurrentRevisions: 0.624ms
	GenerateScriptTypeHashes: 11.733ms
	GenerateScriptTypeSerializationHashes: 21.985ms
	Untracked: 5054.529ms

[Licensing::Client] Successfully resolved entitlement details
[Licensing::Client] Successfully resolved entitlement details
[Licensing::Client] Successfully resolved entitlement details
[ScriptCompilation] Requested script compilation because: AssetDatabase observed changes in script compilation related files
Refreshing native plugins compatible for Editor in 5.85 ms, found 5 plugins.

Asset Pipeline Refresh (id=a25744941cb42bf4ebcb7d1c4b75d85a): Total: 0.336 seconds - Initiated by RefreshV2(NoUpdateAssetOptions)
	(Values over 0.05ms)
	Summary:
		Imports: total=0 (actual=0, local cache=0, cache server=0)
		Asset DB Process Time: managed=0 ms, native=229 ms
		Asset DB Callback time: managed=93 ms, native=10 ms
		Scripting: domain reloads=0, domain reload time=0 ms, compile time=3 ms, other=0 ms
		Project Asset Count: scripts=1551, non-scripts=3230
		Asset File Changes: new=0, changed=1, moved=0, deleted=0
		Scan Filter Count: 0
	ApplyChangesToAssetFolders: 0.382ms
	Scan: 37.368ms
	Collect global state as custom dependencies: 0.162ms
	OnSourceAssetsModified: 1.792ms
	ProcessAssetsWithTransientArtifactChanges: 0.427ms
	CategorizeAssets: 45.757ms
	CompileScripts: 2.803ms
	ImportOutOfDateAssets: 131.887ms (18.098ms without children)
		ReloadNativeAssets: 0.086ms
		UnloadImportedAssets: 0.371ms
		EnsureUptoDateAssetsAreRegisteredWithGuidPM: 1.179ms
		ImportSchedulerStart: 112.146ms
	PostProcessAllAssets: 93.118ms
		XRBuildSystem.XRAssetImported 0.912ms
		MonoPostProcessAllAssets: 91.330ms
			AssetChangedListener.OnPostprocessAllAssets 21.581ms
			BuilderAssetPostprocessor.OnPostprocessAllAssets 19.892ms
			AssetPostprocessor.OnPostprocessAllAssets 12.983ms
			SpriteSlicePostprocessor.OnPostprocessAllAssets 5.897ms
			ShaderGraphAssetPostProcessor.OnPostprocessAllAssets 4.087ms
			RetainedModeAssetPostprocessor.OnPostprocessAllAssets 3.657ms
			TMPro_TexturePostProcessor.OnPostprocessAllAssets 2.369ms
			MaterialPostprocessor.OnPostprocessAllAssets 1.453ms
			UVCSAssetPostprocessor.OnPostprocessAllAssets 1.302ms
			SampleDependencyImporterPostProcessor.OnPostprocessAllAssets 1.269ms
			SpriteEditorTexturePostprocessor.OnPostprocessAllAssets 1.174ms
			SyncVS.PostprocessSyncProject 1.119ms
			ArtifactBrowserPostProcessor.OnPostprocessAllAssets 1.088ms
			SpriteShapeAssetPostProcessor.OnPostprocessAllAssets 1.055ms
			AssetEvents.OnPostprocessAllAssets 0.918ms
			AudioMixerPostprocessor.OnPostprocessAllAssets 0.918ms
			TextAssetPostProcessor.OnPostprocessAllAssets 0.893ms
			InputActionJsonNameModifierAssetProcessor.OnPostprocessAllAssets 0.837ms
			PostProcessor.OnPostprocessAllAssets 0.705ms
			StyleCatalogPostProcessor.OnPostprocessAllAssets 0.634ms
			ConfigAssetsTracker.OnPostprocessAllAssets 0.627ms
			ScenarioDriftAssetsTracker.OnPostprocessAllAssets 0.558ms
			SpeedTreePostProcessor.OnPostprocessAllAssets 0.393ms
			SpriteLibraryAssetPostprocessor.OnPostprocessAllAssets 0.327ms
			InputActionAssetPostprocessor.OnPostprocessAllAssets 0.271ms
			SamplePostprocessor.OnPostprocessAllAssets 0.230ms
			PSDImportPostProcessor.OnPostprocessAllAssets 0.214ms
			RenderPipelineGlobalSettingsPostprocessor.OnPostprocessAllAssets 0.208ms
			AudioContainerPostProcessor.OnPostprocessAllAssets 0.201ms
			PSDImporterAssetPostProcessor.OnPostprocessAllAssets 0.186ms
			AssetProcessor.OnPostprocessAllAssets 0.088ms
	PostAssetChangesProfiler: 8.915ms
	GatherAllCurrentPrimaryImportResultRevisions: 0.749ms
	PersistCurrentRevisions: 0.410ms
	Untracked: 11.900ms

info: Microsoft.AspNetCore.Hosting.Diagnostics[1]
      Request starting HTTP/2 POST http://ilpp/UnityILPP.PostProcessing/Ping - application/grpc -
info: Microsoft.AspNetCore.Routing.EndpointMiddleware[0]
      Executing endpoint 'gRPC - /UnityILPP.PostProcessing/Ping'
info: Microsoft.AspNetCore.Routing.EndpointMiddleware[1]
      Executed endpoint 'gRPC - /UnityILPP.PostProcessing/Ping'
info: Microsoft.AspNetCore.Hosting.Diagnostics[2]
      Request finished HTTP/2 POST http://ilpp/UnityILPP.PostProcessing/Ping - 200 - application/grpc 0.3341ms
Starting: D:\UNITY\Installs\6000.5.4f1\Editor\Data\Tools\BuildPipeline\bee_backend.exe --ipc --defer-dag-verification --dagfile="Library/Bee/1300b0aE.dag" --continue-on-failure --profile="Library/Bee/backend1.traceevents" ScriptAssemblies
WorkingDir: D:/UNITY/MyProjects/ari-tuner/AriTuner
info: Microsoft.AspNetCore.Hosting.Diagnostics[1]
      Request starting HTTP/2 POST http://ilpp/UnityILPP.PostProcessing/ConfigurePostProcessors - application/grpc -
info: Microsoft.AspNetCore.Routing.EndpointMiddleware[0]
      Executing endpoint 'gRPC - /UnityILPP.PostProcessing/ConfigurePostProcessors'
info: Unity.ILPP.Runner.PostProcessingAssemblyLoadContext[0]
      Current configuration matches the requested one, skipping
info: Microsoft.AspNetCore.Routing.EndpointMiddleware[1]
      Executed endpoint 'gRPC - /UnityILPP.PostProcessing/ConfigurePostProcessors'
info: Microsoft.AspNetCore.Hosting.Diagnostics[2]
      Request finished HTTP/2 POST http://ilpp/UnityILPP.PostProcessing/ConfigurePostProcessors - 200 - application/grpc 0.8809ms
info: Microsoft.AspNetCore.Hosting.Diagnostics[1]
      Request starting HTTP/2 POST http://ilpp/UnityILPP.PostProcessing/PostProcessAssembly - application/grpc -
info: Microsoft.AspNetCore.Routing.EndpointMiddleware[0]
      Executing endpoint 'gRPC - /UnityILPP.PostProcessing/PostProcessAssembly'
info: Unity.ILPP.Runner.PostProcessingPipeline[0]
      Processing assembly Library/Bee/artifacts/1300b0aE.dag/Assembly-CSharp.dll, with 150 defines and 352 references
info: Unity.ILPP.Runner.PostProcessingPipeline[0]
      processors: Unity.Jobs.CodeGen.JobsILPostProcessor, zzzUnity.Burst.CodeGen.BurstILPostProcessor
info: Unity.ILPP.Runner.PostProcessingPipeline[0]
      running Unity.Jobs.CodeGen.JobsILPostProcessor
info: Unity.ILPP.Runner.PostProcessingPipeline[0]
      running zzzUnity.Burst.CodeGen.BurstILPostProcessor
info: Microsoft.AspNetCore.Routing.EndpointMiddleware[1]
      Executed endpoint 'gRPC - /UnityILPP.PostProcessing/PostProcessAssembly'
info: Microsoft.AspNetCore.Hosting.Diagnostics[2]
      Request finished HTTP/2 POST http://ilpp/UnityILPP.PostProcessing/PostProcessAssembly - 200 - application/grpc 26.3772ms
ExitCode: 0 Duration: 0s511ms
[ 859/1104  0s] ILPP-Configuration Library/ilpp-configuration.nevergeneratedoutput
[1100/1104  0s] Csc Library/Bee/artifacts/1300b0aE.dag/Assembly-CSharp.dll (+2 others)
[1101/1104  0s] ILPostProcess Library/Bee/artifacts/1300b0aE.dag/post-processed/Assembly-CSharp.dll (+pdb)
Processing assembly Library/Bee/artifacts/1300b0aE.dag/Assembly-CSharp.dll, with 150 defines and 352 references

processors: Unity.Jobs.CodeGen.JobsILPostProcessor, zzzUnity.Burst.CodeGen.BurstILPostProcessor

running Unity.Jobs.CodeGen.JobsILPostProcessor

running zzzUnity.Burst.CodeGen.BurstILPostProcessor
[1102/1104  0s] CopyFiles Library/ScriptAssemblies/Assembly-CSharp.dll
[1103/1104  0s] CopyFiles Library/ScriptAssemblies/Assembly-CSharp.pdb
*** Tundra build success (0.47 seconds), 5 items updated, 1104 evaluated
Reloading assemblies after finishing script compilation.
Reloading assemblies after forced synchronous recompile.
Begin MonoManager ReloadAssembly
Total cache size 211526171
Total cache size after purge 211526171, took 00:00:00.4705704
[Licensing::Client] Successfully resolved entitlement details
[Licensing::Client] Successfully resolved entitlement details
Native extension for Android target not found
Native extension for UWP target not found
Native extension for WindowsStandalone target not found
[MODES] ModeService[none].Initialize
[MODES] ModeService[none].LoadModes
ScheduleIndexationOnStartup MainProcess:True IndexOnStartup:True
Mono: successfully reloaded assembly
- Finished resetting the current domain, in  2.486 seconds
Domain Reload Profiling: 6720ms
	BeginReloadAssembly (3117ms)
		DisableScriptedObjects (679ms)
		CreateAndSetChildDomain (1624ms)
	RebuildCommonClasses (30ms)
	RebuildNativeTypeToScriptingClass (67ms)
	initialDomainReloadingComplete (235ms)
	LoadAllAssembliesAndSetupDomain (784ms)
		LoadAssemblies (510ms)
		AnalyzeDomain (497ms)
			TypeCache.Refresh (40ms)
			BuildScriptInfoCaches (444ms)
			ResolveRequiredComponents (11ms)
	FinalizeReload (2487ms)
		SetupLoadedEditorAssemblies (0ms)
			InitializePlatformSupportModulesInManaged (15ms)
			BeforeProcessingInitializeOnLoad (211ms)
			ProcessInitializeOnLoadAttributes (378ms)
			ProcessInitializeOnLoadMethodAttributes (167ms)
		AwakeInstancesAfterBackupRestoration (1210ms)

Asset Pipeline Refresh (id=13727b303bb6d014fb44ba61156c4cf8): Total: 7.034 seconds - Initiated by StopAssetImportingV2(ForceSynchronousImport | ForceDomainReload)
	(Values over 0.05ms)
	Summary:
		Imports: total=0 (actual=0, local cache=0, cache server=0)
		Asset DB Process Time: managed=0 ms, native=2661 ms
		Asset DB Callback time: managed=43 ms, native=0 ms
		Scripting: domain reloads=1, domain reload time=4327 ms, compile time=1 ms, other=0 ms
		Project Asset Count: scripts=1551, non-scripts=3230
		Asset File Changes: new=0, changed=0, moved=0, deleted=0
		Scan Filter Count: 0
	InvokePackagesCallback: 2.016ms
	ApplyChangesToAssetFolders: 0.605ms
	Collect global state as custom dependencies: 3.150ms
	ProcessAssetsWithTransientArtifactChanges: 5.356ms
	CategorizeAssets: 63.261ms
	CompileScripts: 1.264ms
	ImportOutOfDateAssets: 2545.873ms (2501.378ms without children)
		CollectScriptTypesHashes: 3.230ms
		ReloadNativeAssets: 1.508ms
		UnloadImportedAssets: 0.219ms
		EnsureUptoDateAssetsAreRegisteredWithGuidPM: 0.900ms
		ImportSchedulerStart: 41.835ms
	PostProcessAllAssets: 43.084ms
		MonoPostProcessAllAssets: 43.079ms
			AssetChangedListener.OnPostprocessAllAssets 21.581ms
			BuilderAssetPostprocessor.OnPostprocessAllAssets 19.892ms
			UniversalRenderPipelineGlobalSettingsPostprocessor.OnPostprocessAllAssets 16.554ms
			AssetPostprocessor.OnPostprocessAllAssets 12.983ms
			SpriteSlicePostprocessor.OnPostprocessAllAssets 5.897ms
			WindowAssetPostprocessingWatcher.OnPostprocessAllAssets 4.283ms
			ShaderGraphAssetPostProcessor.OnPostprocessAllAssets 4.087ms
			RetainedModeAssetPostprocessor.OnPostprocessAllAssets 3.657ms
			SyncVS.PostprocessSyncProject 3.521ms
			SpeedTree9Postprocessor.OnPostprocessAllAssets 2.370ms
			TMPro_TexturePostProcessor.OnPostprocessAllAssets 2.369ms
			RenderPipelineGlobalSettingsPostprocessor.OnPostprocessAllAssets 1.605ms
			EditModeScopePostprocessor.OnPostprocessAllAssets 1.535ms
			MaterialPostprocessor.OnPostprocessAllAssets 1.453ms
			UVCSAssetPostprocessor.OnPostprocessAllAssets 1.302ms
			SampleDependencyImporterPostProcessor.OnPostprocessAllAssets 1.269ms
			SpriteEditorTexturePostprocessor.OnPostprocessAllAssets 1.174ms
			ArtifactBrowserPostProcessor.OnPostprocessAllAssets 1.088ms
			SpriteShapeAssetPostProcessor.OnPostprocessAllAssets 1.055ms
			AssetEvents.OnPostprocessAllAssets 0.918ms
			AudioMixerPostprocessor.OnPostprocessAllAssets 0.918ms
			TextAssetPostProcessor.OnPostprocessAllAssets 0.893ms
			InputActionJsonNameModifierAssetProcessor.OnPostprocessAllAssets 0.837ms
			PostProcessor.OnPostprocessAllAssets 0.705ms
			ReferencedClipsPostProcessor.OnPostprocessAllAssets 0.659ms
			StyleCatalogPostProcessor.OnPostprocessAllAssets 0.634ms
			ConfigAssetsTracker.OnPostprocessAllAssets 0.627ms
			ScenarioDriftAssetsTracker.OnPostprocessAllAssets 0.558ms
			SpeedTreePostProcessor.OnPostprocessAllAssets 0.393ms
			InputActionAssetPostprocessor.OnPostprocessAllAssets 0.384ms
			ShaderReflectionAssetPostProcessor.OnPostprocessAllAssets 0.380ms
			AssetDatabaseCallbacks.OnPostprocessAllAssets 0.360ms
			SpriteLibraryAssetPostprocessor.OnPostprocessAllAssets 0.327ms
			ProjectSettingsPostprocessor.OnPostprocessAllAssets 0.277ms
			TerrainToolbarOverlayPostProcessor.OnPostprocessAllAssets 0.242ms
			SamplePostprocessor.OnPostprocessAllAssets 0.230ms
			PSDImportPostProcessor.OnPostprocessAllAssets 0.214ms
			AudioContainerPostProcessor.OnPostprocessAllAssets 0.201ms
			PSDImporterAssetPostProcessor.OnPostprocessAllAssets 0.186ms
			AssetProcessor.OnPostprocessAllAssets 0.088ms
	GatherAllCurrentPrimaryImportResultRevisions: 0.438ms
	PersistCurrentRevisions: 0.169ms
	GenerateScriptTypeHashes: 3.238ms
	GenerateScriptTypeSerializationHashes: 5.489ms
	Untracked: 4362.909ms

[Licensing::Client] Successfully resolved entitlement details
Asset Pipeline Refresh (id=adc67e330cc153f4a8898e64052695cb): Total: 0.004 seconds - Initiated by RefreshV2(AllowForceSynchronousImport)
[Licensing::Client] Successfully resolved entitlement details
Asset Pipeline Refresh (id=0043ebd0f1c4a4e4eba636072ce1d6e0): Total: 0.003 seconds - Initiated by RefreshV2(AllowForceSynchronousImport)
[Licensing::Client] Successfully resolved entitlement details
Importing 'GUID: 8c9cfa26abfee488c85f1582747f6a02 - Path: Assets/Scenes/MainScene.unity' with importer (DefaultImporter)
Imported 'GUID: 8c9cfa26abfee488c85f1582747f6a02' -> (Import Result ID: 'b33beab96fee4b836beef492a272c62b') in 0.007 seconds [static dependencies only]. Details - ImportResultOutputID=54d5b2ce481f87d93f90eaf84abf5744 DependenciesID=bad8077f88162572b1ca130e9359d844 StaticDependenciesID=03f5d3b37fafe2c4ec4392ee1e6e91e7 
Asset Pipeline Refresh (id=c7abc6b851b9c574b8282efea93a22d6): Total: 0.137 seconds - Initiated by StopAssetImportingV2(NoUpdateAssetOptions)
SpriteAtlasPacking completed in 0.004308 sec
Entering Playmode with Reload Domain disabled.
If you experience any issues, please disable "Enter Play Mode Options" in Editor Settings
Loaded scene 'Temp/__Backupscenes/0.backup'
	Deserialize:            2.056 ms
	Integration:            351.377 ms
	Integration of assets:  0.032 ms
	Thread Wait Time:       0.054 ms
	Total Operation Time:   353.520 ms
Microphone: Головной телефон (Redmi Buds 3 Pro)
UnityEngine.Debug:ExtractStackTraceNoAlloc (byte*,int,string)
UnityEngine.StackTraceUtility:ExtractStackTrace ()
UnityEngine.DebugLogHandler:Internal_Log (UnityEngine.LogType,UnityEngine.LogOption,string,UnityEngine.Object)
UnityEngine.DebugLogHandler:LogFormat (UnityEngine.LogType,UnityEngine.Object,string,object[])
UnityEngine.Logger:Log (UnityEngine.LogType,object)
UnityEngine.Debug:Log (object)
NoteIdentifier:Start () (at Assets/Scripts/NoteIdentifier.cs:18)

(Filename: Assets/Scripts/NoteIdentifier.cs Line: 18)

Microphone: Onboard MIC (Технология Intel® Smart Sound для цифровых микрофонов)
UnityEngine.Debug:ExtractStackTraceNoAlloc (byte*,int,string)
UnityEngine.StackTraceUtility:ExtractStackTrace ()
UnityEngine.DebugLogHandler:Internal_Log (UnityEngine.LogType,UnityEngine.LogOption,string,UnityEngine.Object)
UnityEngine.DebugLogHandler:LogFormat (UnityEngine.LogType,UnityEngine.Object,string,object[])
UnityEngine.Logger:Log (UnityEngine.LogType,object)
UnityEngine.Debug:Log (object)
NoteIdentifier:Start () (at Assets/Scripts/NoteIdentifier.cs:18)

(Filename: Assets/Scripts/NoteIdentifier.cs Line: 18)

Stop record!!!
UnityEngine.Debug:ExtractStackTraceNoAlloc (byte*,int,string)
UnityEngine.StackTraceUtility:ExtractStackTrace ()
UnityEngine.DebugLogHandler:Internal_Log (UnityEngine.LogType,UnityEngine.LogOption,string,UnityEngine.Object)
UnityEngine.DebugLogHandler:LogFormat (UnityEngine.LogType,UnityEngine.Object,string,object[])
UnityEngine.Logger:Log (UnityEngine.LogType,object)
UnityEngine.Debug:Log (object)
NoteIdentifier:StartRecording (string) (at Assets/Scripts/NoteIdentifier.cs:42)
NoteIdentifier:Update () (at Assets/Scripts/NoteIdentifier.cs:31)

(Filename: Assets/Scripts/NoteIdentifier.cs Line: 42)

Stop record!!!
UnityEngine.Debug:ExtractStackTraceNoAlloc (byte*,int,string)
UnityEngine.StackTraceUtility:ExtractStackTrace ()
UnityEngine.DebugLogHandler:Internal_Log (UnityEngine.LogType,UnityEngine.LogOption,string,UnityEngine.Object)
UnityEngine.DebugLogHandler:LogFormat (UnityEngine.LogType,UnityEngine.Object,string,object[])
UnityEngine.Logger:Log (UnityEngine.LogType,object)
UnityEngine.Debug:Log (object)
NoteIdentifier:StopRecording (string) (at Assets/Scripts/NoteIdentifier.cs:57)
NoteIdentifier:Update () (at Assets/Scripts/NoteIdentifier.cs:36)

(Filename: Assets/Scripts/NoteIdentifier.cs Line: 57)

Unloading 23 Unused Serialized files (Serialized files now loaded: 0)
Loaded scene 'Temp/__Backupscenes/0.backup'
	Deserialize:            1.946 ms
	Integration:            340.182 ms
	Integration of assets:  0.005 ms
	Thread Wait Time:       0.157 ms
	Total Operation Time:   342.290 ms
Unloading 174 unused Assets / (120.7 KB). Loaded Objects now: 9520.
Memory consumption went from 0.69 GB to 0.69 GB.
Total: 21.429800 ms (FindLiveObjects: 0.496700 ms CreateObjectMapping: 1.236400 ms MarkObjects: 19.237200 ms  DeleteObjects: 0.457900 ms)

[Licensing::Client] Successfully resolved entitlement details
[Licensing::Client] Successfully resolved entitlement details
[ScriptCompilation] Requested script compilation because: AssetDatabase observed changes in script compilation related files
Refreshing native plugins compatible for Editor in 2.99 ms, found 5 plugins.
Asset Pipeline Refresh (id=4946c3258ec94d74d8c44973af52605c): Total: 0.201 seconds - Initiated by RefreshV2(NoUpdateAssetOptions)
info: Microsoft.AspNetCore.Hosting.Diagnostics[1]
      Request starting HTTP/2 POST http://ilpp/UnityILPP.PostProcessing/Ping - application/grpc -
info: Microsoft.AspNetCore.Routing.EndpointMiddleware[0]
      Executing endpoint 'gRPC - /UnityILPP.PostProcessing/Ping'
info: Microsoft.AspNetCore.Routing.EndpointMiddleware[1]
      Executed endpoint 'gRPC - /UnityILPP.PostProcessing/Ping'
info: Microsoft.AspNetCore.Hosting.Diagnostics[2]
      Request finished HTTP/2 POST http://ilpp/UnityILPP.PostProcessing/Ping - 200 - application/grpc 0.6357ms
Starting: D:\UNITY\Installs\6000.5.4f1\Editor\Data\Tools\BuildPipeline\bee_backend.exe --ipc --defer-dag-verification --dagfile="Library/Bee/1300b0aE.dag" --continue-on-failure --profile="Library/Bee/backend1.traceevents" ScriptAssemblies
WorkingDir: D:/UNITY/MyProjects/ari-tuner/AriTuner
info: Microsoft.AspNetCore.Hosting.Diagnostics[1]
      Request starting HTTP/2 POST http://ilpp/UnityILPP.PostProcessing/ConfigurePostProcessors - application/grpc -
info: Microsoft.AspNetCore.Routing.EndpointMiddleware[0]
      Executing endpoint 'gRPC - /UnityILPP.PostProcessing/ConfigurePostProcessors'
info: Unity.ILPP.Runner.PostProcessingAssemblyLoadContext[0]
      Current configuration matches the requested one, skipping
info: Microsoft.AspNetCore.Routing.EndpointMiddleware[1]
      Executed endpoint 'gRPC - /UnityILPP.PostProcessing/ConfigurePostProcessors'
info: Microsoft.AspNetCore.Hosting.Diagnostics[2]
      Request finished HTTP/2 POST http://ilpp/UnityILPP.PostProcessing/ConfigurePostProcessors - 200 - application/grpc 15.3309ms
info: Microsoft.AspNetCore.Hosting.Diagnostics[1]
      Request starting HTTP/2 POST http://ilpp/UnityILPP.PostProcessing/PostProcessAssembly - application/grpc -
info: Microsoft.AspNetCore.Routing.EndpointMiddleware[0]
      Executing endpoint 'gRPC - /UnityILPP.PostProcessing/PostProcessAssembly'
info: Unity.ILPP.Runner.PostProcessingPipeline[0]
      Processing assembly Library/Bee/artifacts/1300b0aE.dag/Assembly-CSharp.dll, with 150 defines and 352 references
info: Unity.ILPP.Runner.PostProcessingPipeline[0]
      processors: Unity.Jobs.CodeGen.JobsILPostProcessor, zzzUnity.Burst.CodeGen.BurstILPostProcessor
info: Unity.ILPP.Runner.PostProcessingPipeline[0]
      running Unity.Jobs.CodeGen.JobsILPostProcessor
info: Unity.ILPP.Runner.PostProcessingPipeline[0]
      running zzzUnity.Burst.CodeGen.BurstILPostProcessor
info: Microsoft.AspNetCore.Routing.EndpointMiddleware[1]
      Executed endpoint 'gRPC - /UnityILPP.PostProcessing/PostProcessAssembly'
info: Microsoft.AspNetCore.Hosting.Diagnostics[2]
      Request finished HTTP/2 POST http://ilpp/UnityILPP.PostProcessing/PostProcessAssembly - 200 - application/grpc 138.0576ms
ExitCode: 0 Duration: 0s732ms
[ 859/1104  0s] ILPP-Configuration Library/ilpp-configuration.nevergeneratedoutput
[1100/1104  0s] Csc Library/Bee/artifacts/1300b0aE.dag/Assembly-CSharp.dll (+2 others)
[1101/1104  0s] ILPostProcess Library/Bee/artifacts/1300b0aE.dag/post-processed/Assembly-CSharp.dll (+pdb)
Processing assembly Library/Bee/artifacts/1300b0aE.dag/Assembly-CSharp.dll, with 150 defines and 352 references

processors: Unity.Jobs.CodeGen.JobsILPostProcessor, zzzUnity.Burst.CodeGen.BurstILPostProcessor

running Unity.Jobs.CodeGen.JobsILPostProcessor

running zzzUnity.Burst.CodeGen.BurstILPostProcessor
[1102/1104  0s] CopyFiles Library/ScriptAssemblies/Assembly-CSharp.pdb
[1103/1104  0s] CopyFiles Library/ScriptAssemblies/Assembly-CSharp.dll
*** Tundra build success (0.68 seconds), 5 items updated, 1104 evaluated
Reloading assemblies after finishing script compilation.
Reloading assemblies after forced synchronous recompile.
Begin MonoManager ReloadAssembly
Total cache size 211526171
Total cache size after purge 211526171, took 00:00:00.2435707
Native extension for Android target not found
Native extension for UWP target not found
Native extension for WindowsStandalone target not found
[MODES] ModeService[none].Initialize
[MODES] ModeService[none].LoadModes
ScheduleIndexationOnStartup MainProcess:True IndexOnStartup:True
Mono: successfully reloaded assembly
- Finished resetting the current domain, in  2.789 seconds
Domain Reload Profiling: 4872ms
	BeginReloadAssembly (1362ms)
		DisableScriptedObjects (181ms)
		CreateAndSetChildDomain (773ms)
	RebuildCommonClasses (12ms)
	RebuildNativeTypeToScriptingClass (20ms)
	initialDomainReloadingComplete (61ms)
	LoadAllAssembliesAndSetupDomain (626ms)
		LoadAssemblies (209ms)
		AnalyzeDomain (371ms)
			TypeCache.Refresh (18ms)
			BuildScriptInfoCaches (340ms)
			ResolveRequiredComponents (11ms)
	FinalizeReload (2790ms)
		SetupLoadedEditorAssemblies (0ms)
			InitializePlatformSupportModulesInManaged (15ms)
			BeforeProcessingInitializeOnLoad (245ms)
			ProcessInitializeOnLoadAttributes (401ms)
			ProcessInitializeOnLoadMethodAttributes (229ms)
		AwakeInstancesAfterBackupRestoration (1302ms)

Asset Pipeline Refresh (id=da5187c8e7c7e6e4b91072923a3a03d7): Total: 5.202 seconds - Initiated by StopAssetImportingV2(ForceSynchronousImport | ForceDomainReload)
	(Values over 0.05ms)
	Summary:
		Imports: total=0 (actual=0, local cache=0, cache server=0)
		Asset DB Process Time: managed=0 ms, native=3031 ms
		Asset DB Callback time: managed=30 ms, native=0 ms
		Scripting: domain reloads=1, domain reload time=2137 ms, compile time=1 ms, other=0 ms
		Project Asset Count: scripts=1551, non-scripts=3230
		Asset File Changes: new=0, changed=0, moved=0, deleted=0
		Scan Filter Count: 0
	InvokePackagesCallback: 1.588ms
	ApplyChangesToAssetFolders: 0.516ms
	Collect global state as custom dependencies: 4.348ms
	ProcessAssetsWithTransientArtifactChanges: 7.954ms
	CategorizeAssets: 74.048ms
	CompileScripts: 1.429ms
	ImportOutOfDateAssets: 2861.600ms (2806.917ms without children)
		CollectScriptTypesHashes: 1.673ms
		ReloadNativeAssets: 1.352ms
		UnloadImportedAssets: 0.311ms
		EnsureUptoDateAssetsAreRegisteredWithGuidPM: 0.862ms
		ImportSchedulerStart: 52.121ms
	PostProcessAllAssets: 30.528ms
		MonoPostProcessAllAssets: 30.522ms
			UniversalRenderPipelineGlobalSettingsPostprocessor.OnPostprocessAllAssets 10.055ms
			SyncVS.PostprocessSyncProject 3.579ms
			SpeedTree9Postprocessor.OnPostprocessAllAssets 2.109ms
			WindowAssetPostprocessingWatcher.OnPostprocessAllAssets 1.962ms
			EditModeScopePostprocessor.OnPostprocessAllAssets 0.924ms
			RenderPipelineGlobalSettingsPostprocessor.OnPostprocessAllAssets 0.703ms
			ShaderReflectionAssetPostProcessor.OnPostprocessAllAssets 0.371ms
			InputActionAssetPostprocessor.OnPostprocessAllAssets 0.307ms
			AssetChangedListener.OnPostprocessAllAssets 0.276ms
			ReferencedClipsPostProcessor.OnPostprocessAllAssets 0.272ms
			SpriteEditorTexturePostprocessor.OnPostprocessAllAssets 0.209ms
			ProjectSettingsPostprocessor.OnPostprocessAllAssets 0.197ms
			TerrainToolbarOverlayPostProcessor.OnPostprocessAllAssets 0.156ms
			AssetDatabaseCallbacks.OnPostprocessAllAssets 0.150ms
			ShaderGraphAssetPostProcessor.OnPostprocessAllAssets 0.094ms
			SpriteShapeAssetPostProcessor.OnPostprocessAllAssets 0.076ms
			AssetPostprocessor.OnPostprocessAllAssets 0.069ms
	GatherAllCurrentPrimaryImportResultRevisions: 0.360ms
	PersistCurrentRevisions: 0.221ms
	GenerateScriptTypeHashes: 3.525ms
	GenerateScriptTypeSerializationHashes: 5.893ms
	Untracked: 2206.563ms

[Licensing::Client] Successfully resolved entitlement details
[Licensing::Client] Successfully resolved entitlement details
[Licensing::Client] Successfully resolved entitlement details
Asset Pipeline Refresh (id=04900e93c970137438bfef5875449b5d): Total: 0.003 seconds - Initiated by RefreshV2(AllowForceSynchronousImport)
SpriteAtlasPacking completed in 0.005500 sec
Entering Playmode with Reload Domain disabled.
If you experience any issues, please disable "Enter Play Mode Options" in Editor Settings
Loaded scene 'Temp/__Backupscenes/0.backup'
	Deserialize:            1.850 ms
	Integration:            370.341 ms
	Integration of assets:  0.035 ms
	Thread Wait Time:       0.131 ms
	Total Operation Time:   372.357 ms
Microphone: Головной телефон (Redmi Buds 3 Pro)
UnityEngine.Debug:ExtractStackTraceNoAlloc (byte*,int,string)
UnityEngine.StackTraceUtility:ExtractStackTrace ()
UnityEngine.DebugLogHandler:Internal_Log (UnityEngine.LogType,UnityEngine.LogOption,string,UnityEngine.Object)
UnityEngine.DebugLogHandler:LogFormat (UnityEngine.LogType,UnityEngine.Object,string,object[])
UnityEngine.Logger:Log (UnityEngine.LogType,object)
UnityEngine.Debug:Log (object)
NoteIdentifier:Start () (at Assets/Scripts/NoteIdentifier.cs:18)

(Filename: Assets/Scripts/NoteIdentifier.cs Line: 18)

Microphone: Onboard MIC (Технология Intel® Smart Sound для цифровых микрофонов)
UnityEngine.Debug:ExtractStackTraceNoAlloc (byte*,int,string)
UnityEngine.StackTraceUtility:ExtractStackTrace ()
UnityEngine.DebugLogHandler:Internal_Log (UnityEngine.LogType,UnityEngine.LogOption,string,UnityEngine.Object)
UnityEngine.DebugLogHandler:LogFormat (UnityEngine.LogType,UnityEngine.Object,string,object[])
UnityEngine.Logger:Log (UnityEngine.LogType,object)
UnityEngine.Debug:Log (object)
NoteIdentifier:Start () (at Assets/Scripts/NoteIdentifier.cs:18)

(Filename: Assets/Scripts/NoteIdentifier.cs Line: 18)

Start record!!!
UnityEngine.Debug:ExtractStackTraceNoAlloc (byte*,int,string)
UnityEngine.StackTraceUtility:ExtractStackTrace ()
UnityEngine.DebugLogHandler:Internal_Log (UnityEngine.LogType,UnityEngine.LogOption,string,UnityEngine.Object)
UnityEngine.DebugLogHandler:LogFormat (UnityEngine.LogType,UnityEngine.Object,string,object[])
UnityEngine.Logger:Log (UnityEngine.LogType,object)
UnityEngine.Debug:Log (object)
NoteIdentifier:StartRecording (string) (at Assets/Scripts/NoteIdentifier.cs:42)
NoteIdentifier:Update () (at Assets/Scripts/NoteIdentifier.cs:31)

(Filename: Assets/Scripts/NoteIdentifier.cs Line: 42)

Stop record!!!
UnityEngine.Debug:ExtractStackTraceNoAlloc (byte*,int,string)
UnityEngine.StackTraceUtility:ExtractStackTrace ()
UnityEngine.DebugLogHandler:Internal_Log (UnityEngine.LogType,UnityEngine.LogOption,string,UnityEngine.Object)
UnityEngine.DebugLogHandler:LogFormat (UnityEngine.LogType,UnityEngine.Object,string,object[])
UnityEngine.Logger:Log (UnityEngine.LogType,object)
UnityEngine.Debug:Log (object)
NoteIdentifier:StopRecording (string) (at Assets/Scripts/NoteIdentifier.cs:57)
NoteIdentifier:Update () (at Assets/Scripts/NoteIdentifier.cs:36)

(Filename: Assets/Scripts/NoteIdentifier.cs Line: 57)

Unloading 1 Unused Serialized files (Serialized files now loaded: 0)
Loaded scene 'Temp/__Backupscenes/0.backup'
	Deserialize:            1.051 ms
	Integration:            307.324 ms
	Integration of assets:  0.002 ms
	Thread Wait Time:       0.013 ms
	Total Operation Time:   308.390 ms
Unloading 20 unused Assets / (384.1 KB). Loaded Objects now: 9524.
Memory consumption went from 0.67 GB to 0.67 GB.
Total: 22.797400 ms (FindLiveObjects: 0.488400 ms CreateObjectMapping: 1.336300 ms MarkObjects: 20.884900 ms  DeleteObjects: 0.085700 ms)

Asset Pipeline Refresh (id=b74fd040abcfafd45b1ca7ef19f4d06a): Total: 0.006 seconds - Initiated by RefreshV2(AllowForceSynchronousImport)
SpriteAtlasPacking completed in 0.004983 sec
Entering Playmode with Reload Domain disabled.
If you experience any issues, please disable "Enter Play Mode Options" in Editor Settings
Loaded scene 'Temp/__Backupscenes/0.backup'
	Deserialize:            0.861 ms
	Integration:            314.162 ms
	Integration of assets:  0.033 ms
	Thread Wait Time:       0.136 ms
	Total Operation Time:   315.193 ms
Microphone: Головной телефон (Redmi Buds 3 Pro)
UnityEngine.Debug:ExtractStackTraceNoAlloc (byte*,int,string)
UnityEngine.StackTraceUtility:ExtractStackTrace ()
UnityEngine.DebugLogHandler:Internal_Log (UnityEngine.LogType,UnityEngine.LogOption,string,UnityEngine.Object)
UnityEngine.DebugLogHandler:LogFormat (UnityEngine.LogType,UnityEngine.Object,string,object[])
UnityEngine.Logger:Log (UnityEngine.LogType,object)
UnityEngine.Debug:Log (object)
NoteIdentifier:Start () (at Assets/Scripts/NoteIdentifier.cs:18)

(Filename: Assets/Scripts/NoteIdentifier.cs Line: 18)

Microphone: Onboard MIC (Технология Intel® Smart Sound для цифровых микрофонов)
UnityEngine.Debug:ExtractStackTraceNoAlloc (byte*,int,string)
UnityEngine.StackTraceUtility:ExtractStackTrace ()
UnityEngine.DebugLogHandler:Internal_Log (UnityEngine.LogType,UnityEngine.LogOption,string,UnityEngine.Object)
UnityEngine.DebugLogHandler:LogFormat (UnityEngine.LogType,UnityEngine.Object,string,object[])
UnityEngine.Logger:Log (UnityEngine.LogType,object)
UnityEngine.Debug:Log (object)
NoteIdentifier:Start () (at Assets/Scripts/NoteIdentifier.cs:18)

(Filename: Assets/Scripts/NoteIdentifier.cs Line: 18)

Start record!!!
UnityEngine.Debug:ExtractStackTraceNoAlloc (byte*,int,string)
UnityEngine.StackTraceUtility:ExtractStackTrace ()
UnityEngine.DebugLogHandler:Internal_Log (UnityEngine.LogType,UnityEngine.LogOption,string,UnityEngine.Object)
UnityEngine.DebugLogHandler:LogFormat (UnityEngine.LogType,UnityEngine.Object,string,object[])
UnityEngine.Logger:Log (UnityEngine.LogType,object)
UnityEngine.Debug:Log (object)
NoteIdentifier:StartRecording (string) (at Assets/Scripts/NoteIdentifier.cs:42)
NoteIdentifier:Update () (at Assets/Scripts/NoteIdentifier.cs:31)

(Filename: Assets/Scripts/NoteIdentifier.cs Line: 42)

Stop record!!!
UnityEngine.Debug:ExtractStackTraceNoAlloc (byte*,int,string)
UnityEngine.StackTraceUtility:ExtractStackTrace ()
UnityEngine.DebugLogHandler:Internal_Log (UnityEngine.LogType,UnityEngine.LogOption,string,UnityEngine.Object)
UnityEngine.DebugLogHandler:LogFormat (UnityEngine.LogType,UnityEngine.Object,string,object[])
UnityEngine.Logger:Log (UnityEngine.LogType,object)
UnityEngine.Debug:Log (object)
NoteIdentifier:StopRecording (string) (at Assets/Scripts/NoteIdentifier.cs:57)
NoteIdentifier:Update () (at Assets/Scripts/NoteIdentifier.cs:36)

(Filename: Assets/Scripts/NoteIdentifier.cs Line: 57)

Unloading 1 Unused Serialized files (Serialized files now loaded: 0)
Loaded scene 'Temp/__Backupscenes/0.backup'
	Deserialize:            0.592 ms
	Integration:            310.087 ms
	Integration of assets:  0.002 ms
	Thread Wait Time:       0.073 ms
	Total Operation Time:   310.753 ms
Unloading 1 unused Assets / (267.1 KB). Loaded Objects now: 9524.
Memory consumption went from 0.68 GB to 0.68 GB.
Total: 21.982400 ms (FindLiveObjects: 0.480100 ms CreateObjectMapping: 0.959200 ms MarkObjects: 20.473500 ms  DeleteObjects: 0.067800 ms)

[Licensing::Client] Successfully resolved entitlement details
[Licensing::Client] Successfully resolved entitlement details
Asset Pipeline Refresh (id=4d02a5cef67a58246b0e97c96848adbf): Total: 0.005 seconds - Initiated by RefreshV2(AllowForceSynchronousImport)
Asset Pipeline Refresh (id=65e4a68ed6f89144da4dcee14bbe11cd): Total: 0.003 seconds - Initiated by RefreshV2(AllowForceSynchronousImport)
Asset Pipeline Refresh (id=55d3e03514641e34e81f267b32220282): Total: 0.004 seconds - Initiated by RefreshV2(AllowForceSynchronousImport)
Scanning for USB devices : 1.440ms
Scanning for USB devices : 0.956ms
Scanning for USB devices : 1.095ms
Android Extension - Scanning For ADB Devices 234 ms
Android Extension - Scanning For ADB Devices 191 ms
Attempted to call .Dispose on an already disposed CancellationTokenSource
Android Extension - Scanning For ADB Devices 193 ms
Android Extension - Scanning For ADB Devices 197 ms
Asset Pipeline Refresh (id=771ec930df1444b45a8f5cb6e0eaf756): Total: 0.004 seconds - Initiated by RefreshV2(AllowForceSynchronousImport)
[ScriptCompilation] Requested script compilation because: AssetDatabase observed changes in script compilation related files
Refreshing native plugins compatible for Editor in 6.10 ms, found 5 plugins.

Asset Pipeline Refresh (id=dededc50f1c70e24489eca3232b662c2): Total: 0.355 seconds - Initiated by RefreshV2(NoUpdateAssetOptions)
	(Values over 0.05ms)
	Summary:
		Imports: total=0 (actual=0, local cache=0, cache server=0)
		Asset DB Process Time: managed=0 ms, native=243 ms
		Asset DB Callback time: managed=94 ms, native=15 ms
		Scripting: domain reloads=0, domain reload time=0 ms, compile time=1 ms, other=0 ms
		Project Asset Count: scripts=1551, non-scripts=3230
		Asset File Changes: new=0, changed=1, moved=0, deleted=0
		Scan Filter Count: 0
	ApplyChangesToAssetFolders: 0.294ms
	Scan: 44.061ms
	Collect global state as custom dependencies: 0.155ms
	OnSourceAssetsModified: 1.810ms
	ProcessAssetsWithTransientArtifactChanges: 0.577ms
	CategorizeAssets: 56.923ms
	CompileScripts: 1.366ms
	ImportOutOfDateAssets: 126.997ms (21.621ms without children)
		ReloadNativeAssets: 0.108ms
		UnloadImportedAssets: 0.664ms
		EnsureUptoDateAssetsAreRegisteredWithGuidPM: 1.501ms
		ImportSchedulerStart: 103.093ms
	PostProcessAllAssets: 101.636ms
		XRBuildSystem.XRAssetImported 7.731ms
		PostProcessCallbackCreateDeferredMaterials 0.078ms
		MonoPostProcessAllAssets: 92.545ms
			BuilderAssetPostprocessor.OnPostprocessAllAssets 20.502ms
			AssetChangedListener.OnPostprocessAllAssets 17.728ms
			AssetPostprocessor.OnPostprocessAllAssets 11.260ms
			SpriteSlicePostprocessor.OnPostprocessAllAssets 6.639ms
			ShaderGraphAssetPostProcessor.OnPostprocessAllAssets 6.097ms
			RetainedModeAssetPostprocessor.OnPostprocessAllAssets 2.869ms
			TMPro_TexturePostProcessor.OnPostprocessAllAssets 2.125ms
			MaterialPostprocessor.OnPostprocessAllAssets 1.880ms
			SpriteEditorTexturePostprocessor.OnPostprocessAllAssets 1.664ms
			ArtifactBrowserPostProcessor.OnPostprocessAllAssets 1.365ms
			UVCSAssetPostprocessor.OnPostprocessAllAssets 1.349ms
			InputActionJsonNameModifierAssetProcessor.OnPostprocessAllAssets 1.252ms
			AudioMixerPostprocessor.OnPostprocessAllAssets 1.152ms
			SyncVS.PostprocessSyncProject 1.124ms
			SampleDependencyImporterPostProcessor.OnPostprocessAllAssets 1.113ms
			SpriteShapeAssetPostProcessor.OnPostprocessAllAssets 1.068ms
			TextAssetPostProcessor.OnPostprocessAllAssets 0.915ms
			AssetEvents.OnPostprocessAllAssets 0.826ms
			StyleCatalogPostProcessor.OnPostprocessAllAssets 0.786ms
			SpriteLibraryAssetPostprocessor.OnPostprocessAllAssets 0.624ms
			PostProcessor.OnPostprocessAllAssets 0.616ms
			ConfigAssetsTracker.OnPostprocessAllAssets 0.602ms
			ScenarioDriftAssetsTracker.OnPostprocessAllAssets 0.558ms
			SpeedTreePostProcessor.OnPostprocessAllAssets 0.496ms
			PSDImportPostProcessor.OnPostprocessAllAssets 0.422ms
			InputActionAssetPostprocessor.OnPostprocessAllAssets 0.401ms
			SamplePostprocessor.OnPostprocessAllAssets 0.387ms
			AudioContainerPostProcessor.OnPostprocessAllAssets 0.283ms
			PSDImporterAssetPostProcessor.OnPostprocessAllAssets 0.272ms
			RenderPipelineGlobalSettingsPostprocessor.OnPostprocessAllAssets 0.176ms
			AssetProcessor.OnPostprocessAllAssets 0.154ms
			SpeedTree9Postprocessor.OnPostprocessAllAssets 0.070ms
	PostAssetChangesProfiler: 6.650ms
	GatherAllCurrentPrimaryImportResultRevisions: 0.427ms
	PersistCurrentRevisions: 0.412ms
	Untracked: 13.516ms

[Licensing::Client] Successfully resolved entitlement details
info: Microsoft.AspNetCore.Hosting.Diagnostics[1]
      Request starting HTTP/2 POST http://ilpp/UnityILPP.PostProcessing/Ping - application/grpc -
info: Microsoft.AspNetCore.Routing.EndpointMiddleware[0]
      Executing endpoint 'gRPC - /UnityILPP.PostProcessing/Ping'
info: Microsoft.AspNetCore.Routing.EndpointMiddleware[1]
      Executed endpoint 'gRPC - /UnityILPP.PostProcessing/Ping'
info: Microsoft.AspNetCore.Hosting.Diagnostics[2]
      Request finished HTTP/2 POST http://ilpp/UnityILPP.PostProcessing/Ping - 200 - application/grpc 0.4224ms
Starting: D:\UNITY\Installs\6000.5.4f1\Editor\Data\Tools\BuildPipeline\bee_backend.exe --ipc --defer-dag-verification --dagfile="Library/Bee/1300b0aE.dag" --continue-on-failure --profile="Library/Bee/backend1.traceevents" ScriptAssemblies
WorkingDir: D:/UNITY/MyProjects/ari-tuner/AriTuner
[Licensing::Client] Successfully resolved entitlement details
info: Microsoft.AspNetCore.Hosting.Diagnostics[1]
      Request starting HTTP/2 POST http://ilpp/UnityILPP.PostProcessing/ConfigurePostProcessors - application/grpc -
info: Microsoft.AspNetCore.Routing.EndpointMiddleware[0]
      Executing endpoint 'gRPC - /UnityILPP.PostProcessing/ConfigurePostProcessors'
info: Unity.ILPP.Runner.PostProcessingAssemblyLoadContext[0]
      Current configuration matches the requested one, skipping
info: Microsoft.AspNetCore.Routing.EndpointMiddleware[1]
      Executed endpoint 'gRPC - /UnityILPP.PostProcessing/ConfigurePostProcessors'
info: Microsoft.AspNetCore.Hosting.Diagnostics[2]
      Request finished HTTP/2 POST http://ilpp/UnityILPP.PostProcessing/ConfigurePostProcessors - 200 - application/grpc 1.1988ms
info: Microsoft.AspNetCore.Hosting.Diagnostics[1]
      Request starting HTTP/2 POST http://ilpp/UnityILPP.PostProcessing/PostProcessAssembly - application/grpc -
info: Microsoft.AspNetCore.Routing.EndpointMiddleware[0]
      Executing endpoint 'gRPC - /UnityILPP.PostProcessing/PostProcessAssembly'
info: Unity.ILPP.Runner.PostProcessingPipeline[0]
      Processing assembly Library/Bee/artifacts/1300b0aE.dag/Assembly-CSharp.dll, with 150 defines and 352 references
info: Unity.ILPP.Runner.PostProcessingPipeline[0]
      processors: Unity.Jobs.CodeGen.JobsILPostProcessor, zzzUnity.Burst.CodeGen.BurstILPostProcessor
info: Unity.ILPP.Runner.PostProcessingPipeline[0]
      running Unity.Jobs.CodeGen.JobsILPostProcessor
info: Unity.ILPP.Runner.PostProcessingPipeline[0]
      running zzzUnity.Burst.CodeGen.BurstILPostProcessor
info: Microsoft.AspNetCore.Routing.EndpointMiddleware[1]
      Executed endpoint 'gRPC - /UnityILPP.PostProcessing/PostProcessAssembly'
info: Microsoft.AspNetCore.Hosting.Diagnostics[2]
      Request finished HTTP/2 POST http://ilpp/UnityILPP.PostProcessing/PostProcessAssembly - 200 - application/grpc 22.5623ms
ExitCode: 0 Duration: 0s487ms
[ 859/1104  0s] ILPP-Configuration Library/ilpp-configuration.nevergeneratedoutput
[1100/1104  0s] Csc Library/Bee/artifacts/1300b0aE.dag/Assembly-CSharp.dll (+2 others)
[1101/1104  0s] ILPostProcess Library/Bee/artifacts/1300b0aE.dag/post-processed/Assembly-CSharp.dll (+pdb)
Processing assembly Library/Bee/artifacts/1300b0aE.dag/Assembly-CSharp.dll, with 150 defines and 352 references

processors: Unity.Jobs.CodeGen.JobsILPostProcessor, zzzUnity.Burst.CodeGen.BurstILPostProcessor

running Unity.Jobs.CodeGen.JobsILPostProcessor

running zzzUnity.Burst.CodeGen.BurstILPostProcessor
[1102/1104  0s] CopyFiles Library/ScriptAssemblies/Assembly-CSharp.dll
[1103/1104  0s] CopyFiles Library/ScriptAssemblies/Assembly-CSharp.pdb
*** Tundra build success (0.45 seconds), 5 items updated, 1104 evaluated
Reloading assemblies after finishing script compilation.
Reloading assemblies after forced synchronous recompile.
Attempted to call .Dispose on an already disposed CancellationTokenSource
Begin MonoManager ReloadAssembly
GetVirtualKey: Could not map char: z (122) to any virtual key
GetVirtualKey: Could not map char: y (121) to any virtual key
GetVirtualKey: Could not map char: x (120) to any virtual key
GetVirtualKey: Could not map char: c (99) to any virtual key
GetVirtualKey: Could not map char: v (118) to any virtual key
GetVirtualKey: Could not map char: V (86) to any virtual key
GetVirtualKey: Could not map char: d (100) to any virtual key
GetVirtualKey: Could not map char: f (102) to any virtual key
GetVirtualKey: Could not map char: f (102) to any virtual key
GetVirtualKey: Could not map char: a (97) to any virtual key
GetVirtualKey: Could not map char: d (100) to any virtual key
GetVirtualKey: Could not map char: c (99) to any virtual key
GetVirtualKey: Could not map char: r (114) to any virtual key
GetVirtualKey: Could not map char: i (105) to any virtual key
GetVirtualKey: Could not map char: l (108) to any virtual key
GetVirtualKey: Could not map char: f (102) to any virtual key
GetVirtualKey: Could not map char: k (107) to any virtual key
GetVirtualKey: Could not map char: p (112) to any virtual key
GetVirtualKey: Could not map char: p (112) to any virtual key
GetVirtualKey: Could not map char: p (112) to any virtual key
GetVirtualKey: Could not map char: c (99) to any virtual key
GetVirtualKey: Could not map char: r (114) to any virtual key
GetVirtualKey: Could not map char: P (80) to any virtual key
GetVirtualKey: Could not map char: n (110) to any virtual key
GetVirtualKey: Could not map char: n (110) to any virtual key
GetVirtualKey: Could not map char: g (103) to any virtual key
GetVirtualKey: Could not map char: f (102) to any virtual key
GetVirtualKey: Could not map char: f (102) to any virtual key
GetVirtualKey: Could not map char: a (97) to any virtual key
GetVirtualKey: Could not map char: a (97) to any virtual key
GetVirtualKey: Could not map char: c (99) to any virtual key
GetVirtualKey: Could not map char: u (117) to any virtual key
GetVirtualKey: Could not map char: n (110) to any virtual key
GetVirtualKey: Could not map char: o (111) to any virtual key
GetVirtualKey: Could not map char: s (115) to any virtual key
GetVirtualKey: Could not map char: s (115) to any virtual key
GetVirtualKey: Could not map char: b (98) to any virtual key
GetVirtualKey: Could not map char: b (98) to any virtual key
Total cache size 211526171
Total cache size after purge 211526171, took 00:00:00.4338113
Refreshing native plugins compatible for Editor in 6.60 ms, found 5 plugins.
Native extension for Android target not found
Native extension for UWP target not found
Native extension for WindowsStandalone target not found
[MODES] ModeService[none].Initialize
[MODES] ModeService[none].LoadModes
GetVirtualKey: Could not map char: z (122) to any virtual key
GetVirtualKey: Could not map char: y (121) to any virtual key
GetVirtualKey: Could not map char: x (120) to any virtual key
GetVirtualKey: Could not map char: c (99) to any virtual key
GetVirtualKey: Could not map char: v (118) to any virtual key
GetVirtualKey: Could not map char: V (86) to any virtual key
GetVirtualKey: Could not map char: d (100) to any virtual key
GetVirtualKey: Could not map char: f (102) to any virtual key
GetVirtualKey: Could not map char: f (102) to any virtual key
GetVirtualKey: Could not map char: a (97) to any virtual key
GetVirtualKey: Could not map char: d (100) to any virtual key
GetVirtualKey: Could not map char: c (99) to any virtual key
GetVirtualKey: Could not map char: r (114) to any virtual key
GetVirtualKey: Could not map char: i (105) to any virtual key
GetVirtualKey: Could not map char: l (108) to any virtual key
GetVirtualKey: Could not map char: f (102) to any virtual key
GetVirtualKey: Could not map char: k (107) to any virtual key
GetVirtualKey: Could not map char: p (112) to any virtual key
GetVirtualKey: Could not map char: p (112) to any virtual key
GetVirtualKey: Could not map char: p (112) to any virtual key
GetVirtualKey: Could not map char: c (99) to any virtual key
GetVirtualKey: Could not map char: r (114) to any virtual key
GetVirtualKey: Could not map char: P (80) to any virtual key
GetVirtualKey: Could not map char: n (110) to any virtual key
GetVirtualKey: Could not map char: n (110) to any virtual key
GetVirtualKey: Could not map char: g (103) to any virtual key
GetVirtualKey: Could not map char: f (102) to any virtual key
GetVirtualKey: Could not map char: f (102) to any virtual key
GetVirtualKey: Could not map char: a (97) to any virtual key
GetVirtualKey: Could not map char: a (97) to any virtual key
GetVirtualKey: Could not map char: n (110) to any virtual key
GetVirtualKey: Could not map char: o (111) to any virtual key
GetVirtualKey: Could not map char: s (115) to any virtual key
GetVirtualKey: Could not map char: s (115) to any virtual key
GetVirtualKey: Could not map char: b (98) to any virtual key
GetVirtualKey: Could not map char: b (98) to any virtual key
GetVirtualKey: Could not map char: c (99) to any virtual key
GetVirtualKey: Could not map char: u (117) to any virtual key
ScheduleIndexationOnStartup MainProcess:True IndexOnStartup:True
Mono: successfully reloaded assembly
- Finished resetting the current domain, in  9.776 seconds
Domain Reload Profiling: 14564ms
	BeginReloadAssembly (3061ms)
		DisableScriptedObjects (405ms)
		CreateAndSetChildDomain (1576ms)
	RebuildCommonClasses (40ms)
	RebuildNativeTypeToScriptingClass (65ms)
	initialDomainReloadingComplete (205ms)
	LoadAllAssembliesAndSetupDomain (1414ms)
		LoadAssemblies (515ms)
		AnalyzeDomain (830ms)
			TypeCache.Refresh (34ms)
			BuildScriptInfoCaches (761ms)
			ResolveRequiredComponents (29ms)
	FinalizeReload (9779ms)
		SetupLoadedEditorAssemblies (0ms)
			InitializePlatformSupportModulesInManaged (44ms)
			BeforeProcessingInitializeOnLoad (823ms)
			ProcessInitializeOnLoadAttributes (1639ms)
			ProcessInitializeOnLoadMethodAttributes (660ms)
			AfterProcessingInitializeOnLoad (7ms)
		AwakeInstancesAfterBackupRestoration (4675ms)

Asset Pipeline Refresh (id=9af37779d5f1330479b1943559b8154a): Total: 15.300 seconds - Initiated by StopAssetImportingV2(ForceSynchronousImport | ForceDomainReload)
	(Values over 0.05ms)
	Summary:
		Imports: total=0 (actual=0, local cache=0, cache server=0)
		Asset DB Process Time: managed=0 ms, native=10287 ms
		Asset DB Callback time: managed=115 ms, native=0 ms
		Scripting: domain reloads=1, domain reload time=4893 ms, compile time=3 ms, other=0 ms
		Project Asset Count: scripts=1551, non-scripts=3230
		Asset File Changes: new=0, changed=0, moved=0, deleted=0
		Scan Filter Count: 0
	InvokePackagesCallback: 3.889ms
	ApplyChangesToAssetFolders: 0.881ms
	Collect global state as custom dependencies: 12.269ms
	ProcessAssetsWithTransientArtifactChanges: 16.948ms
	CategorizeAssets: 187.995ms
	CompileScripts: 3.450ms
	ImportOutOfDateAssets: 9945.591ms (9822.403ms without children)
		CollectScriptTypesHashes: 3.271ms
		ReloadNativeAssets: 3.915ms
		UnloadImportedAssets: 0.773ms
		EnsureUptoDateAssetsAreRegisteredWithGuidPM: 2.331ms
		ImportSchedulerStart: 116.086ms
	PostProcessAllAssets: 115.114ms
		MonoPostProcessAllAssets: 115.103ms
			UniversalRenderPipelineGlobalSettingsPostprocessor.OnPostprocessAllAssets 41.180ms
			BuilderAssetPostprocessor.OnPostprocessAllAssets 20.502ms
			AssetChangedListener.OnPostprocessAllAssets 17.728ms
			SyncVS.PostprocessSyncProject 12.511ms
			AssetPostprocessor.OnPostprocessAllAssets 11.260ms
			SpeedTree9Postprocessor.OnPostprocessAllAssets 8.774ms
			SpriteSlicePostprocessor.OnPostprocessAllAssets 6.639ms
			WindowAssetPostprocessingWatcher.OnPostprocessAllAssets 6.513ms
			ShaderGraphAssetPostProcessor.OnPostprocessAllAssets 6.097ms
			EditModeScopePostprocessor.OnPostprocessAllAssets 3.269ms
			RetainedModeAssetPostprocessor.OnPostprocessAllAssets 2.869ms
			RenderPipelineGlobalSettingsPostprocessor.OnPostprocessAllAssets 2.360ms
			ShaderReflectionAssetPostProcessor.OnPostprocessAllAssets 2.144ms
			TMPro_TexturePostProcessor.OnPostprocessAllAssets 2.125ms
			MaterialPostprocessor.OnPostprocessAllAssets 1.880ms
			SpriteEditorTexturePostprocessor.OnPostprocessAllAssets 1.664ms
			ArtifactBrowserPostProcessor.OnPostprocessAllAssets 1.365ms
			UVCSAssetPostprocessor.OnPostprocessAllAssets 1.349ms
			InputActionJsonNameModifierAssetProcessor.OnPostprocessAllAssets 1.252ms
			AudioMixerPostprocessor.OnPostprocessAllAssets 1.152ms
			InputActionAssetPostprocessor.OnPostprocessAllAssets 1.126ms
			SampleDependencyImporterPostProcessor.OnPostprocessAllAssets 1.113ms
			SpriteShapeAssetPostProcessor.OnPostprocessAllAssets 1.068ms
			ReferencedClipsPostProcessor.OnPostprocessAllAssets 1.036ms
			TextAssetPostProcessor.OnPostprocessAllAssets 0.915ms
			AssetEvents.OnPostprocessAllAssets 0.826ms
			StyleCatalogPostProcessor.OnPostprocessAllAssets 0.786ms
			ProjectSettingsPostprocessor.OnPostprocessAllAssets 0.680ms
			SpriteLibraryAssetPostprocessor.OnPostprocessAllAssets 0.624ms
			PostProcessor.OnPostprocessAllAssets 0.616ms
			ConfigAssetsTracker.OnPostprocessAllAssets 0.602ms
			ScenarioDriftAssetsTracker.OnPostprocessAllAssets 0.558ms
			TerrainToolbarOverlayPostProcessor.OnPostprocessAllAssets 0.550ms
			AssetDatabaseCallbacks.OnPostprocessAllAssets 0.502ms
			SpeedTreePostProcessor.OnPostprocessAllAssets 0.496ms
			PSDImportPostProcessor.OnPostprocessAllAssets 0.422ms
			SamplePostprocessor.OnPostprocessAllAssets 0.387ms
			AudioContainerPostProcessor.OnPostprocessAllAssets 0.283ms
			PSDImporterAssetPostProcessor.OnPostprocessAllAssets 0.272ms
			AssetProcessor.OnPostprocessAllAssets 0.154ms
	GatherAllCurrentPrimaryImportResultRevisions: 0.543ms
	PersistCurrentRevisions: 0.436ms
	GenerateScriptTypeHashes: 10.118ms
	GenerateScriptTypeSerializationHashes: 16.914ms
	Untracked: 5001.203ms

[Licensing::Client] Successfully resolved entitlement details
[Licensing::Client] Successfully resolved entitlement details
[Licensing::Client] Successfully resolved entitlement details
[ScriptCompilation] Requested script compilation because: AssetDatabase observed changes in script compilation related files
Refreshing native plugins compatible for Editor in 3.82 ms, found 5 plugins.

Asset Pipeline Refresh (id=365e9e1a02310124ebe849b519e338d9): Total: 0.323 seconds - Initiated by RefreshV2(NoUpdateAssetOptions)
	(Values over 0.05ms)
	Summary:
		Imports: total=0 (actual=0, local cache=0, cache server=0)
		Asset DB Process Time: managed=0 ms, native=213 ms
		Asset DB Callback time: managed=99 ms, native=9 ms
		Scripting: domain reloads=0, domain reload time=0 ms, compile time=1 ms, other=0 ms
		Project Asset Count: scripts=1551, non-scripts=3230
		Asset File Changes: new=0, changed=1, moved=0, deleted=0
		Scan Filter Count: 0
	ApplyChangesToAssetFolders: 0.312ms
	Scan: 33.093ms
	Collect global state as custom dependencies: 0.272ms
	OnSourceAssetsModified: 1.641ms
	CategorizeScriptCompilationAssets: 0.054ms
	ProcessAssetsWithTransientArtifactChanges: 0.351ms
	CategorizeAssets: 44.011ms
	CompileScripts: 1.330ms
	ImportOutOfDateAssets: 124.730ms (18.823ms without children)
		ReloadNativeAssets: 0.085ms
		UnloadImportedAssets: 0.389ms
		EnsureUptoDateAssetsAreRegisteredWithGuidPM: 1.198ms
		ImportSchedulerStart: 104.228ms
	PostProcessAllAssets: 99.891ms
		XRBuildSystem.XRAssetImported 1.058ms
		PostProcessCallbackCreateDeferredMaterials 0.149ms
		MonoPostProcessAllAssets: 97.430ms
			AssetChangedListener.OnPostprocessAllAssets 19.653ms
			BuilderAssetPostprocessor.OnPostprocessAllAssets 18.924ms
			AssetPostprocessor.OnPostprocessAllAssets 14.580ms
			SpriteSlicePostprocessor.OnPostprocessAllAssets 9.262ms
			ShaderGraphAssetPostProcessor.OnPostprocessAllAssets 4.455ms
			RetainedModeAssetPostprocessor.OnPostprocessAllAssets 4.019ms
			TMPro_TexturePostProcessor.OnPostprocessAllAssets 2.085ms
			SpriteShapeAssetPostProcessor.OnPostprocessAllAssets 1.847ms
			MaterialPostprocessor.OnPostprocessAllAssets 1.618ms
			SpriteEditorTexturePostprocessor.OnPostprocessAllAssets 1.496ms
			UVCSAssetPostprocessor.OnPostprocessAllAssets 1.246ms
			InputActionJsonNameModifierAssetProcessor.OnPostprocessAllAssets 1.190ms
			SampleDependencyImporterPostProcessor.OnPostprocessAllAssets 1.179ms
			SyncVS.PostprocessSyncProject 1.123ms
			TextAssetPostProcessor.OnPostprocessAllAssets 1.098ms
			ArtifactBrowserPostProcessor.OnPostprocessAllAssets 0.925ms
			AudioMixerPostprocessor.OnPostprocessAllAssets 0.770ms
			PostProcessor.OnPostprocessAllAssets 0.596ms
			SamplePostprocessor.OnPostprocessAllAssets 0.591ms
			StyleCatalogPostProcessor.OnPostprocessAllAssets 0.550ms
			ConfigAssetsTracker.OnPostprocessAllAssets 0.523ms
			ScenarioDriftAssetsTracker.OnPostprocessAllAssets 0.516ms
			AssetEvents.OnPostprocessAllAssets 0.488ms
			SpeedTreePostProcessor.OnPostprocessAllAssets 0.430ms
			InputActionAssetPostprocessor.OnPostprocessAllAssets 0.413ms
			SpriteLibraryAssetPostprocessor.OnPostprocessAllAssets 0.398ms
			PSDImportPostProcessor.OnPostprocessAllAssets 0.357ms
			RenderPipelineGlobalSettingsPostprocessor.OnPostprocessAllAssets 0.255ms
			AssetProcessor.OnPostprocessAllAssets 0.230ms
			PSDImporterAssetPostProcessor.OnPostprocessAllAssets 0.220ms
			AudioContainerPostProcessor.OnPostprocessAllAssets 0.188ms
			UniversalRenderPipelineGlobalSettingsPostprocessor.OnPostprocessAllAssets 0.069ms
	PostAssetChangesProfiler: 6.765ms
	GatherAllCurrentPrimaryImportResultRevisions: 0.434ms
	PersistCurrentRevisions: 0.526ms
	Untracked: 9.882ms

info: Microsoft.AspNetCore.Hosting.Diagnostics[1]
      Request starting HTTP/2 POST http://ilpp/UnityILPP.PostProcessing/Ping - application/grpc -
info: Microsoft.AspNetCore.Routing.EndpointMiddleware[0]
      Executing endpoint 'gRPC - /UnityILPP.PostProcessing/Ping'
info: Microsoft.AspNetCore.Routing.EndpointMiddleware[1]
      Executed endpoint 'gRPC - /UnityILPP.PostProcessing/Ping'
info: Microsoft.AspNetCore.Hosting.Diagnostics[2]
      Request finished HTTP/2 POST http://ilpp/UnityILPP.PostProcessing/Ping - 200 - application/grpc 12.4363ms
Starting: D:\UNITY\Installs\6000.5.4f1\Editor\Data\Tools\BuildPipeline\bee_backend.exe --ipc --defer-dag-verification --dagfile="Library/Bee/1300b0aE.dag" --continue-on-failure --profile="Library/Bee/backend1.traceevents" ScriptAssemblies
WorkingDir: D:/UNITY/MyProjects/ari-tuner/AriTuner
info: Microsoft.AspNetCore.Hosting.Diagnostics[1]
      Request starting HTTP/2 POST http://ilpp/UnityILPP.PostProcessing/ConfigurePostProcessors - application/grpc -
info: Microsoft.AspNetCore.Routing.EndpointMiddleware[0]
      Executing endpoint 'gRPC - /UnityILPP.PostProcessing/ConfigurePostProcessors'
info: Unity.ILPP.Runner.PostProcessingAssemblyLoadContext[0]
      Current configuration matches the requested one, skipping
info: Microsoft.AspNetCore.Routing.EndpointMiddleware[1]
      Executed endpoint 'gRPC - /UnityILPP.PostProcessing/ConfigurePostProcessors'
info: Microsoft.AspNetCore.Hosting.Diagnostics[2]
      Request finished HTTP/2 POST http://ilpp/UnityILPP.PostProcessing/ConfigurePostProcessors - 200 - application/grpc 0.8831ms
info: Microsoft.AspNetCore.Hosting.Diagnostics[1]
      Request starting HTTP/2 POST http://ilpp/UnityILPP.PostProcessing/PostProcessAssembly - application/grpc -
info: Microsoft.AspNetCore.Routing.EndpointMiddleware[0]
      Executing endpoint 'gRPC - /UnityILPP.PostProcessing/PostProcessAssembly'
info: Unity.ILPP.Runner.PostProcessingPipeline[0]
      Processing assembly Library/Bee/artifacts/1300b0aE.dag/Assembly-CSharp.dll, with 150 defines and 352 references
info: Unity.ILPP.Runner.PostProcessingPipeline[0]
      processors: Unity.Jobs.CodeGen.JobsILPostProcessor, zzzUnity.Burst.CodeGen.BurstILPostProcessor
info: Unity.ILPP.Runner.PostProcessingPipeline[0]
      running Unity.Jobs.CodeGen.JobsILPostProcessor
info: Unity.ILPP.Runner.PostProcessingPipeline[0]
      running zzzUnity.Burst.CodeGen.BurstILPostProcessor
info: Microsoft.AspNetCore.Routing.EndpointMiddleware[1]
      Executed endpoint 'gRPC - /UnityILPP.PostProcessing/PostProcessAssembly'
info: Microsoft.AspNetCore.Hosting.Diagnostics[2]
      Request finished HTTP/2 POST http://ilpp/UnityILPP.PostProcessing/PostProcessAssembly - 200 - application/grpc 23.0281ms
ExitCode: 0 Duration: 0s450ms
[ 859/1104  0s] ILPP-Configuration Library/ilpp-configuration.nevergeneratedoutput
[1100/1104  0s] Csc Library/Bee/artifacts/1300b0aE.dag/Assembly-CSharp.dll (+2 others)
[1101/1104  0s] ILPostProcess Library/Bee/artifacts/1300b0aE.dag/post-processed/Assembly-CSharp.dll (+pdb)
Processing assembly Library/Bee/artifacts/1300b0aE.dag/Assembly-CSharp.dll, with 150 defines and 352 references

processors: Unity.Jobs.CodeGen.JobsILPostProcessor, zzzUnity.Burst.CodeGen.BurstILPostProcessor

running Unity.Jobs.CodeGen.JobsILPostProcessor

running zzzUnity.Burst.CodeGen.BurstILPostProcessor
[1102/1104  0s] CopyFiles Library/ScriptAssemblies/Assembly-CSharp.pdb
[1103/1104  0s] CopyFiles Library/ScriptAssemblies/Assembly-CSharp.dll
*** Tundra build success (0.41 seconds), 5 items updated, 1104 evaluated
Reloading assemblies after finishing script compilation.
Reloading assemblies after forced synchronous recompile.
Begin MonoManager ReloadAssembly
GetVirtualKey: Could not map char: z (122) to any virtual key
GetVirtualKey: Could not map char: y (121) to any virtual key
GetVirtualKey: Could not map char: x (120) to any virtual key
GetVirtualKey: Could not map char: c (99) to any virtual key
GetVirtualKey: Could not map char: v (118) to any virtual key
GetVirtualKey: Could not map char: V (86) to any virtual key
GetVirtualKey: Could not map char: d (100) to any virtual key
GetVirtualKey: Could not map char: f (102) to any virtual key
GetVirtualKey: Could not map char: f (102) to any virtual key
GetVirtualKey: Could not map char: a (97) to any virtual key
GetVirtualKey: Could not map char: d (100) to any virtual key
GetVirtualKey: Could not map char: c (99) to any virtual key
GetVirtualKey: Could not map char: r (114) to any virtual key
GetVirtualKey: Could not map char: i (105) to any virtual key
GetVirtualKey: Could not map char: l (108) to any virtual key
GetVirtualKey: Could not map char: f (102) to any virtual key
GetVirtualKey: Could not map char: k (107) to any virtual key
GetVirtualKey: Could not map char: p (112) to any virtual key
GetVirtualKey: Could not map char: p (112) to any virtual key
GetVirtualKey: Could not map char: p (112) to any virtual key
GetVirtualKey: Could not map char: c (99) to any virtual key
GetVirtualKey: Could not map char: r (114) to any virtual key
GetVirtualKey: Could not map char: P (80) to any virtual key
GetVirtualKey: Could not map char: n (110) to any virtual key
GetVirtualKey: Could not map char: n (110) to any virtual key
GetVirtualKey: Could not map char: g (103) to any virtual key
GetVirtualKey: Could not map char: f (102) to any virtual key
GetVirtualKey: Could not map char: f (102) to any virtual key
GetVirtualKey: Could not map char: a (97) to any virtual key
GetVirtualKey: Could not map char: a (97) to any virtual key
GetVirtualKey: Could not map char: c (99) to any virtual key
GetVirtualKey: Could not map char: u (117) to any virtual key
GetVirtualKey: Could not map char: n (110) to any virtual key
GetVirtualKey: Could not map char: o (111) to any virtual key
GetVirtualKey: Could not map char: s (115) to any virtual key
GetVirtualKey: Could not map char: s (115) to any virtual key
GetVirtualKey: Could not map char: b (98) to any virtual key
GetVirtualKey: Could not map char: b (98) to any virtual key
Total cache size 211526171
Total cache size after purge 211526171, took 00:00:00.6767894
Refreshing native plugins compatible for Editor in 7.26 ms, found 5 plugins.
Native extension for Android target not found
Native extension for UWP target not found
Native extension for WindowsStandalone target not found
[MODES] ModeService[none].Initialize
[MODES] ModeService[none].LoadModes
GetVirtualKey: Could not map char: z (122) to any virtual key
GetVirtualKey: Could not map char: y (121) to any virtual key
GetVirtualKey: Could not map char: x (120) to any virtual key
GetVirtualKey: Could not map char: c (99) to any virtual key
GetVirtualKey: Could not map char: v (118) to any virtual key
GetVirtualKey: Could not map char: V (86) to any virtual key
GetVirtualKey: Could not map char: d (100) to any virtual key
GetVirtualKey: Could not map char: f (102) to any virtual key
GetVirtualKey: Could not map char: f (102) to any virtual key
GetVirtualKey: Could not map char: a (97) to any virtual key
GetVirtualKey: Could not map char: d (100) to any virtual key
GetVirtualKey: Could not map char: c (99) to any virtual key
GetVirtualKey: Could not map char: r (114) to any virtual key
GetVirtualKey: Could not map char: i (105) to any virtual key
GetVirtualKey: Could not map char: l (108) to any virtual key
GetVirtualKey: Could not map char: f (102) to any virtual key
GetVirtualKey: Could not map char: k (107) to any virtual key
GetVirtualKey: Could not map char: p (112) to any virtual key
GetVirtualKey: Could not map char: p (112) to any virtual key
GetVirtualKey: Could not map char: p (112) to any virtual key
GetVirtualKey: Could not map char: c (99) to any virtual key
GetVirtualKey: Could not map char: r (114) to any virtual key
GetVirtualKey: Could not map char: P (80) to any virtual key
GetVirtualKey: Could not map char: n (110) to any virtual key
GetVirtualKey: Could not map char: n (110) to any virtual key
GetVirtualKey: Could not map char: g (103) to any virtual key
GetVirtualKey: Could not map char: f (102) to any virtual key
GetVirtualKey: Could not map char: f (102) to any virtual key
GetVirtualKey: Could not map char: a (97) to any virtual key
GetVirtualKey: Could not map char: a (97) to any virtual key
GetVirtualKey: Could not map char: n (110) to any virtual key
GetVirtualKey: Could not map char: o (111) to any virtual key
GetVirtualKey: Could not map char: s (115) to any virtual key
GetVirtualKey: Could not map char: s (115) to any virtual key
GetVirtualKey: Could not map char: b (98) to any virtual key
GetVirtualKey: Could not map char: b (98) to any virtual key
GetVirtualKey: Could not map char: c (99) to any virtual key
GetVirtualKey: Could not map char: u (117) to any virtual key
ScheduleIndexationOnStartup MainProcess:True IndexOnStartup:True
Mono: successfully reloaded assembly
- Finished resetting the current domain, in  3.418 seconds
Domain Reload Profiling: 8269ms
	BeginReloadAssembly (3111ms)
		DisableScriptedObjects (524ms)
		CreateAndSetChildDomain (1571ms)
	RebuildCommonClasses (41ms)
	RebuildNativeTypeToScriptingClass (57ms)
	initialDomainReloadingComplete (221ms)
	LoadAllAssembliesAndSetupDomain (1421ms)
		LoadAssemblies (531ms)
		AnalyzeDomain (808ms)
			TypeCache.Refresh (37ms)
			BuildScriptInfoCaches (734ms)
			ResolveRequiredComponents (33ms)
	FinalizeReload (3419ms)
		SetupLoadedEditorAssemblies (0ms)
			InitializePlatformSupportModulesInManaged (19ms)
			BeforeProcessingInitializeOnLoad (242ms)
			ProcessInitializeOnLoadAttributes (409ms)
			ProcessInitializeOnLoadMethodAttributes (172ms)
		AwakeInstancesAfterBackupRestoration (1250ms)

Asset Pipeline Refresh (id=dbd9391268382f748bf5010514d7c37d): Total: 8.724 seconds - Initiated by StopAssetImportingV2(ForceSynchronousImport | ForceDomainReload)
	(Values over 0.05ms)
	Summary:
		Imports: total=0 (actual=0, local cache=0, cache server=0)
		Asset DB Process Time: managed=0 ms, native=3710 ms
		Asset DB Callback time: managed=38 ms, native=0 ms
		Scripting: domain reloads=1, domain reload time=4972 ms, compile time=1 ms, other=0 ms
		Project Asset Count: scripts=1551, non-scripts=3230
		Asset File Changes: new=0, changed=0, moved=0, deleted=0
		Scan Filter Count: 0
	InvokePackagesCallback: 2.887ms
	ApplyChangesToAssetFolders: 0.891ms
	Collect global state as custom dependencies: 5.806ms
	ProcessAssetsWithTransientArtifactChanges: 15.599ms
	CategorizeAssets: 90.314ms
	CompileScripts: 1.479ms
	ImportOutOfDateAssets: 3487.300ms (3441.231ms without children)
		CollectScriptTypesHashes: 5.386ms
		ReloadNativeAssets: 1.190ms
		UnloadImportedAssets: 1.266ms
		EnsureUptoDateAssetsAreRegisteredWithGuidPM: 1.351ms
		ImportSchedulerStart: 42.227ms
	PostProcessAllAssets: 38.753ms
		MonoPostProcessAllAssets: 38.747ms
			AssetChangedListener.OnPostprocessAllAssets 19.653ms
			BuilderAssetPostprocessor.OnPostprocessAllAssets 18.924ms
			AssetPostprocessor.OnPostprocessAllAssets 14.580ms
			UniversalRenderPipelineGlobalSettingsPostprocessor.OnPostprocessAllAssets 12.895ms
			SpriteSlicePostprocessor.OnPostprocessAllAssets 9.262ms
			SyncVS.PostprocessSyncProject 4.539ms
			ShaderGraphAssetPostProcessor.OnPostprocessAllAssets 4.455ms
			RetainedModeAssetPostprocessor.OnPostprocessAllAssets 4.019ms
			SpeedTree9Postprocessor.OnPostprocessAllAssets 2.588ms
			WindowAssetPostprocessingWatcher.OnPostprocessAllAssets 2.502ms
			TMPro_TexturePostProcessor.OnPostprocessAllAssets 2.085ms
			SpriteShapeAssetPostProcessor.OnPostprocessAllAssets 1.847ms
			MaterialPostprocessor.OnPostprocessAllAssets 1.618ms
			SpriteEditorTexturePostprocessor.OnPostprocessAllAssets 1.496ms
			EditModeScopePostprocessor.OnPostprocessAllAssets 1.251ms
			UVCSAssetPostprocessor.OnPostprocessAllAssets 1.246ms
			InputActionJsonNameModifierAssetProcessor.OnPostprocessAllAssets 1.190ms
			SampleDependencyImporterPostProcessor.OnPostprocessAllAssets 1.179ms
			TextAssetPostProcessor.OnPostprocessAllAssets 1.098ms
			RenderPipelineGlobalSettingsPostprocessor.OnPostprocessAllAssets 0.945ms
			ArtifactBrowserPostProcessor.OnPostprocessAllAssets 0.925ms
			AudioMixerPostprocessor.OnPostprocessAllAssets 0.770ms
			ShaderReflectionAssetPostProcessor.OnPostprocessAllAssets 0.613ms
			PostProcessor.OnPostprocessAllAssets 0.596ms
			SamplePostprocessor.OnPostprocessAllAssets 0.591ms
			StyleCatalogPostProcessor.OnPostprocessAllAssets 0.550ms
			ConfigAssetsTracker.OnPostprocessAllAssets 0.523ms
			ScenarioDriftAssetsTracker.OnPostprocessAllAssets 0.516ms
			AssetEvents.OnPostprocessAllAssets 0.488ms
			SpeedTreePostProcessor.OnPostprocessAllAssets 0.430ms
			InputActionAssetPostprocessor.OnPostprocessAllAssets 0.416ms
			SpriteLibraryAssetPostprocessor.OnPostprocessAllAssets 0.398ms
			ReferencedClipsPostProcessor.OnPostprocessAllAssets 0.363ms
			PSDImportPostProcessor.OnPostprocessAllAssets 0.357ms
			ProjectSettingsPostprocessor.OnPostprocessAllAssets 0.317ms
			AssetProcessor.OnPostprocessAllAssets 0.230ms
			PSDImporterAssetPostProcessor.OnPostprocessAllAssets 0.220ms
			TerrainToolbarOverlayPostProcessor.OnPostprocessAllAssets 0.219ms
			AssetDatabaseCallbacks.OnPostprocessAllAssets 0.189ms
			AudioContainerPostProcessor.OnPostprocessAllAssets 0.188ms
	GatherAllCurrentPrimaryImportResultRevisions: 0.459ms
	PersistCurrentRevisions: 0.210ms
	GenerateScriptTypeHashes: 3.143ms
	GenerateScriptTypeSerializationHashes: 5.193ms
	Untracked: 5069.175ms

[Licensing::Client] Successfully resolved entitlement details
[Licensing::Client] Successfully resolved entitlement details
Asset Pipeline Refresh (id=90d7afd936e86ab4a889e8209cc8a165): Total: 0.003 seconds - Initiated by RefreshV2(AllowForceSynchronousImport)
[Licensing::Client] Successfully resolved entitlement details
Asset Pipeline Refresh (id=960c75b81fc824348b33de863475e3fb): Total: 0.005 seconds - Initiated by RefreshV2(AllowForceSynchronousImport)
MonoPathRemapper: Attempts to remap: 154262; Successful remaps: 22890
Serialized file version minimum: 22, current 23
[LAYOUT] About to save layout D:\UNITY\MyProjects\ari-tuner\AriTuner\UserSettings\Layouts\default-6000.dwlt
[LAYOUT] About to save layout C:/Users/vany/AppData/Roaming/Unity/Editor-5.x/Preferences\Layouts\current\default-6000.dwlt
Killing ADB server in 0,0672091 seconds.
Input System module state changed to: ShutdownInProgress.
Input Polling Thread exited.
Input System module state changed to: Shutdown.
[Physics::Module] Cleanup current backend.
[Physics::Module] Id: 0xf2b8ea05
[Licensing::IpcConnector] LicenseClient-vany-notifications channel disconnected successfully.
[Licensing::IpcConnector] LicenseClient-vany channel disconnected successfully.
AcceleratorClientConnectionCallback - disconnected - :0
Cleanup mono
CodeReloadManager destroyed
abort_threads: Failed aborting id: 0000000000002F60, mono_thread_manage will ignore it

abort_threads: Failed aborting id: 00000000000019C0, mono_thread_manage will ignore it

abort_threads: Failed aborting id: 0000000000003E3C, mono_thread_manage will ignore it

abort_threads: Failed aborting id: 0000000000002F60, mono_thread_manage will ignore it

abort_threads: Failed aborting id: 00000000000019C0, mono_thread_manage will ignore it

abort_threads: Failed aborting id: 0000000000003E3C, mono_thread_manage will ignore it

debugger-agent: Unable to listen on 3264
Checking for leaked weakptr:
  Found no leaked weakptrs.
[Package Manager] Server process was shutdown
##utp:{"type":"MemoryLeaks","version":2,"phase":"Immediate","time":1790851769881,"processId":9288,"allocatedMemory":55618097,"memoryLabels":[{"Default":234407},{"Permanent":15516},{"NewDelete":75005},{"Thread":4197560},{"Manager":819561},{"VertexData":8},{"Geometry":816},{"Texture":24},{"Shader":855276},{"Material":24},{"GfxDevice":55328},{"Animation":952},{"FreeType":8},{"FontEngine":736},{"Physics":2146},{"Physics2D":16},{"Serialization":449488},{"Input":45280},{"JobScheduler":256},{"TextLib":19030},{"Mono":48},{"MonoCode":128},{"ScriptingNativeRuntime":1798532},{"BaseObject":2039849},{"Resource":1208},{"Renderer":3080},{"Transform":4685},{"File":15893},{"WebCam":616},{"Culling":32},{"Terrain":11442},{"Wind":24},{"STL":40},{"String":10676},{"StaticString":3808},{"Utility":2673523},{"Curl":48},{"PoolAlloc":2360},{"AI":80},{"TypeTree":2143621},{"CodeReload":448},{"RuntimeInitializeOnLoadManager":64},{"Sprites":102},{"SpriteAtlas":120},{"GI":7816},{"Director":8296},{"CloudService":8248},{"WebRequest":11107},{"VR":47114},{"SceneManager":608},{"Video":208},{"LazyScriptCache":32},{"NativeArray":33072252},{"Camera":17},{"Secure":265},{"SerializationCache":1576},{"APIUpdating":10320},{"Subsystems":336},{"VirtualTexturing":57888},{"StaticSafetyDebugInfo":278528},{"Analytics":728},{"Hierarchy":1176},{"UIElements":954224},{"CoreStats":13688},{"Identifiers":6768},{"Gui":267858},{"EditorUtility":279877},{"VersionControl":8},{"Undo":931},{"AssetDatabase":5053852},{"AssetImporter":40},{"EditorGi":328},{"UnityConnect":35346},{"Upm":1988},{"UpmDiagnostics":8},{"AssetCompliance":64},{"DrivenProperties":72},{"LocalIPC":258},{"ProfilerEditor":9746},{"CoreBusinessMetrics":3478},{"Windowing":456},{"Licensing":776},{"AssetReference":32},{"IPCStream":32}]}
